(node:211) [DEP0169] DeprecationWarning: `url.parse()` behavior is not standardized and prone to errors that have security implications. Use the WHATWG URL API instead. CVEs are not issued for `url.parse()` vulnerabilities.
(Use `node --trace-deprecation ...` to show where the warning was created)
File not found: /app/code-server/lib/vscode/node_modules/vsda/rust/web/vsda.js
File not found: /app/code-server/lib/vscode/node_modules/vsda/rust/web/vsda_bg.wasm
File not found: /app/code-server/lib/vscode/node_modules/vsda/rust/web/vsda.js
File not found: /app/code-server/lib/vscode/node_modules/vsda/rust/web/vsda_bg.wasm
File not found: /app/code-server/lib/vscode/node_modules/vscode-regexp-languagedetection/dist/index.js
File not found: /app/code-server/lib/vscode/node_modules/@xterm/addon-ligatures/lib/addon-ligatures.js
a socket was left hanging
a socket was left hanging
a socket was left hanging
(node:212) [DEP0169] DeprecationWarning: `url.parse()` behavior is not standardized and prone to errors that have security implications. Use the WHATWG URL API instead. CVEs are not issued for `url.parse()` vulnerabilities.
(Use `node --trace-deprecation ...` to show where the warning was created)
[01:26:05] [10.4.10.10][bae4a5a8][ExtensionHostConnection] Unknown reconnection token (never seen).
[01:26:07] [10.4.10.10][338d3551][ManagementConnection] Unknown reconnection token (never seen).
File not found: /app/code-server/lib/vscode/node_modules/vsda/rust/web/vsda.js
File not found: /app/code-server/lib/vscode/node_modules/vsda/rust/web/vsda_bg.wasm
File not found: /app/code-server/lib/vscode/node_modules/@xterm/addon-ligatures/lib/addon-ligatures.js
File not found: /app/code-server/lib/vscode/node_modules/vsda/rust/web/vsda.js
File not found: /app/code-server/lib/vscode/node_modules/vsda/rust/web/vsda_bg.wasm
File not found: /app/code-server/lib/vscode/node_modules/vsda/rust/web/vsda.js
File not found: /app/code-server/lib/vscode/node_modules/vsda/rust/web/vsda_bg.wasm
File not found: /app/code-server/lib/vscode/node_modules/vsda/rust/web/vsda.js
File not found: /app/code-server/lib/vscode/node_modules/vsda/rust/web/vsda_bg.wasm
File not found: /app/code-server/lib/vscode/node_modules/vsda/rust/web/vsda_bg.wasm
File not found: /app/code-server/lib/vscode/node_modules/vsda/rust/web/vsda.js
File not found: /app/code-server/lib/vscode/node_modules/vsda/rust/web/vsda.js
File not found: /app/code-server/lib/vscode/node_modules/vsda/rust/web/vsda_bg.wasm
File not found: /app/code-server/lib/vscode/node_modules/vsda/rust/web/vsda.js
File not found: /app/code-server/lib/vscode/node_modules/vsda/rust/web/vsda_bg.wasm
File not found: /app/code-server/lib/vscode/extensions/github-authentication/dist/browser/extension.js
File not found: /app/code-server/lib/vscode/extensions/emmet/dist/browser/emmetBrowserMain.js
File not found: /app/code-server/lib/vscode/extensions/git-base/dist/browser/extension.js
File not found: /app/code-server/lib/vscode/extensions/merge-conflict/dist/browser/mergeConflictMain.js
File not found: /app/code-server/lib/vscode/extensions/emmet/dist/browser/emmetBrowserMain.js
File not found: /app/code-server/lib/vscode/extensions/github-authentication/dist/browser/extension.js
File not found: /app/code-server/lib/vscode/extensions/git-base/dist/browser/extension.js
File not found: /app/code-server/lib/vscode/extensions/merge-conflict/dist/browser/mergeConflictMain.js
File not found: /app/code-server/lib/vscode/node_modules/vsda/rust/web/vsda.js
File not found: /app/code-server/lib/vscode/node_modules/vsda/rust/web/vsda_bg.wasm
File not found: /app/code-server/lib/vscode/node_modules/vsda/rust/web/vsda.js
File not found: /app/code-server/lib/vscode/node_modules/vsda/rust/web/vsda_bg.wasm
File not found: /app/code-server/lib/vscode/node_modules/vsda/rust/web/vsda_bg.wasm
File not found: /app/code-server/lib/vscode/node_modules/vsda/rust/web/vsda.js
File not found: /app/code-server/lib/vscode/node_modules/vsda/rust/web/vsda_bg.wasm
File not found: /app/code-server/lib/vscode/node_modules/vsda/rust/web/vsda.js
File not found: /app/code-server/lib/vscode/node_modules/vsda/rust/web/vsda_bg.wasm
File not found: /app/code-server/lib/vscode/node_modules/vsda/rust/web/vsda.js
File not found: /app/code-server/lib/vscode/node_modules/@xterm/addon-ligatures/lib/addon-ligatures.js
File not found: /app/code-server/lib/vscode/node_modules/vsda/rust/web/vsda.js
File not found: /app/code-server/lib/vscode/node_modules/vsda/rust/web/vsda_bg.wasm
File not found: /app/code-server/lib/vscode/node_modules/vsda/rust/web/vsda_bg.wasm
File not found: /app/code-server/lib/vscode/node_modules/vsda/rust/web/vsda.js
File not found: /app/code-server/lib/vscode/node_modules/vsda/rust/web/vsda.js
File not found: /app/code-server/lib/vscode/node_modules/vsda/rust/web/vsda_bg.wasm
a socket was left hanging
a socket was left hanging
a socket was left hanging
a socket was left hanging
a socket was left hanging
a socket was left hanging
a socket was left hanging
a socket was left hanging
a socket was left hanging
a socket was left hanging
a socket was left hanging
a socket was left hanging
a socket was left hanging
a socket was left hanging
a socket was left hanging
a socket was left hanging
(node:214) [DEP0169] DeprecationWarning: `url.parse()` behavior is not standardized and prone to errors that have security implications. Use the WHATWG URL API instead. CVEs are not issued for `url.parse()` vulnerabilities.
(Use `node --trace-deprecation ...` to show where the warning was created)
[18:14:19] [172.20.0.1][bb3803df][ManagementConnection] Unknown reconnection token (never seen).
File not found: /app/code-server/lib/vscode/node_modules/vsda/rust/web/vsda.js
File not found: /app/code-server/lib/vscode/node_modules/vsda/rust/web/vsda_bg.wasm
File not found: /app/code-server/lib/vscode/node_modules/vsda/rust/web/vsda_bg.wasm
File not found: /app/code-server/lib/vscode/node_modules/vsda/rust/web/vsda.js
File not found: /app/code-server/lib/vscode/node_modules/vsda/rust/web/vsda_bg.wasm
File not found: /app/code-server/lib/vscode/node_modules/vsda/rust/web/vsda.js
File not found: /app/code-server/lib/vscode/node_modules/vscode-regexp-languagedetection/dist/index.js
File not found: /app/code-server/lib/vscode/node_modules/vsda/rust/web/vsda.js
File not found: /app/code-server/lib/vscode/node_modules/vsda/rust/web/vsda_bg.wasm
[20:44:00] RequestStore#acceptReply was called without receiving a matching request 78
[20:44:00] RequestStore#acceptReply was called without receiving a matching request 79
[20:44:00] RequestStore#acceptReply was called without receiving a matching request 80
[20:44:00] RequestStore#acceptReply was called without receiving a matching request 81
[20:44:00] RequestStore#acceptReply was called without receiving a matching request 82
[20:44:00] RequestStore#acceptReply was called without receiving a matching request 83
[20:44:00] RequestStore#acceptReply was called without receiving a matching request 84
[20:44:00] RequestStore#acceptReply was called without receiving a matching request 85
[20:44:00] RequestStore#acceptReply was called without receiving a matching request 86
[20:44:00] RequestStore#acceptReply was called without receiving a matching request 87
[20:44:00] RequestStore#acceptReply was called without receiving a matching request 88
[20:44:02] RequestStore#acceptReply was called without receiving a matching request 89
[20:44:02] RequestStore#acceptReply was called without receiving a matching request 90
[20:44:02] RequestStore#acceptReply was called without receiving a matching request 91
[20:44:02] RequestStore#acceptReply was called without receiving a matching request 92
[20:44:02] RequestStore#acceptReply was called without receiving a matching request 93
[20:44:02] RequestStore#acceptReply was called without receiving a matching request 94
[20:44:02] RequestStore#acceptReply was called without receiving a matching request 95
[20:44:02] RequestStore#acceptReply was called without receiving a matching request 96
[20:44:02] RequestStore#acceptReply was called without receiving a matching request 97
[20:44:02] RequestStore#acceptReply was called without receiving a matching request 98
[20:44:02] RequestStore#acceptReply was called without receiving a matching request 99
[20:44:03] RequestStore#acceptReply was called without receiving a matching request 100
[20:44:03] RequestStore#acceptReply was called without receiving a matching request 101
[20:44:03] RequestStore#acceptReply was called without receiving a matching request 102
[20:44:03] RequestStore#acceptReply was called without receiving a matching request 103
[20:44:03] RequestStore#acceptReply was called without receiving a matching request 104
[20:44:03] RequestStore#acceptReply was called without receiving a matching request 105
[20:44:03] RequestStore#acceptReply was called without receiving a matching request 106
[20:44:03] RequestStore#acceptReply was called without receiving a matching request 107
[20:44:03] RequestStore#acceptReply was called without receiving a matching request 108
[20:44:03] RequestStore#acceptReply was called without receiving a matching request 109
[20:44:03] RequestStore#acceptReply was called without receiving a matching request 110
File not found: /app/code-server/lib/vscode/node_modules/@xterm/addon-ligatures/lib/addon-ligatures.js
File not found: /app/code-server/lib/vscode/node_modules/@xterm/addon-ligatures/lib/addon-ligatures.js
File not found: /app/code-server/lib/vscode/node_modules/vsda/rust/web/vsda.js
File not found: /app/code-server/lib/vscode/node_modules/vsda/rust/web/vsda_bg.wasm
[21:27:29] RequestStore#acceptReply was called without receiving a matching request 111
[21:27:29] RequestStore#acceptReply was called without receiving a matching request 112
[21:27:29] RequestStore#acceptReply was called without receiving a matching request 113
[21:27:29] RequestStore#acceptReply was called without receiving a matching request 114
[21:27:29] RequestStore#acceptReply was called without receiving a matching request 115
[21:27:29] RequestStore#acceptReply was called without receiving a matching request 116
[21:27:29] RequestStore#acceptReply was called without receiving a matching request 117
[21:27:29] RequestStore#acceptReply was called without receiving a matching request 118
[21:27:29] RequestStore#acceptReply was called without receiving a matching request 119
[21:27:29] RequestStore#acceptReply was called without receiving a matching request 120
[21:27:29] RequestStore#acceptReply was called without receiving a matching request 121
[21:27:29] RequestStore#acceptReply was called without receiving a matching request 122
[21:27:29] RequestStore#acceptReply was called without receiving a matching request 123
[21:27:29] RequestStore#acceptReply was called without receiving a matching request 124
[21:27:29] RequestStore#acceptReply was called without receiving a matching request 125
[21:27:29] RequestStore#acceptReply was called without receiving a matching request 126
[21:27:29] RequestStore#acceptReply was called without receiving a matching request 127
[21:27:29] RequestStore#acceptReply was called without receiving a matching request 128
[21:27:29] RequestStore#acceptReply was called without receiving a matching request 129
[21:27:29] RequestStore#acceptReply was called without receiving a matching request 130
[21:27:29] RequestStore#acceptReply was called without receiving a matching request 131
[21:27:29] RequestStore#acceptReply was called without receiving a matching request 132
[21:27:29] RequestStore#acceptReply was called without receiving a matching request 133
[21:27:29] RequestStore#acceptReply was called without receiving a matching request 134
[21:27:29] RequestStore#acceptReply was called without receiving a matching request 135
[21:27:29] RequestStore#acceptReply was called without receiving a matching request 136
[21:27:29] RequestStore#acceptReply was called without receiving a matching request 137
[21:27:29] RequestStore#acceptReply was called without receiving a matching request 138
[21:27:29] RequestStore#acceptReply was called without receiving a matching request 139
[21:27:29] RequestStore#acceptReply was called without receiving a matching request 140
[21:27:29] RequestStore#acceptReply was called without receiving a matching request 141
[21:27:29] RequestStore#acceptReply was called without receiving a matching request 142
[21:27:29] RequestStore#acceptReply was called without receiving a matching request 143
File not found: /app/code-server/lib/vscode/node_modules/vsda/rust/web/vsda.js
File not found: /app/code-server/lib/vscode/node_modules/vsda/rust/web/vsda_bg.wasm
[21:30:29] RequestStore#acceptReply was called without receiving a matching request 144
[21:30:29] RequestStore#acceptReply was called without receiving a matching request 145
[21:30:29] RequestStore#acceptReply was called without receiving a matching request 146
[21:30:29] RequestStore#acceptReply was called without receiving a matching request 147
[21:30:29] RequestStore#acceptReply was called without receiving a matching request 148
[21:30:29] RequestStore#acceptReply was called without receiving a matching request 149
[21:30:29] RequestStore#acceptReply was called without receiving a matching request 150
[21:30:29] RequestStore#acceptReply was called without receiving a matching request 151
[21:30:29] RequestStore#acceptReply was called without receiving a matching request 152
[21:30:29] RequestStore#acceptReply was called without receiving a matching request 153
[21:30:29] RequestStore#acceptReply was called without receiving a matching request 154
[21:30:29] RequestStore#acceptReply was called without receiving a matching request 155
[21:30:29] RequestStore#acceptReply was called without receiving a matching request 156
[21:30:29] RequestStore#acceptReply was called without receiving a matching request 157
[21:30:29] RequestStore#acceptReply was called without receiving a matching request 158
[21:30:29] RequestStore#acceptReply was called without receiving a matching request 159
[21:30:29] RequestStore#acceptReply was called without receiving a matching request 160
[21:30:29] RequestStore#acceptReply was called without receiving a matching request 161
[21:30:29] RequestStore#acceptReply was called without receiving a matching request 162
[21:30:29] RequestStore#acceptReply was called without receiving a matching request 163
[21:30:29] RequestStore#acceptReply was called without receiving a matching request 164
[21:30:29] RequestStore#acceptReply was called without receiving a matching request 165
[21:30:29] RequestStore#acceptReply was called without receiving a matching request 166
[21:30:29] RequestStore#acceptReply was called without receiving a matching request 167
[21:30:29] RequestStore#acceptReply was called without receiving a matching request 168
[21:30:29] RequestStore#acceptReply was called without receiving a matching request 169
[21:30:29] RequestStore#acceptReply was called without receiving a matching request 170
[21:30:29] RequestStore#acceptReply was called without receiving a matching request 171
[21:30:29] RequestStore#acceptReply was called without receiving a matching request 172
[21:30:29] RequestStore#acceptReply was called without receiving a matching request 173
[21:30:29] RequestStore#acceptReply was called without receiving a matching request 174
[21:30:29] RequestStore#acceptReply was called without receiving a matching request 175
[21:30:29] RequestStore#acceptReply was called without receiving a matching request 176
File not found: /app/code-server/lib/vscode/node_modules/@xterm/addon-ligatures/lib/addon-ligatures.js
File not found: /app/code-server/lib/vscode/node_modules/vsda/rust/web/vsda.js
File not found: /app/code-server/lib/vscode/node_modules/vsda/rust/web/vsda_bg.wasm
File not found: /app/code-server/lib/vscode/node_modules/@xterm/addon-ligatures/lib/addon-ligatures.js
[21:32:29] RequestStore#acceptReply was called without receiving a matching request 177
[21:32:29] RequestStore#acceptReply was called without receiving a matching request 178
[21:32:29] RequestStore#acceptReply was called without receiving a matching request 179
[21:32:29] RequestStore#acceptReply was called without receiving a matching request 180
[21:32:29] RequestStore#acceptReply was called without receiving a matching request 181
[21:32:29] RequestStore#acceptReply was called without receiving a matching request 182
[21:32:29] RequestStore#acceptReply was called without receiving a matching request 183
[21:32:29] RequestStore#acceptReply was called without receiving a matching request 184
[21:32:29] RequestStore#acceptReply was called without receiving a matching request 185
[21:32:29] RequestStore#acceptReply was called without receiving a matching request 186
[21:32:29] RequestStore#acceptReply was called without receiving a matching request 187
[21:32:29] RequestStore#acceptReply was called without receiving a matching request 188
[21:32:29] RequestStore#acceptReply was called without receiving a matching request 189
[21:32:29] RequestStore#acceptReply was called without receiving a matching request 190
[21:32:29] RequestStore#acceptReply was called without receiving a matching request 191
[21:32:29] RequestStore#acceptReply was called without receiving a matching request 192
[21:32:29] RequestStore#acceptReply was called without receiving a matching request 193
[21:32:29] RequestStore#acceptReply was called without receiving a matching request 194
[21:32:29] RequestStore#acceptReply was called without receiving a matching request 195
[21:32:29] RequestStore#acceptReply was called without receiving a matching request 196
[21:32:29] RequestStore#acceptReply was called without receiving a matching request 197
[21:32:29] RequestStore#acceptReply was called without receiving a matching request 198
[21:32:29] RequestStore#acceptReply was called without receiving a matching request 199
[21:32:29] RequestStore#acceptReply was called without receiving a matching request 200
[21:32:29] RequestStore#acceptReply was called without receiving a matching request 201
[21:32:29] RequestStore#acceptReply was called without receiving a matching request 202
[21:32:29] RequestStore#acceptReply was called without receiving a matching request 203
[21:32:29] RequestStore#acceptReply was called without receiving a matching request 204
[21:32:29] RequestStore#acceptReply was called without receiving a matching request 205
[21:32:29] RequestStore#acceptReply was called without receiving a matching request 206
[21:32:29] RequestStore#acceptReply was called without receiving a matching request 207
[21:32:29] RequestStore#acceptReply was called without receiving a matching request 208
[21:32:29] RequestStore#acceptReply was called without receiving a matching request 209
File not found: /app/code-server/lib/vscode/node_modules/vsda/rust/web/vsda.js
File not found: /app/code-server/lib/vscode/node_modules/vsda/rust/web/vsda_bg.wasm
File not found: /app/code-server/lib/vscode/node_modules/@xterm/addon-ligatures/lib/addon-ligatures.js
File not found: /app/code-server/lib/vscode/node_modules/vscode-regexp-languagedetection/dist/index.js
[21:38:29] RequestStore#acceptReply was called without receiving a matching request 210
[21:38:29] RequestStore#acceptReply was called without receiving a matching request 211
[21:38:29] RequestStore#acceptReply was called without receiving a matching request 212
[21:38:29] RequestStore#acceptReply was called without receiving a matching request 213
[21:38:29] RequestStore#acceptReply was called without receiving a matching request 214
[21:38:29] RequestStore#acceptReply was called without receiving a matching request 215
[21:38:29] RequestStore#acceptReply was called without receiving a matching request 216
[21:38:29] RequestStore#acceptReply was called without receiving a matching request 217
[21:38:29] RequestStore#acceptReply was called without receiving a matching request 218
[21:38:29] RequestStore#acceptReply was called without receiving a matching request 219
[21:38:29] RequestStore#acceptReply was called without receiving a matching request 220
[21:38:29] RequestStore#acceptReply was called without receiving a matching request 221
[21:38:29] RequestStore#acceptReply was called without receiving a matching request 222
[21:38:29] RequestStore#acceptReply was called without receiving a matching request 223
[21:38:29] RequestStore#acceptReply was called without receiving a matching request 224
[21:38:29] RequestStore#acceptReply was called without receiving a matching request 225
[21:38:29] RequestStore#acceptReply was called without receiving a matching request 226
[21:38:29] RequestStore#acceptReply was called without receiving a matching request 227
[21:38:29] RequestStore#acceptReply was called without receiving a matching request 228
[21:38:29] RequestStore#acceptReply was called without receiving a matching request 229
[21:38:29] RequestStore#acceptReply was called without receiving a matching request 230
[21:38:29] RequestStore#acceptReply was called without receiving a matching request 231
[21:38:29] RequestStore#acceptReply was called without receiving a matching request 232
[21:38:29] RequestStore#acceptReply was called without receiving a matching request 233
[21:38:29] RequestStore#acceptReply was called without receiving a matching request 234
[21:38:29] RequestStore#acceptReply was called without receiving a matching request 235
[21:38:29] RequestStore#acceptReply was called without receiving a matching request 236
[21:38:29] RequestStore#acceptReply was called without receiving a matching request 237
[21:38:29] RequestStore#acceptReply was called without receiving a matching request 238
[21:38:29] RequestStore#acceptReply was called without receiving a matching request 239
[21:38:29] RequestStore#acceptReply was called without receiving a matching request 240
[21:38:29] RequestStore#acceptReply was called without receiving a matching request 241
[21:38:29] RequestStore#acceptReply was called without receiving a matching request 242
[IPC Library: Pty Host] xterm.js: Parsing error:  {
  position: 37692,
  code: 160,
  currentState: 14,
  collect: 0,
  params: {
    maxLength: 32,
    maxSubParamsLength: 32,
    params: {
      '0': 0,
      '1': 31,
      '2': 0,
      '3': 0,
      '4': 0,
      '5': 0,
      '6': 0,
      '7': 0,
      '8': 0,
      '9': 0,
      '10': 0,
      '11': 0,
      '12': 0,
      '13': 0,
      '14': 0,
      '15': 0,
      '16': 0,
      '17': 0,
      '18': 0,
      '19': 0,
      '20': 0,
      '21': 0,
      '22': 0,
      '23': 0,
      '24': 0,
      '25': 0,
      '26': 0,
      '27': 0,
      '28': 0,
      '29': 0,
      '30': 0,
      '31': 0
    },
    length: 1,
    _subParams: {
      '0': 0,
      '1': 0,
      '2': 0,
      '3': 0,
      '4': 0,
      '5': 0,
      '6': 0,
      '7': 0,
      '8': 0,
      '9': 0,
      '10': 0,
      '11': 0,
      '12': 0,
      '13': 0,
      '14': 0,
      '15': 0,
      '16': 0,
      '17': 0,
      '18': 0,
      '19': 0,
      '20': 0,
      '21': 0,
      '22': 0,
      '23': 0,
      '24': 0,
      '25': 0,
      '26': 0,
      '27': 0,
      '28': 0,
      '29': 0,
      '30': 0,
      '31': 0
    },
    _subParamsLength: 0,
    _subParamsIdx: {
      '0': 0,
      '1': 0,
      '2': 0,
      '3': 0,
      '4': 0,
      '5': 0,
      '6': 0,
      '7': 0,
      '8': 0,
      '9': 0,
      '10': 0,
      '11': 0,
      '12': 0,
      '13': 0,
      '14': 0,
      '15': 0,
      '16': 0,
      '17': 0,
      '18': 0,
      '19': 0,
      '20': 0,
      '21': 0,
      '22': 0,
      '23': 0,
      '24': 0,
      '25': 0,
      '26': 0,
      '27': 0,
      '28': 0,
      '29': 0,
      '30': 0,
      '31': 0
    },
    _rejectDigits: false,
    _rejectSubDigits: false,
    _digitIsSub: false
  },
  abort: false
}
[IPC Library: Pty Host] xterm.js: Parsing error:  {
  position: 37872,
  code: 160,
  currentState: 14,
  collect: 0,
  params: {
    maxLength: 32,
    maxSubParamsLength: 32,
    params: {
      '0': 0,
      '1': 31,
      '2': 0,
      '3': 0,
      '4': 0,
      '5': 0,
      '6': 0,
      '7': 0,
      '8': 0,
      '9': 0,
      '10': 0,
      '11': 0,
      '12': 0,
      '13': 0,
      '14': 0,
      '15': 0,
      '16': 0,
      '17': 0,
      '18': 0,
      '19': 0,
      '20': 0,
      '21': 0,
      '22': 0,
      '23': 0,
      '24': 0,
      '25': 0,
      '26': 0,
      '27': 0,
      '28': 0,
      '29': 0,
      '30': 0,
      '31': 0
    },
    length: 1,
    _subParams: {
      '0': 0,
      '1': 0,
      '2': 0,
      '3': 0,
      '4': 0,
      '5': 0,
      '6': 0,
      '7': 0,
      '8': 0,
      '9': 0,
      '10': 0,
      '11': 0,
      '12': 0,
      '13': 0,
      '14': 0,
      '15': 0,
      '16': 0,
      '17': 0,
      '18': 0,
      '19': 0,
      '20': 0,
      '21': 0,
      '22': 0,
      '23': 0,
      '24': 0,
      '25': 0,
      '26': 0,
      '27': 0,
      '28': 0,
      '29': 0,
      '30': 0,
      '31': 0
    },
    _subParamsLength: 0,
    _subParamsIdx: {
      '0': 0,
      '1': 0,
      '2': 0,
      '3': 0,
      '4': 0,
      '5': 0,
      '6': 0,
      '7': 0,
      '8': 0,
      '9': 0,
      '10': 0,
      '11': 0,
      '12': 0,
      '13': 0,
      '14': 0,
      '15': 0,
      '16': 0,
      '17': 0,
      '18': 0,
      '19': 0,
      '20': 0,
      '21': 0,
      '22': 0,
      '23': 0,
      '24': 0,
      '25': 0,
      '26': 0,
      '27': 0,
      '28': 0,
      '29': 0,
      '30': 0,
      '31': 0
    },
    _rejectDigits: false,
    _rejectSubDigits: false,
    _digitIsSub: false
  },
  abort: false
}
[IPC Library: Pty Host] xterm.js: Parsing error:  {
  position: 38052,
  code: 160,
  currentState: 14,
  collect: 0,
  params: {
    maxLength: 32,
    maxSubParamsLength: 32,
    params: {
      '0': 0,
      '1': 31,
      '2': 0,
      '3': 0,
      '4': 0,
      '5': 0,
      '6': 0,
      '7': 0,
      '8': 0,
      '9': 0,
      '10': 0,
      '11': 0,
      '12': 0,
      '13': 0,
      '14': 0,
      '15': 0,
      '16': 0,
      '17': 0,
      '18': 0,
      '19': 0,
      '20': 0,
      '21': 0,
      '22': 0,
      '23': 0,
      '24': 0,
      '25': 0,
      '26': 0,
      '27': 0,
      '28': 0,
      '29': 0,
      '30': 0,
      '31': 0
    },
    length: 1,
    _subParams: {
      '0': 0,
      '1': 0,
      '2': 0,
      '3': 0,
      '4': 0,
      '5': 0,
      '6': 0,
      '7': 0,
      '8': 0,
      '9': 0,
      '10': 0,
      '11': 0,
      '12': 0,
      '13': 0,
      '14': 0,
      '15': 0,
      '16': 0,
      '17': 0,
      '18': 0,
      '19': 0,
      '20': 0,
      '21': 0,
      '22': 0,
      '23': 0,
      '24': 0,
      '25': 0,
      '26': 0,
      '27': 0,
      '28': 0,
      '29': 0,
      '30': 0,
      '31': 0
    },
    _subParamsLength: 0,
    _subParamsIdx: {
      '0': 0,
      '1': 0,
      '2': 0,
      '3': 0,
      '4': 0,
      '5': 0,
      '6': 0,
      '7': 0,
      '8': 0,
      '9': 0,
      '10': 0,
      '11': 0,
      '12': 0,
      '13': 0,
      '14': 0,
      '15': 0,
      '16': 0,
      '17': 0,
      '18': 0,
      '19': 0,
      '20': 0,
      '21': 0,
      '22': 0,
      '23': 0,
      '24': 0,
      '25': 0,
      '26': 0,
      '27': 0,
      '28': 0,
      '29': 0,
      '30': 0,
      '31': 0
    },
    _rejectDigits: false,
    _rejectSubDigits: false,
    _digitIsSub: false
  },
  abort: false
}
[IPC Library: Pty Host] xterm.js: Parsing error:  {
  position: 38232,
  code: 160,
  currentState: 14,
  collect: 0,
  params: {
    maxLength: 32,
    maxSubParamsLength: 32,
    params: {
      '0': 0,
      '1': 31,
      '2': 0,
      '3': 0,
      '4': 0,
      '5': 0,
      '6': 0,
      '7': 0,
      '8': 0,
      '9': 0,
      '10': 0,
      '11': 0,
      '12': 0,
      '13': 0,
      '14': 0,
      '15': 0,
      '16': 0,
      '17': 0,
      '18': 0,
      '19': 0,
      '20': 0,
      '21': 0,
      '22': 0,
      '23': 0,
      '24': 0,
      '25': 0,
      '26': 0,
      '27': 0,
      '28': 0,
      '29': 0,
      '30': 0,
      '31': 0
    },
    length: 1,
    _subParams: {
      '0': 0,
      '1': 0,
      '2': 0,
      '3': 0,
      '4': 0,
      '5': 0,
      '6': 0,
      '7': 0,
      '8': 0,
      '9': 0,
      '10': 0,
      '11': 0,
      '12': 0,
      '13': 0,
      '14': 0,
      '15': 0,
      '16': 0,
      '17': 0,
      '18': 0,
      '19': 0,
      '20': 0,
      '21': 0,
      '22': 0,
      '23': 0,
      '24': 0,
      '25': 0,
      '26': 0,
      '27': 0,
      '28': 0,
      '29': 0,
      '30': 0,
      '31': 0
    },
    _subParamsLength: 0,
    _subParamsIdx: {
      '0': 0,
      '1': 0,
      '2': 0,
      '3': 0,
      '4': 0,
      '5': 0,
      '6': 0,
      '7': 0,
      '8': 0,
      '9': 0,
      '10': 0,
      '11': 0,
      '12': 0,
      '13': 0,
      '14': 0,
      '15': 0,
      '16': 0,
      '17': 0,
      '18': 0,
      '19': 0,
      '20': 0,
      '21': 0,
      '22': 0,
      '23': 0,
      '24': 0,
      '25': 0,
      '26': 0,
      '27': 0,
      '28': 0,
      '29': 0,
      '30': 0,
      '31': 0
    },
    _rejectDigits: false,
    _rejectSubDigits: false,
    _digitIsSub: false
  },
  abort: false
}
[IPC Library: Pty Host] xterm.js: Parsing error:  {
  position: 38412,
  code: 160,
  currentState: 14,
  collect: 0,
  params: {
    maxLength: 32,
    maxSubParamsLength: 32,
    params: {
      '0': 0,
      '1': 31,
      '2': 0,
      '3': 0,
      '4': 0,
      '5': 0,
      '6': 0,
      '7': 0,
      '8': 0,
      '9': 0,
      '10': 0,
      '11': 0,
      '12': 0,
      '13': 0,
      '14': 0,
      '15': 0,
      '16': 0,
      '17': 0,
      '18': 0,
      '19': 0,
      '20': 0,
      '21': 0,
      '22': 0,
      '23': 0,
      '24': 0,
      '25': 0,
      '26': 0,
      '27': 0,
      '28': 0,
      '29': 0,
      '30': 0,
      '31': 0
    },
    length: 1,
    _subParams: {
      '0': 0,
      '1': 0,
      '2': 0,
      '3': 0,
      '4': 0,
      '5': 0,
      '6': 0,
      '7': 0,
      '8': 0,
      '9': 0,
      '10': 0,
      '11': 0,
      '12': 0,
      '13': 0,
      '14': 0,
      '15': 0,
      '16': 0,
      '17': 0,
      '18': 0,
      '19': 0,
      '20': 0,
      '21': 0,
      '22': 0,
      '23': 0,
      '24': 0,
      '25': 0,
      '26': 0,
      '27': 0,
      '28': 0,
      '29': 0,
      '30': 0,
      '31': 0
    },
    _subParamsLength: 0,
    _subParamsIdx: {
      '0': 0,
      '1': 0,
      '2': 0,
      '3': 0,
      '4': 0,
      '5': 0,
      '6': 0,
      '7': 0,
      '8': 0,
      '9': 0,
      '10': 0,
      '11': 0,
      '12': 0,
      '13': 0,
      '14': 0,
      '15': 0,
      '16': 0,
      '17': 0,
      '18': 0,
      '19': 0,
      '20': 0,
      '21': 0,
      '22': 0,
      '23': 0,
      '24': 0,
      '25': 0,
      '26': 0,
      '27': 0,
      '28': 0,
      '29': 0,
      '30': 0,
      '31': 0
    },
    _rejectDigits: false,
    _rejectSubDigits: false,
    _digitIsSub: false
  },
  abort: false
}
[IPC Library: Pty Host] xterm.js: Parsing error:  {
  position: 38592,
  code: 160,
  currentState: 14,
  collect: 0,
  params: {
    maxLength: 32,
    maxSubParamsLength: 32,
    params: {
      '0': 0,
      '1': 31,
      '2': 0,
      '3': 0,
      '4': 0,
      '5': 0,
      '6': 0,
      '7': 0,
      '8': 0,
      '9': 0,
      '10': 0,
      '11': 0,
      '12': 0,
      '13': 0,
      '14': 0,
      '15': 0,
      '16': 0,
      '17': 0,
      '18': 0,
      '19': 0,
      '20': 0,
      '21': 0,
      '22': 0,
      '23': 0,
      '24': 0,
      '25': 0,
      '26': 0,
      '27': 0,
      '28': 0,
      '29': 0,
      '30': 0,
      '31': 0
    },
    length: 1,
    _subParams: {
      '0': 0,
      '1': 0,
      '2': 0,
      '3': 0,
      '4': 0,
      '5': 0,
      '6': 0,
      '7': 0,
      '8': 0,
      '9': 0,
      '10': 0,
      '11': 0,
      '12': 0,
      '13': 0,
      '14': 0,
      '15': 0,
      '16': 0,
      '17': 0,
      '18': 0,
      '19': 0,
      '20': 0,
      '21': 0,
      '22': 0,
      '23': 0,
      '24': 0,
      '25': 0,
      '26': 0,
      '27': 0,
      '28': 0,
      '29': 0,
      '30': 0,
      '31': 0
    },
    _subParamsLength: 0,
    _subParamsIdx: {
      '0': 0,
      '1': 0,
      '2': 0,
      '3': 0,
      '4': 0,
      '5': 0,
      '6': 0,
      '7': 0,
      '8': 0,
      '9': 0,
      '10': 0,
      '11': 0,
      '12': 0,
      '13': 0,
      '14': 0,
      '15': 0,
      '16': 0,
      '17': 0,
      '18': 0,
      '19': 0,
      '20': 0,
      '21': 0,
      '22': 0,
      '23': 0,
      '24': 0,
      '25': 0,
      '26': 0,
      '27': 0,
      '28': 0,
      '29': 0,
      '30': 0,
      '31': 0
    },
    _rejectDigits: false,
    _rejectSubDigits: false,
    _digitIsSub: false
  },
  abort: false
}
[IPC Library: Pty Host] xterm.js: Parsing error:  {
  position: 38772,
  code: 160,
  currentState: 14,
  collect: 0,
  params: {
    maxLength: 32,
    maxSubParamsLength: 32,
    params: {
      '0': 0,
      '1': 31,
      '2': 0,
      '3': 0,
      '4': 0,
      '5': 0,
      '6': 0,
      '7': 0,
      '8': 0,
      '9': 0,
      '10': 0,
      '11': 0,
      '12': 0,
      '13': 0,
      '14': 0,
      '15': 0,
      '16': 0,
      '17': 0,
      '18': 0,
      '19': 0,
      '20': 0,
      '21': 0,
      '22': 0,
      '23': 0,
      '24': 0,
      '25': 0,
      '26': 0,
      '27': 0,
      '28': 0,
      '29': 0,
      '30': 0,
      '31': 0
    },
    length: 1,
    _subParams: {
      '0': 0,
      '1': 0,
      '2': 0,
      '3': 0,
      '4': 0,
      '5': 0,
      '6': 0,
      '7': 0,
      '8': 0,
      '9': 0,
      '10': 0,
      '11': 0,
      '12': 0,
      '13': 0,
      '14': 0,
      '15': 0,
      '16': 0,
      '17': 0,
      '18': 0,
      '19': 0,
      '20': 0,
      '21': 0,
      '22': 0,
      '23': 0,
      '24': 0,
      '25': 0,
      '26': 0,
      '27': 0,
      '28': 0,
      '29': 0,
      '30': 0,
      '31': 0
    },
    _subParamsLength: 0,
    _subParamsIdx: {
      '0': 0,
      '1': 0,
      '2': 0,
      '3': 0,
      '4': 0,
      '5': 0,
      '6': 0,
      '7': 0,
      '8': 0,
      '9': 0,
      '10': 0,
      '11': 0,
      '12': 0,
      '13': 0,
      '14': 0,
      '15': 0,
      '16': 0,
      '17': 0,
      '18': 0,
      '19': 0,
      '20': 0,
      '21': 0,
      '22': 0,
      '23': 0,
      '24': 0,
      '25': 0,
      '26': 0,
      '27': 0,
      '28': 0,
      '29': 0,
      '30': 0,
      '31': 0
    },
    _rejectDigits: false,
    _rejectSubDigits: false,
    _digitIsSub: false
  },
  abort: false
}
[IPC Library: Pty Host] xterm.js: Parsing error:  {
  position: 38952,
  code: 160,
  currentState: 14,
  collect: 0,
  params: {
    maxLength: 32,
    maxSubParamsLength: 32,
    params: {
      '0': 0,
      '1': 31,
      '2': 0,
      '3': 0,
      '4': 0,
      '5': 0,
      '6': 0,
      '7': 0,
      '8': 0,
      '9': 0,
      '10': 0,
      '11': 0,
      '12': 0,
      '13': 0,
      '14': 0,
      '15': 0,
      '16': 0,
      '17': 0,
      '18': 0,
      '19': 0,
      '20': 0,
      '21': 0,
      '22': 0,
      '23': 0,
      '24': 0,
      '25': 0,
      '26': 0,
      '27': 0,
      '28': 0,
      '29': 0,
      '30': 0,
      '31': 0
    },
    length: 1,
    _subParams: {
      '0': 0,
      '1': 0,
      '2': 0,
      '3': 0,
      '4': 0,
      '5': 0,
      '6': 0,
      '7': 0,
      '8': 0,
      '9': 0,
      '10': 0,
      '11': 0,
      '12': 0,
      '13': 0,
      '14': 0,
      '15': 0,
      '16': 0,
      '17': 0,
      '18': 0,
      '19': 0,
      '20': 0,
      '21': 0,
      '22': 0,
      '23': 0,
      '24': 0,
      '25': 0,
      '26': 0,
      '27': 0,
      '28': 0,
      '29': 0,
      '30': 0,
      '31': 0
    },
    _subParamsLength: 0,
    _subParamsIdx: {
      '0': 0,
      '1': 0,
      '2': 0,
      '3': 0,
      '4': 0,
      '5': 0,
      '6': 0,
      '7': 0,
      '8': 0,
      '9': 0,
      '10': 0,
      '11': 0,
      '12': 0,
      '13': 0,
      '14': 0,
      '15': 0,
      '16': 0,
      '17': 0,
      '18': 0,
      '19': 0,
      '20': 0,
      '21': 0,
      '22': 0,
      '23': 0,
      '24': 0,
      '25': 0,
      '26': 0,
      '27': 0,
      '28': 0,
      '29': 0,
      '30': 0,
      '31': 0
    },
    _rejectDigits: false,
    _rejectSubDigits: false,
    _digitIsSub: false
  },
  abort: false
}
[IPC Library: Pty Host] xterm.js: Parsing error:  {
  position: 39132,
  code: 160,
  currentState: 14,
  collect: 0,
  params: {
    maxLength: 32,
    maxSubParamsLength: 32,
    params: {
      '0': 0,
      '1': 31,
      '2': 0,
      '3': 0,
      '4': 0,
      '5': 0,
      '6': 0,
      '7': 0,
      '8': 0,
      '9': 0,
      '10': 0,
      '11': 0,
      '12': 0,
      '13': 0,
      '14': 0,
      '15': 0,
      '16': 0,
      '17': 0,
      '18': 0,
      '19': 0,
      '20': 0,
      '21': 0,
      '22': 0,
      '23': 0,
      '24': 0,
      '25': 0,
      '26': 0,
      '27': 0,
      '28': 0,
      '29': 0,
      '30': 0,
      '31': 0
    },
    length: 1,
    _subParams: {
      '0': 0,
      '1': 0,
      '2': 0,
      '3': 0,
      '4': 0,
      '5': 0,
      '6': 0,
      '7': 0,
      '8': 0,
      '9': 0,
      '10': 0,
      '11': 0,
      '12': 0,
      '13': 0,
      '14': 0,
      '15': 0,
      '16': 0,
      '17': 0,
      '18': 0,
      '19': 0,
      '20': 0,
      '21': 0,
      '22': 0,
      '23': 0,
      '24': 0,
      '25': 0,
      '26': 0,
      '27': 0,
      '28': 0,
      '29': 0,
      '30': 0,
      '31': 0
    },
    _subParamsLength: 0,
    _subParamsIdx: {
      '0': 0,
      '1': 0,
      '2': 0,
      '3': 0,
      '4': 0,
      '5': 0,
      '6': 0,
      '7': 0,
      '8': 0,
      '9': 0,
      '10': 0,
      '11': 0,
      '12': 0,
      '13': 0,
      '14': 0,
      '15': 0,
      '16': 0,
      '17': 0,
      '18': 0,
      '19': 0,
      '20': 0,
      '21': 0,
      '22': 0,
      '23': 0,
      '24': 0,
      '25': 0,
      '26': 0,
      '27': 0,
      '28': 0,
      '29': 0,
      '30': 0,
      '31': 0
    },
    _rejectDigits: false,
    _rejectSubDigits: false,
    _digitIsSub: false
  },
  abort: false
}
[IPC Library: Pty Host] xterm.js: Parsing error:  {
  position: 39313,
  code: 160,
  currentState: 14,
  collect: 0,
  params: {
    maxLength: 32,
    maxSubParamsLength: 32,
    params: {
      '0': 0,
      '1': 31,
      '2': 0,
      '3': 0,
      '4': 0,
      '5': 0,
      '6': 0,
      '7': 0,
      '8': 0,
      '9': 0,
      '10': 0,
      '11': 0,
      '12': 0,
      '13': 0,
      '14': 0,
      '15': 0,
      '16': 0,
      '17': 0,
      '18': 0,
      '19': 0,
      '20': 0,
      '21': 0,
      '22': 0,
      '23': 0,
      '24': 0,
      '25': 0,
      '26': 0,
      '27': 0,
      '28': 0,
      '29': 0,
      '30': 0,
      '31': 0
    },
    length: 1,
    _subParams: {
      '0': 0,
      '1': 0,
      '2': 0,
      '3': 0,
      '4': 0,
      '5': 0,
      '6': 0,
      '7': 0,
      '8': 0,
      '9': 0,
      '10': 0,
      '11': 0,
      '12': 0,
      '13': 0,
      '14': 0,
      '15': 0,
      '16': 0,
      '17': 0,
      '18': 0,
      '19': 0,
      '20': 0,
      '21': 0,
      '22': 0,
      '23': 0,
      '24': 0,
      '25': 0,
      '26': 0,
      '27': 0,
      '28': 0,
      '29': 0,
      '30': 0,
      '31': 0
    },
    _subParamsLength: 0,
    _subParamsIdx: {
      '0': 0,
      '1': 0,
      '2': 0,
      '3': 0,
      '4': 0,
      '5': 0,
      '6': 0,
      '7': 0,
      '8': 0,
      '9': 0,
      '10': 0,
      '11': 0,
      '12': 0,
      '13': 0,
      '14': 0,
      '15': 0,
      '16': 0,
      '17': 0,
      '18': 0,
      '19': 0,
      '20': 0,
      '21': 0,
      '22': 0,
      '23': 0,
      '24': 0,
      '25': 0,
      '26': 0,
      '27': 0,
      '28': 0,
      '29': 0,
      '30': 0,
      '31': 0
    },
    _rejectDigits: false,
    _rejectSubDigits: false,
    _digitIsSub: false
  },
  abort: false
}
[IPC Library: Pty Host] xterm.js: Parsing error:  {
  position: 39495,
  code: 160,
  currentState: 14,
  collect: 0,
  params: {
    maxLength: 32,
    maxSubParamsLength: 32,
    params: {
      '0': 0,
      '1': 31,
      '2': 0,
      '3': 0,
      '4': 0,
      '5': 0,
      '6': 0,
      '7': 0,
      '8': 0,
      '9': 0,
      '10': 0,
      '11': 0,
      '12': 0,
      '13': 0,
      '14': 0,
      '15': 0,
      '16': 0,
      '17': 0,
      '18': 0,
      '19': 0,
      '20': 0,
      '21': 0,
      '22': 0,
      '23': 0,
      '24': 0,
      '25': 0,
      '26': 0,
      '27': 0,
      '28': 0,
      '29': 0,
      '30': 0,
      '31': 0
    },
    length: 1,
    _subParams: {
      '0': 0,
      '1': 0,
      '2': 0,
      '3': 0,
      '4': 0,
      '5': 0,
      '6': 0,
      '7': 0,
      '8': 0,
      '9': 0,
      '10': 0,
      '11': 0,
      '12': 0,
      '13': 0,
      '14': 0,
      '15': 0,
      '16': 0,
      '17': 0,
      '18': 0,
      '19': 0,
      '20': 0,
      '21': 0,
      '22': 0,
      '23': 0,
      '24': 0,
      '25': 0,
      '26': 0,
      '27': 0,
      '28': 0,
      '29': 0,
      '30': 0,
      '31': 0
    },
    _subParamsLength: 0,
    _subParamsIdx: {
      '0': 0,
      '1': 0,
      '2': 0,
      '3': 0,
      '4': 0,
      '5': 0,
      '6': 0,
      '7': 0,
      '8': 0,
      '9': 0,
      '10': 0,
      '11': 0,
      '12': 0,
      '13': 0,
      '14': 0,
      '15': 0,
      '16': 0,
      '17': 0,
      '18': 0,
      '19': 0,
      '20': 0,
      '21': 0,
      '22': 0,
      '23': 0,
      '24': 0,
      '25': 0,
      '26': 0,
      '27': 0,
      '28': 0,
      '29': 0,
      '30': 0,
      '31': 0
    },
    _rejectDigits: false,
    _rejectSubDigits: false,
    _digitIsSub: false
  },
  abort: false
}
[IPC Library: Pty Host] xterm.js: Parsing error:  {
  position: 39677,
  code: 160,
  currentState: 14,
  collect: 0,
  params: {
    maxLength: 32,
    maxSubParamsLength: 32,
    params: {
      '0': 0,
      '1': 31,
      '2': 0,
      '3': 0,
      '4': 0,
      '5': 0,
      '6': 0,
      '7': 0,
      '8': 0,
      '9': 0,
      '10': 0,
      '11': 0,
      '12': 0,
      '13': 0,
      '14': 0,
      '15': 0,
      '16': 0,
      '17': 0,
      '18': 0,
      '19': 0,
      '20': 0,
      '21': 0,
      '22': 0,
      '23': 0,
      '24': 0,
      '25': 0,
      '26': 0,
      '27': 0,
      '28': 0,
      '29': 0,
      '30': 0,
      '31': 0
    },
    length: 1,
    _subParams: {
      '0': 0,
      '1': 0,
      '2': 0,
      '3': 0,
      '4': 0,
      '5': 0,
      '6': 0,
      '7': 0,
      '8': 0,
      '9': 0,
      '10': 0,
      '11': 0,
      '12': 0,
      '13': 0,
      '14': 0,
      '15': 0,
      '16': 0,
      '17': 0,
      '18': 0,
      '19': 0,
      '20': 0,
      '21': 0,
      '22': 0,
      '23': 0,
      '24': 0,
      '25': 0,
      '26': 0,
      '27': 0,
      '28': 0,
      '29': 0,
      '30': 0,
      '31': 0
    },
    _subParamsLength: 0,
    _subParamsIdx: {
      '0': 0,
      '1': 0,
      '2': 0,
      '3': 0,
      '4': 0,
      '5': 0,
      '6': 0,
      '7': 0,
      '8': 0,
      '9': 0,
      '10': 0,
      '11': 0,
      '12': 0,
      '13': 0,
      '14': 0,
      '15': 0,
      '16': 0,
      '17': 0,
      '18': 0,
      '19': 0,
      '20': 0,
      '21': 0,
      '22': 0,
      '23': 0,
      '24': 0,
      '25': 0,
      '26': 0,
      '27': 0,
      '28': 0,
      '29': 0,
      '30': 0,
      '31': 0
    },
    _rejectDigits: false,
    _rejectSubDigits: false,
    _digitIsSub: false
  },
  abort: false
}
[IPC Library: Pty Host] xterm.js: Parsing error:  {
  position: 39859,
  code: 160,
  currentState: 14,
  collect: 0,
  params: {
    maxLength: 32,
    maxSubParamsLength: 32,
    params: {
      '0': 0,
      '1': 31,
      '2': 0,
      '3': 0,
      '4': 0,
      '5': 0,
      '6': 0,
      '7': 0,
      '8': 0,
      '9': 0,
      '10': 0,
      '11': 0,
      '12': 0,
      '13': 0,
      '14': 0,
      '15': 0,
      '16': 0,
      '17': 0,
      '18': 0,
      '19': 0,
      '20': 0,
      '21': 0,
      '22': 0,
      '23': 0,
      '24': 0,
      '25': 0,
      '26': 0,
      '27': 0,
      '28': 0,
      '29': 0,
      '30': 0,
      '31': 0
    },
    length: 1,
    _subParams: {
      '0': 0,
      '1': 0,
      '2': 0,
      '3': 0,
      '4': 0,
      '5': 0,
      '6': 0,
      '7': 0,
      '8': 0,
      '9': 0,
      '10': 0,
      '11': 0,
      '12': 0,
      '13': 0,
      '14': 0,
      '15': 0,
      '16': 0,
      '17': 0,
      '18': 0,
      '19': 0,
      '20': 0,
      '21': 0,
      '22': 0,
      '23': 0,
      '24': 0,
      '25': 0,
      '26': 0,
      '27': 0,
      '28': 0,
      '29': 0,
      '30': 0,
      '31': 0
    },
    _subParamsLength: 0,
    _subParamsIdx: {
      '0': 0,
      '1': 0,
      '2': 0,
      '3': 0,
      '4': 0,
      '5': 0,
      '6': 0,
      '7': 0,
      '8': 0,
      '9': 0,
      '10': 0,
      '11': 0,
      '12': 0,
      '13': 0,
      '14': 0,
      '15': 0,
      '16': 0,
      '17': 0,
      '18': 0,
      '19': 0,
      '20': 0,
      '21': 0,
      '22': 0,
      '23': 0,
      '24': 0,
      '25': 0,
      '26': 0,
      '27': 0,
      '28': 0,
      '29': 0,
      '30': 0,
      '31': 0
    },
    _rejectDigits: false,
    _rejectSubDigits: false,
    _digitIsSub: false
  },
  abort: false
}
[IPC Library: Pty Host] xterm.js: Parsing error:  {
  position: 40041,
  code: 160,
  currentState: 14,
  collect: 0,
  params: {
    maxLength: 32,
    maxSubParamsLength: 32,
    params: {
      '0': 0,
      '1': 31,
      '2': 0,
      '3': 0,
      '4': 0,
      '5': 0,
      '6': 0,
      '7': 0,
      '8': 0,
      '9': 0,
      '10': 0,
      '11': 0,
      '12': 0,
      '13': 0,
      '14': 0,
      '15': 0,
      '16': 0,
      '17': 0,
      '18': 0,
      '19': 0,
      '20': 0,
      '21': 0,
      '22': 0,
      '23': 0,
      '24': 0,
      '25': 0,
      '26': 0,
      '27': 0,
      '28': 0,
      '29': 0,
      '30': 0,
      '31': 0
    },
    length: 1,
    _subParams: {
      '0': 0,
      '1': 0,
      '2': 0,
      '3': 0,
      '4': 0,
      '5': 0,
      '6': 0,
      '7': 0,
      '8': 0,
      '9': 0,
      '10': 0,
      '11': 0,
      '12': 0,
      '13': 0,
      '14': 0,
      '15': 0,
      '16': 0,
      '17': 0,
      '18': 0,
      '19': 0,
      '20': 0,
      '21': 0,
      '22': 0,
      '23': 0,
      '24': 0,
      '25': 0,
      '26': 0,
      '27': 0,
      '28': 0,
      '29': 0,
      '30': 0,
      '31': 0
    },
    _subParamsLength: 0,
    _subParamsIdx: {
      '0': 0,
      '1': 0,
      '2': 0,
      '3': 0,
      '4': 0,
      '5': 0,
      '6': 0,
      '7': 0,
      '8': 0,
      '9': 0,
      '10': 0,
      '11': 0,
      '12': 0,
      '13': 0,
      '14': 0,
      '15': 0,
      '16': 0,
      '17': 0,
      '18': 0,
      '19': 0,
      '20': 0,
      '21': 0,
      '22': 0,
      '23': 0,
      '24': 0,
      '25': 0,
      '26': 0,
      '27': 0,
      '28': 0,
      '29': 0,
      '30': 0,
      '31': 0
    },
    _rejectDigits: false,
    _rejectSubDigits: false,
    _digitIsSub: false
  },
  abort: false
}
[IPC Library: Pty Host] xterm.js: Parsing error:  {
  position: 40223,
  code: 160,
  currentState: 14,
  collect: 0,
  params: {
    maxLength: 32,
    maxSubParamsLength: 32,
    params: {
      '0': 0,
      '1': 31,
      '2': 0,
      '3': 0,
      '4': 0,
      '5': 0,
      '6': 0,
      '7': 0,
      '8': 0,
      '9': 0,
      '10': 0,
      '11': 0,
      '12': 0,
      '13': 0,
      '14': 0,
      '15': 0,
      '16': 0,
      '17': 0,
      '18': 0,
      '19': 0,
      '20': 0,
      '21': 0,
      '22': 0,
      '23': 0,
      '24': 0,
      '25': 0,
      '26': 0,
      '27': 0,
      '28': 0,
      '29': 0,
      '30': 0,
      '31': 0
    },
    length: 1,
    _subParams: {
      '0': 0,
      '1': 0,
      '2': 0,
      '3': 0,
      '4': 0,
      '5': 0,
      '6': 0,
      '7': 0,
      '8': 0,
      '9': 0,
      '10': 0,
      '11': 0,
      '12': 0,
      '13': 0,
      '14': 0,
      '15': 0,
      '16': 0,
      '17': 0,
      '18': 0,
      '19': 0,
      '20': 0,
      '21': 0,
      '22': 0,
      '23': 0,
      '24': 0,
      '25': 0,
      '26': 0,
      '27': 0,
      '28': 0,
      '29': 0,
      '30': 0,
      '31': 0
    },
    _subParamsLength: 0,
    _subParamsIdx: {
      '0': 0,
      '1': 0,
      '2': 0,
      '3': 0,
      '4': 0,
      '5': 0,
      '6': 0,
      '7': 0,
      '8': 0,
      '9': 0,
      '10': 0,
      '11': 0,
      '12': 0,
      '13': 0,
      '14': 0,
      '15': 0,
      '16': 0,
      '17': 0,
      '18': 0,
      '19': 0,
      '20': 0,
      '21': 0,
      '22': 0,
      '23': 0,
      '24': 0,
      '25': 0,
      '26': 0,
      '27': 0,
      '28': 0,
      '29': 0,
      '30': 0,
      '31': 0
    },
    _rejectDigits: false,
    _rejectSubDigits: false,
    _digitIsSub: false
  },
  abort: false
}
[IPC Library: Pty Host] xterm.js: Parsing error:  {
  position: 42975,
  code: 127,
  currentState: 0,
  collect: 8225,
  params: {
    maxLength: 32,
    maxSubParamsLength: 32,
    params: {
      '0': 0,
      '1': 31,
      '2': 0,
      '3': 0,
      '4': 0,
      '5': 0,
      '6': 0,
      '7': 0,
      '8': 0,
      '9': 0,
      '10': 0,
      '11': 0,
      '12': 0,
      '13': 0,
      '14': 0,
      '15': 0,
      '16': 0,
      '17': 0,
      '18': 0,
      '19': 0,
      '20': 0,
      '21': 0,
      '22': 0,
      '23': 0,
      '24': 0,
      '25': 0,
      '26': 0,
      '27': 0,
      '28': 0,
      '29': 0,
      '30': 0,
      '31': 0
    },
    length: 1,
    _subParams: {
      '0': 0,
      '1': 0,
      '2': 0,
      '3': 0,
      '4': 0,
      '5': 0,
      '6': 0,
      '7': 0,
      '8': 0,
      '9': 0,
      '10': 0,
      '11': 0,
      '12': 0,
      '13': 0,
      '14': 0,
      '15': 0,
      '16': 0,
      '17': 0,
      '18': 0,
      '19': 0,
      '20': 0,
      '21': 0,
      '22': 0,
      '23': 0,
      '24': 0,
      '25': 0,
      '26': 0,
      '27': 0,
      '28': 0,
      '29': 0,
      '30': 0,
      '31': 0
    },
    _subParamsLength: 0,
    _subParamsIdx: {
      '0': 0,
      '1': 0,
      '2': 0,
      '3': 0,
      '4': 0,
      '5': 0,
      '6': 0,
      '7': 0,
      '8': 0,
      '9': 0,
      '10': 0,
      '11': 0,
      '12': 0,
      '13': 0,
      '14': 0,
      '15': 0,
      '16': 0,
      '17': 0,
      '18': 0,
      '19': 0,
      '20': 0,
      '21': 0,
      '22': 0,
      '23': 0,
      '24': 0,
      '25': 0,
      '26': 0,
      '27': 0,
      '28': 0,
      '29': 0,
      '30': 0,
      '31': 0
    },
    _rejectDigits: false,
    _rejectSubDigits: false,
    _digitIsSub: false
  },
  abort: false
}
[IPC Library: Pty Host] xterm.js: Parsing error:  {
  position: 43768,
  code: 160,
  currentState: 14,
  collect: 0,
  params: {
    maxLength: 32,
    maxSubParamsLength: 32,
    params: {
      '0': 0,
      '1': 31,
      '2': 0,
      '3': 0,
      '4': 0,
      '5': 0,
      '6': 0,
      '7': 0,
      '8': 0,
      '9': 0,
      '10': 0,
      '11': 0,
      '12': 0,
      '13': 0,
      '14': 0,
      '15': 0,
      '16': 0,
      '17': 0,
      '18': 0,
      '19': 0,
      '20': 0,
      '21': 0,
      '22': 0,
      '23': 0,
      '24': 0,
      '25': 0,
      '26': 0,
      '27': 0,
      '28': 0,
      '29': 0,
      '30': 0,
      '31': 0
    },
    length: 1,
    _subParams: {
      '0': 0,
      '1': 0,
      '2': 0,
      '3': 0,
      '4': 0,
      '5': 0,
      '6': 0,
      '7': 0,
      '8': 0,
      '9': 0,
      '10': 0,
      '11': 0,
      '12': 0,
      '13': 0,
      '14': 0,
      '15': 0,
      '16': 0,
      '17': 0,
      '18': 0,
      '19': 0,
      '20': 0,
      '21': 0,
      '22': 0,
      '23': 0,
      '24': 0,
      '25': 0,
      '26': 0,
      '27': 0,
      '28': 0,
      '29': 0,
      '30': 0,
      '31': 0
    },
    _subParamsLength: 0,
    _subParamsIdx: {
      '0': 0,
      '1': 0,
      '2': 0,
      '3': 0,
      '4': 0,
      '5': 0,
      '6': 0,
      '7': 0,
      '8': 0,
      '9': 0,
      '10': 0,
      '11': 0,
      '12': 0,
      '13': 0,
      '14': 0,
      '15': 0,
      '16': 0,
      '17': 0,
      '18': 0,
      '19': 0,
      '20': 0,
      '21': 0,
      '22': 0,
      '23': 0,
      '24': 0,
      '25': 0,
      '26': 0,
      '27': 0,
      '28': 0,
      '29': 0,
      '30': 0,
      '31': 0
    },
    _rejectDigits: false,
    _rejectSubDigits: false,
    _digitIsSub: false
  },
  abort: false
}
[IPC Library: Pty Host] xterm.js: Parsing error:  {
  position: 44154,
  code: 160,
  currentState: 14,
  collect: 0,
  params: {
    maxLength: 32,
    maxSubParamsLength: 32,
    params: {
      '0': 0,
      '1': 31,
      '2': 0,
      '3': 0,
      '4': 0,
      '5': 0,
      '6': 0,
      '7': 0,
      '8': 0,
      '9': 0,
      '10': 0,
      '11': 0,
      '12': 0,
      '13': 0,
      '14': 0,
      '15': 0,
      '16': 0,
      '17': 0,
      '18': 0,
      '19': 0,
      '20': 0,
      '21': 0,
      '22': 0,
      '23': 0,
      '24': 0,
      '25': 0,
      '26': 0,
      '27': 0,
      '28': 0,
      '29': 0,
      '30': 0,
      '31': 0
    },
    length: 1,
    _subParams: {
      '0': 0,
      '1': 0,
      '2': 0,
      '3': 0,
      '4': 0,
      '5': 0,
      '6': 0,
      '7': 0,
      '8': 0,
      '9': 0,
      '10': 0,
      '11': 0,
      '12': 0,
      '13': 0,
      '14': 0,
      '15': 0,
      '16': 0,
      '17': 0,
      '18': 0,
      '19': 0,
      '20': 0,
      '21': 0,
      '22': 0,
      '23': 0,
      '24': 0,
      '25': 0,
      '26': 0,
      '27': 0,
      '28': 0,
      '29': 0,
      '30': 0,
      '31': 0
    },
    _subParamsLength: 0,
    _subParamsIdx: {
      '0': 0,
      '1': 0,
      '2': 0,
      '3': 0,
      '4': 0,
      '5': 0,
      '6': 0,
      '7': 0,
      '8': 0,
      '9': 0,
      '10': 0,
      '11': 0,
      '12': 0,
      '13': 0,
      '14': 0,
      '15': 0,
      '16': 0,
      '17': 0,
      '18': 0,
      '19': 0,
      '20': 0,
      '21': 0,
      '22': 0,
      '23': 0,
      '24': 0,
      '25': 0,
      '26': 0,
      '27': 0,
      '28': 0,
      '29': 0,
      '30': 0,
      '31': 0
    },
    _rejectDigits: false,
    _rejectSubDigits: false,
    _digitIsSub: false
  },
  abort: false
}
[IPC Library: Pty Host] xterm.js: Parsing error:  {
  position: 44544,
  code: 160,
  currentState: 14,
  collect: 0,
  params: {
    maxLength: 32,
    maxSubParamsLength: 32,
    params: {
      '0': 0,
      '1': 31,
      '2': 0,
      '3': 0,
      '4': 0,
      '5': 0,
      '6': 0,
      '7': 0,
      '8': 0,
      '9': 0,
      '10': 0,
      '11': 0,
      '12': 0,
      '13': 0,
      '14': 0,
      '15': 0,
      '16': 0,
      '17': 0,
      '18': 0,
      '19': 0,
      '20': 0,
      '21': 0,
      '22': 0,
      '23': 0,
      '24': 0,
      '25': 0,
      '26': 0,
      '27': 0,
      '28': 0,
      '29': 0,
      '30': 0,
      '31': 0
    },
    length: 1,
    _subParams: {
      '0': 0,
      '1': 0,
      '2': 0,
      '3': 0,
      '4': 0,
      '5': 0,
      '6': 0,
      '7': 0,
      '8': 0,
      '9': 0,
      '10': 0,
      '11': 0,
      '12': 0,
      '13': 0,
      '14': 0,
      '15': 0,
      '16': 0,
      '17': 0,
      '18': 0,
      '19': 0,
      '20': 0,
      '21': 0,
      '22': 0,
      '23': 0,
      '24': 0,
      '25': 0,
      '26': 0,
      '27': 0,
      '28': 0,
      '29': 0,
      '30': 0,
      '31': 0
    },
    _subParamsLength: 0,
    _subParamsIdx: {
      '0': 0,
      '1': 0,
      '2': 0,
      '3': 0,
      '4': 0,
      '5': 0,
      '6': 0,
      '7': 0,
      '8': 0,
      '9': 0,
      '10': 0,
      '11': 0,
      '12': 0,
      '13': 0,
      '14': 0,
      '15': 0,
      '16': 0,
      '17': 0,
      '18': 0,
      '19': 0,
      '20': 0,
      '21': 0,
      '22': 0,
      '23': 0,
      '24': 0,
      '25': 0,
      '26': 0,
      '27': 0,
      '28': 0,
      '29': 0,
      '30': 0,
      '31': 0
    },
    _rejectDigits: false,
    _rejectSubDigits: false,
    _digitIsSub: false
  },
  abort: false
}
[IPC Library: Pty Host] xterm.js: Parsing error:  {
  position: 44739,
  code: 160,
  currentState: 14,
  collect: 0,
  params: {
    maxLength: 32,
    maxSubParamsLength: 32,
    params: {
      '0': 0,
      '1': 31,
      '2': 0,
      '3': 0,
      '4': 0,
      '5': 0,
      '6': 0,
      '7': 0,
      '8': 0,
      '9': 0,
      '10': 0,
      '11': 0,
      '12': 0,
      '13': 0,
      '14': 0,
      '15': 0,
      '16': 0,
      '17': 0,
      '18': 0,
      '19': 0,
      '20': 0,
      '21': 0,
      '22': 0,
      '23': 0,
      '24': 0,
      '25': 0,
      '26': 0,
      '27': 0,
      '28': 0,
      '29': 0,
      '30': 0,
      '31': 0
    },
    length: 1,
    _subParams: {
      '0': 0,
      '1': 0,
      '2': 0,
      '3': 0,
      '4': 0,
      '5': 0,
      '6': 0,
      '7': 0,
      '8': 0,
      '9': 0,
      '10': 0,
      '11': 0,
      '12': 0,
      '13': 0,
      '14': 0,
      '15': 0,
      '16': 0,
      '17': 0,
      '18': 0,
      '19': 0,
      '20': 0,
      '21': 0,
      '22': 0,
      '23': 0,
      '24': 0,
      '25': 0,
      '26': 0,
      '27': 0,
      '28': 0,
      '29': 0,
      '30': 0,
      '31': 0
    },
    _subParamsLength: 0,
    _subParamsIdx: {
      '0': 0,
      '1': 0,
      '2': 0,
      '3': 0,
      '4': 0,
      '5': 0,
      '6': 0,
      '7': 0,
      '8': 0,
      '9': 0,
      '10': 0,
      '11': 0,
      '12': 0,
      '13': 0,
      '14': 0,
      '15': 0,
      '16': 0,
      '17': 0,
      '18': 0,
      '19': 0,
      '20': 0,
      '21': 0,
      '22': 0,
      '23': 0,
      '24': 0,
      '25': 0,
      '26': 0,
      '27': 0,
      '28': 0,
      '29': 0,
      '30': 0,
      '31': 0
    },
    _rejectDigits: false,
    _rejectSubDigits: false,
    _digitIsSub: false
  },
  abort: false
}
[IPC Library: Pty Host] xterm.js: Parsing error:  {
  position: 45114,
  code: 8216,
  currentState: 9,
  collect: 0,
  params: {
    maxLength: 32,
    maxSubParamsLength: 32,
    params: {
      '0': 0,
      '1': 31,
      '2': 0,
      '3': 0,
      '4': 0,
      '5': 0,
      '6': 0,
      '7': 0,
      '8': 0,
      '9': 0,
      '10': 0,
      '11': 0,
      '12': 0,
      '13': 0,
      '14': 0,
      '15': 0,
      '16': 0,
      '17': 0,
      '18': 0,
      '19': 0,
      '20': 0,
      '21': 0,
      '22': 0,
      '23': 0,
      '24': 0,
      '25': 0,
      '26': 0,
      '27': 0,
      '28': 0,
      '29': 0,
      '30': 0,
      '31': 0
    },
    length: 1,
    _subParams: {
      '0': 0,
      '1': 0,
      '2': 0,
      '3': 0,
      '4': 0,
      '5': 0,
      '6': 0,
      '7': 0,
      '8': 0,
      '9': 0,
      '10': 0,
      '11': 0,
      '12': 0,
      '13': 0,
      '14': 0,
      '15': 0,
      '16': 0,
      '17': 0,
      '18': 0,
      '19': 0,
      '20': 0,
      '21': 0,
      '22': 0,
      '23': 0,
      '24': 0,
      '25': 0,
      '26': 0,
      '27': 0,
      '28': 0,
      '29': 0,
      '30': 0,
      '31': 0
    },
    _subParamsLength: 0,
    _subParamsIdx: {
      '0': 0,
      '1': 0,
      '2': 0,
      '3': 0,
      '4': 0,
      '5': 0,
      '6': 0,
      '7': 0,
      '8': 0,
      '9': 0,
      '10': 0,
      '11': 0,
      '12': 0,
      '13': 0,
      '14': 0,
      '15': 0,
      '16': 0,
      '17': 0,
      '18': 0,
      '19': 0,
      '20': 0,
      '21': 0,
      '22': 0,
      '23': 0,
      '24': 0,
      '25': 0,
      '26': 0,
      '27': 0,
      '28': 0,
      '29': 0,
      '30': 0,
      '31': 0
    },
    _rejectDigits: false,
    _rejectSubDigits: false,
    _digitIsSub: false
  },
  abort: false
}
[IPC Library: Pty Host] xterm.js: Parsing error:  {
  position: 45129,
  code: 160,
  currentState: 14,
  collect: 0,
  params: {
    maxLength: 32,
    maxSubParamsLength: 32,
    params: {
      '0': 0,
      '1': 31,
      '2': 0,
      '3': 0,
      '4': 0,
      '5': 0,
      '6': 0,
      '7': 0,
      '8': 0,
      '9': 0,
      '10': 0,
      '11': 0,
      '12': 0,
      '13': 0,
      '14': 0,
      '15': 0,
      '16': 0,
      '17': 0,
      '18': 0,
      '19': 0,
      '20': 0,
      '21': 0,
      '22': 0,
      '23': 0,
      '24': 0,
      '25': 0,
      '26': 0,
      '27': 0,
      '28': 0,
      '29': 0,
      '30': 0,
      '31': 0
    },
    length: 1,
    _subParams: {
      '0': 0,
      '1': 0,
      '2': 0,
      '3': 0,
      '4': 0,
      '5': 0,
      '6': 0,
      '7': 0,
      '8': 0,
      '9': 0,
      '10': 0,
      '11': 0,
      '12': 0,
      '13': 0,
      '14': 0,
      '15': 0,
      '16': 0,
      '17': 0,
      '18': 0,
      '19': 0,
      '20': 0,
      '21': 0,
      '22': 0,
      '23': 0,
      '24': 0,
      '25': 0,
      '26': 0,
      '27': 0,
      '28': 0,
      '29': 0,
      '30': 0,
      '31': 0
    },
    _subParamsLength: 0,
    _subParamsIdx: {
      '0': 0,
      '1': 0,
      '2': 0,
      '3': 0,
      '4': 0,
      '5': 0,
      '6': 0,
      '7': 0,
      '8': 0,
      '9': 0,
      '10': 0,
      '11': 0,
      '12': 0,
      '13': 0,
      '14': 0,
      '15': 0,
      '16': 0,
      '17': 0,
      '18': 0,
      '19': 0,
      '20': 0,
      '21': 0,
      '22': 0,
      '23': 0,
      '24': 0,
      '25': 0,
      '26': 0,
      '27': 0,
      '28': 0,
      '29': 0,
      '30': 0,
      '31': 0
    },
    _rejectDigits: false,
    _rejectSubDigits: false,
    _digitIsSub: false
  },
  abort: false
}
[IPC Library: Pty Host] xterm.js: Parsing error:  {
  position: 45324,
  code: 160,
  currentState: 14,
  collect: 0,
  params: {
    maxLength: 32,
    maxSubParamsLength: 32,
    params: {
      '0': 0,
      '1': 31,
      '2': 0,
      '3': 0,
      '4': 0,
      '5': 0,
      '6': 0,
      '7': 0,
      '8': 0,
      '9': 0,
      '10': 0,
      '11': 0,
      '12': 0,
      '13': 0,
      '14': 0,
      '15': 0,
      '16': 0,
      '17': 0,
      '18': 0,
      '19': 0,
      '20': 0,
      '21': 0,
      '22': 0,
      '23': 0,
      '24': 0,
      '25': 0,
      '26': 0,
      '27': 0,
      '28': 0,
      '29': 0,
      '30': 0,
      '31': 0
    },
    length: 1,
    _subParams: {
      '0': 0,
      '1': 0,
      '2': 0,
      '3': 0,
      '4': 0,
      '5': 0,
      '6': 0,
      '7': 0,
      '8': 0,
      '9': 0,
      '10': 0,
      '11': 0,
      '12': 0,
      '13': 0,
      '14': 0,
      '15': 0,
      '16': 0,
      '17': 0,
      '18': 0,
      '19': 0,
      '20': 0,
      '21': 0,
      '22': 0,
      '23': 0,
      '24': 0,
      '25': 0,
      '26': 0,
      '27': 0,
      '28': 0,
      '29': 0,
      '30': 0,
      '31': 0
    },
    _subParamsLength: 0,
    _subParamsIdx: {
      '0': 0,
      '1': 0,
      '2': 0,
      '3': 0,
      '4': 0,
      '5': 0,
      '6': 0,
      '7': 0,
      '8': 0,
      '9': 0,
      '10': 0,
      '11': 0,
      '12': 0,
      '13': 0,
      '14': 0,
      '15': 0,
      '16': 0,
      '17': 0,
      '18': 0,
      '19': 0,
      '20': 0,
      '21': 0,
      '22': 0,
      '23': 0,
      '24': 0,
      '25': 0,
      '26': 0,
      '27': 0,
      '28': 0,
      '29': 0,
      '30': 0,
      '31': 0
    },
    _rejectDigits: false,
    _rejectSubDigits: false,
    _digitIsSub: false
  },
  abort: false
}
[IPC Library: Pty Host] xterm.js: Parsing error:  {
  position: 47621,
  code: 160,
  currentState: 14,
  collect: 0,
  params: {
    maxLength: 32,
    maxSubParamsLength: 32,
    params: {
      '0': 0,
      '1': 31,
      '2': 0,
      '3': 0,
      '4': 0,
      '5': 0,
      '6': 0,
      '7': 0,
      '8': 0,
      '9': 0,
      '10': 0,
      '11': 0,
      '12': 0,
      '13': 0,
      '14': 0,
      '15': 0,
      '16': 0,
      '17': 0,
      '18': 0,
      '19': 0,
      '20': 0,
      '21': 0,
      '22': 0,
      '23': 0,
      '24': 0,
      '25': 0,
      '26': 0,
      '27': 0,
      '28': 0,
      '29': 0,
      '30': 0,
      '31': 0
    },
    length: 1,
    _subParams: {
      '0': 0,
      '1': 0,
      '2': 0,
      '3': 0,
      '4': 0,
      '5': 0,
      '6': 0,
      '7': 0,
      '8': 0,
      '9': 0,
      '10': 0,
      '11': 0,
      '12': 0,
      '13': 0,
      '14': 0,
      '15': 0,
      '16': 0,
      '17': 0,
      '18': 0,
      '19': 0,
      '20': 0,
      '21': 0,
      '22': 0,
      '23': 0,
      '24': 0,
      '25': 0,
      '26': 0,
      '27': 0,
      '28': 0,
      '29': 0,
      '30': 0,
      '31': 0
    },
    _subParamsLength: 0,
    _subParamsIdx: {
      '0': 0,
      '1': 0,
      '2': 0,
      '3': 0,
      '4': 0,
      '5': 0,
      '6': 0,
      '7': 0,
      '8': 0,
      '9': 0,
      '10': 0,
      '11': 0,
      '12': 0,
      '13': 0,
      '14': 0,
      '15': 0,
      '16': 0,
      '17': 0,
      '18': 0,
      '19': 0,
      '20': 0,
      '21': 0,
      '22': 0,
      '23': 0,
      '24': 0,
      '25': 0,
      '26': 0,
      '27': 0,
      '28': 0,
      '29': 0,
      '30': 0,
      '31': 0
    },
    _rejectDigits: false,
    _rejectSubDigits: false,
    _digitIsSub: false
  },
  abort: false
}
[IPC Library: Pty Host] xterm.js: Parsing error:  {
  position: 48041,
  code: 127,
  currentState: 0,
  collect: 8225,
  params: {
    maxLength: 32,
    maxSubParamsLength: 32,
    params: {
      '0': 0,
      '1': 31,
      '2': 0,
      '3': 0,
      '4': 0,
      '5': 0,
      '6': 0,
      '7': 0,
      '8': 0,
      '9': 0,
      '10': 0,
      '11': 0,
      '12': 0,
      '13': 0,
      '14': 0,
      '15': 0,
      '16': 0,
      '17': 0,
      '18': 0,
      '19': 0,
      '20': 0,
      '21': 0,
      '22': 0,
      '23': 0,
      '24': 0,
      '25': 0,
      '26': 0,
      '27': 0,
      '28': 0,
      '29': 0,
      '30': 0,
      '31': 0
    },
    length: 1,
    _subParams: {
      '0': 0,
      '1': 0,
      '2': 0,
      '3': 0,
      '4': 0,
      '5': 0,
      '6': 0,
      '7': 0,
      '8': 0,
      '9': 0,
      '10': 0,
      '11': 0,
      '12': 0,
      '13': 0,
      '14': 0,
      '15': 0,
      '16': 0,
      '17': 0,
      '18': 0,
      '19': 0,
      '20': 0,
      '21': 0,
      '22': 0,
      '23': 0,
      '24': 0,
      '25': 0,
      '26': 0,
      '27': 0,
      '28': 0,
      '29': 0,
      '30': 0,
      '31': 0
    },
    _subParamsLength: 0,
    _subParamsIdx: {
      '0': 0,
      '1': 0,
      '2': 0,
      '3': 0,
      '4': 0,
      '5': 0,
      '6': 0,
      '7': 0,
      '8': 0,
      '9': 0,
      '10': 0,
      '11': 0,
      '12': 0,
      '13': 0,
      '14': 0,
      '15': 0,
      '16': 0,
      '17': 0,
      '18': 0,
      '19': 0,
      '20': 0,
      '21': 0,
      '22': 0,
      '23': 0,
      '24': 0,
      '25': 0,
      '26': 0,
      '27': 0,
      '28': 0,
      '29': 0,
      '30': 0,
      '31': 0
    },
    _rejectDigits: false,
    _rejectSubDigits: false,
    _digitIsSub: false
  },
  abort: false
}
[IPC Library: Pty Host] xterm.js: Parsing error:  {
  position: 48227,
  code: 8216,
  currentState: 9,
  collect: 0,
  params: {
    maxLength: 32,
    maxSubParamsLength: 32,
    params: {
      '0': 0,
      '1': 31,
      '2': 0,
      '3': 0,
      '4': 0,
      '5': 0,
      '6': 0,
      '7': 0,
      '8': 0,
      '9': 0,
      '10': 0,
      '11': 0,
      '12': 0,
      '13': 0,
      '14': 0,
      '15': 0,
      '16': 0,
      '17': 0,
      '18': 0,
      '19': 0,
      '20': 0,
      '21': 0,
      '22': 0,
      '23': 0,
      '24': 0,
      '25': 0,
      '26': 0,
      '27': 0,
      '28': 0,
      '29': 0,
      '30': 0,
      '31': 0
    },
    length: 1,
    _subParams: {
      '0': 0,
      '1': 0,
      '2': 0,
      '3': 0,
      '4': 0,
      '5': 0,
      '6': 0,
      '7': 0,
      '8': 0,
      '9': 0,
      '10': 0,
      '11': 0,
      '12': 0,
      '13': 0,
      '14': 0,
      '15': 0,
      '16': 0,
      '17': 0,
      '18': 0,
      '19': 0,
      '20': 0,
      '21': 0,
      '22': 0,
      '23': 0,
      '24': 0,
      '25': 0,
      '26': 0,
      '27': 0,
      '28': 0,
      '29': 0,
      '30': 0,
      '31': 0
    },
    _subParamsLength: 0,
    _subParamsIdx: {
      '0': 0,
      '1': 0,
      '2': 0,
      '3': 0,
      '4': 0,
      '5': 0,
      '6': 0,
      '7': 0,
      '8': 0,
      '9': 0,
      '10': 0,
      '11': 0,
      '12': 0,
      '13': 0,
      '14': 0,
      '15': 0,
      '16': 0,
      '17': 0,
      '18': 0,
      '19': 0,
      '20': 0,
      '21': 0,
      '22': 0,
      '23': 0,
      '24': 0,
      '25': 0,
      '26': 0,
      '27': 0,
      '28': 0,
      '29': 0,
      '30': 0,
      '31': 0
    },
    _rejectDigits: false,
    _rejectSubDigits: false,
    _digitIsSub: false
  },
  abort: false
}
[IPC Library: Pty Host] xterm.js: Parsing error:  {
  position: 48241,
  code: 376,
  currentState: 7,
  collect: 0,
  params: {
    maxLength: 32,
    maxSubParamsLength: 32,
    params: {
      '0': 0,
      '1': 31,
      '2': 0,
      '3': 0,
      '4': 0,
      '5': 0,
      '6': 0,
      '7': 0,
      '8': 0,
      '9': 0,
      '10': 0,
      '11': 0,
      '12': 0,
      '13': 0,
      '14': 0,
      '15': 0,
      '16': 0,
      '17': 0,
      '18': 0,
      '19': 0,
      '20': 0,
      '21': 0,
      '22': 0,
      '23': 0,
      '24': 0,
      '25': 0,
      '26': 0,
      '27': 0,
      '28': 0,
      '29': 0,
      '30': 0,
      '31': 0
    },
    length: 1,
    _subParams: {
      '0': 0,
      '1': 0,
      '2': 0,
      '3': 0,
      '4': 0,
      '5': 0,
      '6': 0,
      '7': 0,
      '8': 0,
      '9': 0,
      '10': 0,
      '11': 0,
      '12': 0,
      '13': 0,
      '14': 0,
      '15': 0,
      '16': 0,
      '17': 0,
      '18': 0,
      '19': 0,
      '20': 0,
      '21': 0,
      '22': 0,
      '23': 0,
      '24': 0,
      '25': 0,
      '26': 0,
      '27': 0,
      '28': 0,
      '29': 0,
      '30': 0,
      '31': 0
    },
    _subParamsLength: 0,
    _subParamsIdx: {
      '0': 0,
      '1': 0,
      '2': 0,
      '3': 0,
      '4': 0,
      '5': 0,
      '6': 0,
      '7': 0,
      '8': 0,
      '9': 0,
      '10': 0,
      '11': 0,
      '12': 0,
      '13': 0,
      '14': 0,
      '15': 0,
      '16': 0,
      '17': 0,
      '18': 0,
      '19': 0,
      '20': 0,
      '21': 0,
      '22': 0,
      '23': 0,
      '24': 0,
      '25': 0,
      '26': 0,
      '27': 0,
      '28': 0,
      '29': 0,
      '30': 0,
      '31': 0
    },
    _rejectDigits: false,
    _rejectSubDigits: false,
    _digitIsSub: false
  },
  abort: false
}
[IPC Library: Pty Host] xterm.js: Parsing error:  {
  position: 48390,
  code: 8216,
  currentState: 9,
  collect: 0,
  params: {
    maxLength: 32,
    maxSubParamsLength: 32,
    params: {
      '0': 0,
      '1': 31,
      '2': 0,
      '3': 0,
      '4': 0,
      '5': 0,
      '6': 0,
      '7': 0,
      '8': 0,
      '9': 0,
      '10': 0,
      '11': 0,
      '12': 0,
      '13': 0,
      '14': 0,
      '15': 0,
      '16': 0,
      '17': 0,
      '18': 0,
      '19': 0,
      '20': 0,
      '21': 0,
      '22': 0,
      '23': 0,
      '24': 0,
      '25': 0,
      '26': 0,
      '27': 0,
      '28': 0,
      '29': 0,
      '30': 0,
      '31': 0
    },
    length: 1,
    _subParams: {
      '0': 0,
      '1': 0,
      '2': 0,
      '3': 0,
      '4': 0,
      '5': 0,
      '6': 0,
      '7': 0,
      '8': 0,
      '9': 0,
      '10': 0,
      '11': 0,
      '12': 0,
      '13': 0,
      '14': 0,
      '15': 0,
      '16': 0,
      '17': 0,
      '18': 0,
      '19': 0,
      '20': 0,
      '21': 0,
      '22': 0,
      '23': 0,
      '24': 0,
      '25': 0,
      '26': 0,
      '27': 0,
      '28': 0,
      '29': 0,
      '30': 0,
      '31': 0
    },
    _subParamsLength: 0,
    _subParamsIdx: {
      '0': 0,
      '1': 0,
      '2': 0,
      '3': 0,
      '4': 0,
      '5': 0,
      '6': 0,
      '7': 0,
      '8': 0,
      '9': 0,
      '10': 0,
      '11': 0,
      '12': 0,
      '13': 0,
      '14': 0,
      '15': 0,
      '16': 0,
      '17': 0,
      '18': 0,
      '19': 0,
      '20': 0,
      '21': 0,
      '22': 0,
      '23': 0,
      '24': 0,
      '25': 0,
      '26': 0,
      '27': 0,
      '28': 0,
      '29': 0,
      '30': 0,
      '31': 0
    },
    _rejectDigits: false,
    _rejectSubDigits: false,
    _digitIsSub: false
  },
  abort: false
}
[IPC Library: Pty Host] xterm.js: Parsing error:  {
  position: 48404,
  code: 376,
  currentState: 7,
  collect: 0,
  params: {
    maxLength: 32,
    maxSubParamsLength: 32,
    params: {
      '0': 0,
      '1': 31,
      '2': 0,
      '3': 0,
      '4': 0,
      '5': 0,
      '6': 0,
      '7': 0,
      '8': 0,
      '9': 0,
      '10': 0,
      '11': 0,
      '12': 0,
      '13': 0,
      '14': 0,
      '15': 0,
      '16': 0,
      '17': 0,
      '18': 0,
      '19': 0,
      '20': 0,
      '21': 0,
      '22': 0,
      '23': 0,
      '24': 0,
      '25': 0,
      '26': 0,
      '27': 0,
      '28': 0,
      '29': 0,
      '30': 0,
      '31': 0
    },
    length: 1,
    _subParams: {
      '0': 0,
      '1': 0,
      '2': 0,
      '3': 0,
      '4': 0,
      '5': 0,
      '6': 0,
      '7': 0,
      '8': 0,
      '9': 0,
      '10': 0,
      '11': 0,
      '12': 0,
      '13': 0,
      '14': 0,
      '15': 0,
      '16': 0,
      '17': 0,
      '18': 0,
      '19': 0,
      '20': 0,
      '21': 0,
      '22': 0,
      '23': 0,
      '24': 0,
      '25': 0,
      '26': 0,
      '27': 0,
      '28': 0,
      '29': 0,
      '30': 0,
      '31': 0
    },
    _subParamsLength: 0,
    _subParamsIdx: {
      '0': 0,
      '1': 0,
      '2': 0,
      '3': 0,
      '4': 0,
      '5': 0,
      '6': 0,
      '7': 0,
      '8': 0,
      '9': 0,
      '10': 0,
      '11': 0,
      '12': 0,
      '13': 0,
      '14': 0,
      '15': 0,
      '16': 0,
      '17': 0,
      '18': 0,
      '19': 0,
      '20': 0,
      '21': 0,
      '22': 0,
      '23': 0,
      '24': 0,
      '25': 0,
      '26': 0,
      '27': 0,
      '28': 0,
      '29': 0,
      '30': 0,
      '31': 0
    },
    _rejectDigits: false,
    _rejectSubDigits: false,
    _digitIsSub: false
  },
  abort: false
}
[IPC Library: Pty Host] xterm.js: Parsing error:  {
  position: 48727,
  code: 7924,
  currentState: 1,
  collect: 0,
  params: {
    maxLength: 32,
    maxSubParamsLength: 32,
    params: {
      '0': 0,
      '1': 31,
      '2': 0,
      '3': 0,
      '4': 0,
      '5': 0,
      '6': 0,
      '7': 0,
      '8': 0,
      '9': 0,
      '10': 0,
      '11': 0,
      '12': 0,
      '13': 0,
      '14': 0,
      '15': 0,
      '16': 0,
      '17': 0,
      '18': 0,
      '19': 0,
      '20': 0,
      '21': 0,
      '22': 0,
      '23': 0,
      '24': 0,
      '25': 0,
      '26': 0,
      '27': 0,
      '28': 0,
      '29': 0,
      '30': 0,
      '31': 0
    },
    length: 1,
    _subParams: {
      '0': 0,
      '1': 0,
      '2': 0,
      '3': 0,
      '4': 0,
      '5': 0,
      '6': 0,
      '7': 0,
      '8': 0,
      '9': 0,
      '10': 0,
      '11': 0,
      '12': 0,
      '13': 0,
      '14': 0,
      '15': 0,
      '16': 0,
      '17': 0,
      '18': 0,
      '19': 0,
      '20': 0,
      '21': 0,
      '22': 0,
      '23': 0,
      '24': 0,
      '25': 0,
      '26': 0,
      '27': 0,
      '28': 0,
      '29': 0,
      '30': 0,
      '31': 0
    },
    _subParamsLength: 0,
    _subParamsIdx: {
      '0': 0,
      '1': 0,
      '2': 0,
      '3': 0,
      '4': 0,
      '5': 0,
      '6': 0,
      '7': 0,
      '8': 0,
      '9': 0,
      '10': 0,
      '11': 0,
      '12': 0,
      '13': 0,
      '14': 0,
      '15': 0,
      '16': 0,
      '17': 0,
      '18': 0,
      '19': 0,
      '20': 0,
      '21': 0,
      '22': 0,
      '23': 0,
      '24': 0,
      '25': 0,
      '26': 0,
      '27': 0,
      '28': 0,
      '29': 0,
      '30': 0,
      '31': 0
    },
    _rejectDigits: false,
    _rejectSubDigits: false,
    _digitIsSub: false
  },
  abort: false
}
[IPC Library: Pty Host] xterm.js: Parsing error:  {
  position: 48826,
  code: 127,
  currentState: 0,
  collect: 0,
  params: {
    maxLength: 32,
    maxSubParamsLength: 32,
    params: {
      '0': 0,
      '1': 31,
      '2': 0,
      '3': 0,
      '4': 0,
      '5': 0,
      '6': 0,
      '7': 0,
      '8': 0,
      '9': 0,
      '10': 0,
      '11': 0,
      '12': 0,
      '13': 0,
      '14': 0,
      '15': 0,
      '16': 0,
      '17': 0,
      '18': 0,
      '19': 0,
      '20': 0,
      '21': 0,
      '22': 0,
      '23': 0,
      '24': 0,
      '25': 0,
      '26': 0,
      '27': 0,
      '28': 0,
      '29': 0,
      '30': 0,
      '31': 0
    },
    length: 1,
    _subParams: {
      '0': 0,
      '1': 0,
      '2': 0,
      '3': 0,
      '4': 0,
      '5': 0,
      '6': 0,
      '7': 0,
      '8': 0,
      '9': 0,
      '10': 0,
      '11': 0,
      '12': 0,
      '13': 0,
      '14': 0,
      '15': 0,
      '16': 0,
      '17': 0,
      '18': 0,
      '19': 0,
      '20': 0,
      '21': 0,
      '22': 0,
      '23': 0,
      '24': 0,
      '25': 0,
      '26': 0,
      '27': 0,
      '28': 0,
      '29': 0,
      '30': 0,
      '31': 0
    },
    _subParamsLength: 0,
    _subParamsIdx: {
      '0': 0,
      '1': 0,
      '2': 0,
      '3': 0,
      '4': 0,
      '5': 0,
      '6': 0,
      '7': 0,
      '8': 0,
      '9': 0,
      '10': 0,
      '11': 0,
      '12': 0,
      '13': 0,
      '14': 0,
      '15': 0,
      '16': 0,
      '17': 0,
      '18': 0,
      '19': 0,
      '20': 0,
      '21': 0,
      '22': 0,
      '23': 0,
      '24': 0,
      '25': 0,
      '26': 0,
      '27': 0,
      '28': 0,
      '29': 0,
      '30': 0,
      '31': 0
    },
    _rejectDigits: false,
    _rejectSubDigits: false,
    _digitIsSub: false
  },
  abort: false
}
[IPC Library: Pty Host] xterm.js: Parsing error:  {
  position: 49124,
  code: 127,
  currentState: 0,
  collect: 8225,
  params: {
    maxLength: 32,
    maxSubParamsLength: 32,
    params: {
      '0': 0,
      '1': 31,
      '2': 0,
      '3': 0,
      '4': 0,
      '5': 0,
      '6': 0,
      '7': 0,
      '8': 0,
      '9': 0,
      '10': 0,
      '11': 0,
      '12': 0,
      '13': 0,
      '14': 0,
      '15': 0,
      '16': 0,
      '17': 0,
      '18': 0,
      '19': 0,
      '20': 0,
      '21': 0,
      '22': 0,
      '23': 0,
      '24': 0,
      '25': 0,
      '26': 0,
      '27': 0,
      '28': 0,
      '29': 0,
      '30': 0,
      '31': 0
    },
    length: 1,
    _subParams: {
      '0': 0,
      '1': 0,
      '2': 0,
      '3': 0,
      '4': 0,
      '5': 0,
      '6': 0,
      '7': 0,
      '8': 0,
      '9': 0,
      '10': 0,
      '11': 0,
      '12': 0,
      '13': 0,
      '14': 0,
      '15': 0,
      '16': 0,
      '17': 0,
      '18': 0,
      '19': 0,
      '20': 0,
      '21': 0,
      '22': 0,
      '23': 0,
      '24': 0,
      '25': 0,
      '26': 0,
      '27': 0,
      '28': 0,
      '29': 0,
      '30': 0,
      '31': 0
    },
    _subParamsLength: 0,
    _subParamsIdx: {
      '0': 0,
      '1': 0,
      '2': 0,
      '3': 0,
      '4': 0,
      '5': 0,
      '6': 0,
      '7': 0,
      '8': 0,
      '9': 0,
      '10': 0,
      '11': 0,
      '12': 0,
      '13': 0,
      '14': 0,
      '15': 0,
      '16': 0,
      '17': 0,
      '18': 0,
      '19': 0,
      '20': 0,
      '21': 0,
      '22': 0,
      '23': 0,
      '24': 0,
      '25': 0,
      '26': 0,
      '27': 0,
      '28': 0,
      '29': 0,
      '30': 0,
      '31': 0
    },
    _rejectDigits: false,
    _rejectSubDigits: false,
    _digitIsSub: false
  },
  abort: false
}
[IPC Library: Pty Host] xterm.js: Parsing error:  {
  position: 49421,
  code: 127,
  currentState: 0,
  collect: 8225,
  params: {
    maxLength: 32,
    maxSubParamsLength: 32,
    params: {
      '0': 0,
      '1': 31,
      '2': 0,
      '3': 0,
      '4': 0,
      '5': 0,
      '6': 0,
      '7': 0,
      '8': 0,
      '9': 0,
      '10': 0,
      '11': 0,
      '12': 0,
      '13': 0,
      '14': 0,
      '15': 0,
      '16': 0,
      '17': 0,
      '18': 0,
      '19': 0,
      '20': 0,
      '21': 0,
      '22': 0,
      '23': 0,
      '24': 0,
      '25': 0,
      '26': 0,
      '27': 0,
      '28': 0,
      '29': 0,
      '30': 0,
      '31': 0
    },
    length: 1,
    _subParams: {
      '0': 0,
      '1': 0,
      '2': 0,
      '3': 0,
      '4': 0,
      '5': 0,
      '6': 0,
      '7': 0,
      '8': 0,
      '9': 0,
      '10': 0,
      '11': 0,
      '12': 0,
      '13': 0,
      '14': 0,
      '15': 0,
      '16': 0,
      '17': 0,
      '18': 0,
      '19': 0,
      '20': 0,
      '21': 0,
      '22': 0,
      '23': 0,
      '24': 0,
      '25': 0,
      '26': 0,
      '27': 0,
      '28': 0,
      '29': 0,
      '30': 0,
      '31': 0
    },
    _subParamsLength: 0,
    _subParamsIdx: {
      '0': 0,
      '1': 0,
      '2': 0,
      '3': 0,
      '4': 0,
      '5': 0,
      '6': 0,
      '7': 0,
      '8': 0,
      '9': 0,
      '10': 0,
      '11': 0,
      '12': 0,
      '13': 0,
      '14': 0,
      '15': 0,
      '16': 0,
      '17': 0,
      '18': 0,
      '19': 0,
      '20': 0,
      '21': 0,
      '22': 0,
      '23': 0,
      '24': 0,
      '25': 0,
      '26': 0,
      '27': 0,
      '28': 0,
      '29': 0,
      '30': 0,
      '31': 0
    },
    _rejectDigits: false,
    _rejectSubDigits: false,
    _digitIsSub: false
  },
  abort: false
}
[IPC Library: Pty Host] xterm.js: Parsing error:  {
  position: 49615,
  code: 160,
  currentState: 14,
  collect: 0,
  params: {
    maxLength: 32,
    maxSubParamsLength: 32,
    params: {
      '0': 0,
      '1': 31,
      '2': 0,
      '3': 0,
      '4': 0,
      '5': 0,
      '6': 0,
      '7': 0,
      '8': 0,
      '9': 0,
      '10': 0,
      '11': 0,
      '12': 0,
      '13': 0,
      '14': 0,
      '15': 0,
      '16': 0,
      '17': 0,
      '18': 0,
      '19': 0,
      '20': 0,
      '21': 0,
      '22': 0,
      '23': 0,
      '24': 0,
      '25': 0,
      '26': 0,
      '27': 0,
      '28': 0,
      '29': 0,
      '30': 0,
      '31': 0
    },
    length: 1,
    _subParams: {
      '0': 0,
      '1': 0,
      '2': 0,
      '3': 0,
      '4': 0,
      '5': 0,
      '6': 0,
      '7': 0,
      '8': 0,
      '9': 0,
      '10': 0,
      '11': 0,
      '12': 0,
      '13': 0,
      '14': 0,
      '15': 0,
      '16': 0,
      '17': 0,
      '18': 0,
      '19': 0,
      '20': 0,
      '21': 0,
      '22': 0,
      '23': 0,
      '24': 0,
      '25': 0,
      '26': 0,
      '27': 0,
      '28': 0,
      '29': 0,
      '30': 0,
      '31': 0
    },
    _subParamsLength: 0,
    _subParamsIdx: {
      '0': 0,
      '1': 0,
      '2': 0,
      '3': 0,
      '4': 0,
      '5': 0,
      '6': 0,
      '7': 0,
      '8': 0,
      '9': 0,
      '10': 0,
      '11': 0,
      '12': 0,
      '13': 0,
      '14': 0,
      '15': 0,
      '16': 0,
      '17': 0,
      '18': 0,
      '19': 0,
      '20': 0,
      '21': 0,
      '22': 0,
      '23': 0,
      '24': 0,
      '25': 0,
      '26': 0,
      '27': 0,
      '28': 0,
      '29': 0,
      '30': 0,
      '31': 0
    },
    _rejectDigits: false,
    _rejectSubDigits: false,
    _digitIsSub: false
  },
  abort: false
}
[IPC Library: Pty Host] xterm.js: Parsing error:  {
  position: 50797,
  code: 1617,
  currentState: 9,
  collect: 0,
  params: {
    maxLength: 32,
    maxSubParamsLength: 32,
    params: {
      '0': 0,
      '1': 31,
      '2': 0,
      '3': 0,
      '4': 0,
      '5': 0,
      '6': 0,
      '7': 0,
      '8': 0,
      '9': 0,
      '10': 0,
      '11': 0,
      '12': 0,
      '13': 0,
      '14': 0,
      '15': 0,
      '16': 0,
      '17': 0,
      '18': 0,
      '19': 0,
      '20': 0,
      '21': 0,
      '22': 0,
      '23': 0,
      '24': 0,
      '25': 0,
      '26': 0,
      '27': 0,
      '28': 0,
      '29': 0,
      '30': 0,
      '31': 0
    },
    length: 1,
    _subParams: {
      '0': 0,
      '1': 0,
      '2': 0,
      '3': 0,
      '4': 0,
      '5': 0,
      '6': 0,
      '7': 0,
      '8': 0,
      '9': 0,
      '10': 0,
      '11': 0,
      '12': 0,
      '13': 0,
      '14': 0,
      '15': 0,
      '16': 0,
      '17': 0,
      '18': 0,
      '19': 0,
      '20': 0,
      '21': 0,
      '22': 0,
      '23': 0,
      '24': 0,
      '25': 0,
      '26': 0,
      '27': 0,
      '28': 0,
      '29': 0,
      '30': 0,
      '31': 0
    },
    _subParamsLength: 0,
    _subParamsIdx: {
      '0': 0,
      '1': 0,
      '2': 0,
      '3': 0,
      '4': 0,
      '5': 0,
      '6': 0,
      '7': 0,
      '8': 0,
      '9': 0,
      '10': 0,
      '11': 0,
      '12': 0,
      '13': 0,
      '14': 0,
      '15': 0,
      '16': 0,
      '17': 0,
      '18': 0,
      '19': 0,
      '20': 0,
      '21': 0,
      '22': 0,
      '23': 0,
      '24': 0,
      '25': 0,
      '26': 0,
      '27': 0,
      '28': 0,
      '29': 0,
      '30': 0,
      '31': 0
    },
    _rejectDigits: false,
    _rejectSubDigits: false,
    _digitIsSub: false
  },
  abort: false
}
[IPC Library: Pty Host] xterm.js: Parsing error:  {
  position: 41709,
  code: 160,
  currentState: 14,
  collect: 0,
  params: {
    maxLength: 32,
    maxSubParamsLength: 32,
    params: {
      '0': 0,
      '1': 31,
      '2': 0,
      '3': 0,
      '4': 0,
      '5': 0,
      '6': 0,
      '7': 0,
      '8': 0,
      '9': 0,
      '10': 0,
      '11': 0,
      '12': 0,
      '13': 0,
      '14': 0,
      '15': 0,
      '16': 0,
      '17': 0,
      '18': 0,
      '19': 0,
      '20': 0,
      '21': 0,
      '22': 0,
      '23': 0,
      '24': 0,
      '25': 0,
      '26': 0,
      '27': 0,
      '28': 0,
      '29': 0,
      '30': 0,
      '31': 0
    },
    length: 1,
    _subParams: {
      '0': 0,
      '1': 0,
      '2': 0,
      '3': 0,
      '4': 0,
      '5': 0,
      '6': 0,
      '7': 0,
      '8': 0,
      '9': 0,
      '10': 0,
      '11': 0,
      '12': 0,
      '13': 0,
      '14': 0,
      '15': 0,
      '16': 0,
      '17': 0,
      '18': 0,
      '19': 0,
      '20': 0,
      '21': 0,
      '22': 0,
      '23': 0,
      '24': 0,
      '25': 0,
      '26': 0,
      '27': 0,
      '28': 0,
      '29': 0,
      '30': 0,
      '31': 0
    },
    _subParamsLength: 0,
    _subParamsIdx: {
      '0': 0,
      '1': 0,
      '2': 0,
      '3': 0,
      '4': 0,
      '5': 0,
      '6': 0,
      '7': 0,
      '8': 0,
      '9': 0,
      '10': 0,
      '11': 0,
      '12': 0,
      '13': 0,
      '14': 0,
      '15': 0,
      '16': 0,
      '17': 0,
      '18': 0,
      '19': 0,
      '20': 0,
      '21': 0,
      '22': 0,
      '23': 0,
      '24': 0,
      '25': 0,
      '26': 0,
      '27': 0,
      '28': 0,
      '29': 0,
      '30': 0,
      '31': 0
    },
    _rejectDigits: false,
    _rejectSubDigits: false,
    _digitIsSub: false
  },
  abort: false
}
[IPC Library: Pty Host] xterm.js: Parsing error:  {
  position: 41939,
  code: 160,
  currentState: 14,
  collect: 0,
  params: {
    maxLength: 32,
    maxSubParamsLength: 32,
    params: {
      '0': 0,
      '1': 31,
      '2': 0,
      '3': 0,
      '4': 0,
      '5': 0,
      '6': 0,
      '7': 0,
      '8': 0,
      '9': 0,
      '10': 0,
      '11': 0,
      '12': 0,
      '13': 0,
      '14': 0,
      '15': 0,
      '16': 0,
      '17': 0,
      '18': 0,
      '19': 0,
      '20': 0,
      '21': 0,
      '22': 0,
      '23': 0,
      '24': 0,
      '25': 0,
      '26': 0,
      '27': 0,
      '28': 0,
      '29': 0,
      '30': 0,
      '31': 0
    },
    length: 1,
    _subParams: {
      '0': 0,
      '1': 0,
      '2': 0,
      '3': 0,
      '4': 0,
      '5': 0,
      '6': 0,
      '7': 0,
      '8': 0,
      '9': 0,
      '10': 0,
      '11': 0,
      '12': 0,
      '13': 0,
      '14': 0,
      '15': 0,
      '16': 0,
      '17': 0,
      '18': 0,
      '19': 0,
      '20': 0,
      '21': 0,
      '22': 0,
      '23': 0,
      '24': 0,
      '25': 0,
      '26': 0,
      '27': 0,
      '28': 0,
      '29': 0,
      '30': 0,
      '31': 0
    },
    _subParamsLength: 0,
    _subParamsIdx: {
      '0': 0,
      '1': 0,
      '2': 0,
      '3': 0,
      '4': 0,
      '5': 0,
      '6': 0,
      '7': 0,
      '8': 0,
      '9': 0,
      '10': 0,
      '11': 0,
      '12': 0,
      '13': 0,
      '14': 0,
      '15': 0,
      '16': 0,
      '17': 0,
      '18': 0,
      '19': 0,
      '20': 0,
      '21': 0,
      '22': 0,
      '23': 0,
      '24': 0,
      '25': 0,
      '26': 0,
      '27': 0,
      '28': 0,
      '29': 0,
      '30': 0,
      '31': 0
    },
    _rejectDigits: false,
    _rejectSubDigits: false,
    _digitIsSub: false
  },
  abort: false
}
[IPC Library: Pty Host] xterm.js: Parsing error:  {
  position: 42169,
  code: 160,
  currentState: 14,
  collect: 0,
  params: {
    maxLength: 32,
    maxSubParamsLength: 32,
    params: {
      '0': 0,
      '1': 31,
      '2': 0,
      '3': 0,
      '4': 0,
      '5': 0,
      '6': 0,
      '7': 0,
      '8': 0,
      '9': 0,
      '10': 0,
      '11': 0,
      '12': 0,
      '13': 0,
      '14': 0,
      '15': 0,
      '16': 0,
      '17': 0,
      '18': 0,
      '19': 0,
      '20': 0,
      '21': 0,
      '22': 0,
      '23': 0,
      '24': 0,
      '25': 0,
      '26': 0,
      '27': 0,
      '28': 0,
      '29': 0,
      '30': 0,
      '31': 0
    },
    length: 1,
    _subParams: {
      '0': 0,
      '1': 0,
      '2': 0,
      '3': 0,
      '4': 0,
      '5': 0,
      '6': 0,
      '7': 0,
      '8': 0,
      '9': 0,
      '10': 0,
      '11': 0,
      '12': 0,
      '13': 0,
      '14': 0,
      '15': 0,
      '16': 0,
      '17': 0,
      '18': 0,
      '19': 0,
      '20': 0,
      '21': 0,
      '22': 0,
      '23': 0,
      '24': 0,
      '25': 0,
      '26': 0,
      '27': 0,
      '28': 0,
      '29': 0,
      '30': 0,
      '31': 0
    },
    _subParamsLength: 0,
    _subParamsIdx: {
      '0': 0,
      '1': 0,
      '2': 0,
      '3': 0,
      '4': 0,
      '5': 0,
      '6': 0,
      '7': 0,
      '8': 0,
      '9': 0,
      '10': 0,
      '11': 0,
      '12': 0,
      '13': 0,
      '14': 0,
      '15': 0,
      '16': 0,
      '17': 0,
      '18': 0,
      '19': 0,
      '20': 0,
      '21': 0,
      '22': 0,
      '23': 0,
      '24': 0,
      '25': 0,
      '26': 0,
      '27': 0,
      '28': 0,
      '29': 0,
      '30': 0,
      '31': 0
    },
    _rejectDigits: false,
    _rejectSubDigits: false,
    _digitIsSub: false
  },
  abort: false
}
[IPC Library: Pty Host] xterm.js: Parsing error:  {
  position: 42399,
  code: 160,
  currentState: 14,
  collect: 0,
  params: {
    maxLength: 32,
    maxSubParamsLength: 32,
    params: {
      '0': 0,
      '1': 31,
      '2': 0,
      '3': 0,
      '4': 0,
      '5': 0,
      '6': 0,
      '7': 0,
      '8': 0,
      '9': 0,
      '10': 0,
      '11': 0,
      '12': 0,
      '13': 0,
      '14': 0,
      '15': 0,
      '16': 0,
      '17': 0,
      '18': 0,
      '19': 0,
      '20': 0,
      '21': 0,
      '22': 0,
      '23': 0,
      '24': 0,
      '25': 0,
      '26': 0,
      '27': 0,
      '28': 0,
      '29': 0,
      '30': 0,
      '31': 0
    },
    length: 1,
    _subParams: {
      '0': 0,
      '1': 0,
      '2': 0,
      '3': 0,
      '4': 0,
      '5': 0,
      '6': 0,
      '7': 0,
      '8': 0,
      '9': 0,
      '10': 0,
      '11': 0,
      '12': 0,
      '13': 0,
      '14': 0,
      '15': 0,
      '16': 0,
      '17': 0,
      '18': 0,
      '19': 0,
      '20': 0,
      '21': 0,
      '22': 0,
      '23': 0,
      '24': 0,
      '25': 0,
      '26': 0,
      '27': 0,
      '28': 0,
      '29': 0,
      '30': 0,
      '31': 0
    },
    _subParamsLength: 0,
    _subParamsIdx: {
      '0': 0,
      '1': 0,
      '2': 0,
      '3': 0,
      '4': 0,
      '5': 0,
      '6': 0,
      '7': 0,
      '8': 0,
      '9': 0,
      '10': 0,
      '11': 0,
      '12': 0,
      '13': 0,
      '14': 0,
      '15': 0,
      '16': 0,
      '17': 0,
      '18': 0,
      '19': 0,
      '20': 0,
      '21': 0,
      '22': 0,
      '23': 0,
      '24': 0,
      '25': 0,
      '26': 0,
      '27': 0,
      '28': 0,
      '29': 0,
      '30': 0,
      '31': 0
    },
    _rejectDigits: false,
    _rejectSubDigits: false,
    _digitIsSub: false
  },
  abort: false
}
[IPC Library: Pty Host] xterm.js: Parsing error:  {
  position: 42629,
  code: 160,
  currentState: 14,
  collect: 0,
  params: {
    maxLength: 32,
    maxSubParamsLength: 32,
    params: {
      '0': 0,
      '1': 31,
      '2': 0,
      '3': 0,
      '4': 0,
      '5': 0,
      '6': 0,
      '7': 0,
      '8': 0,
      '9': 0,
      '10': 0,
      '11': 0,
      '12': 0,
      '13': 0,
      '14': 0,
      '15': 0,
      '16': 0,
      '17': 0,
      '18': 0,
      '19': 0,
      '20': 0,
      '21': 0,
      '22': 0,
      '23': 0,
      '24': 0,
      '25': 0,
      '26': 0,
      '27': 0,
      '28': 0,
      '29': 0,
      '30': 0,
      '31': 0
    },
    length: 1,
    _subParams: {
      '0': 0,
      '1': 0,
      '2': 0,
      '3': 0,
      '4': 0,
      '5': 0,
      '6': 0,
      '7': 0,
      '8': 0,
      '9': 0,
      '10': 0,
      '11': 0,
      '12': 0,
      '13': 0,
      '14': 0,
      '15': 0,
      '16': 0,
      '17': 0,
      '18': 0,
      '19': 0,
      '20': 0,
      '21': 0,
      '22': 0,
      '23': 0,
      '24': 0,
      '25': 0,
      '26': 0,
      '27': 0,
      '28': 0,
      '29': 0,
      '30': 0,
      '31': 0
    },
    _subParamsLength: 0,
    _subParamsIdx: {
      '0': 0,
      '1': 0,
      '2': 0,
      '3': 0,
      '4': 0,
      '5': 0,
      '6': 0,
      '7': 0,
      '8': 0,
      '9': 0,
      '10': 0,
      '11': 0,
      '12': 0,
      '13': 0,
      '14': 0,
      '15': 0,
      '16': 0,
      '17': 0,
      '18': 0,
      '19': 0,
      '20': 0,
      '21': 0,
      '22': 0,
      '23': 0,
      '24': 0,
      '25': 0,
      '26': 0,
      '27': 0,
      '28': 0,
      '29': 0,
      '30': 0,
      '31': 0
    },
    _rejectDigits: false,
    _rejectSubDigits: false,
    _digitIsSub: false
  },
  abort: false
}
[IPC Library: Pty Host] xterm.js: Parsing error:  {
  position: 42859,
  code: 160,
  currentState: 14,
  collect: 0,
  params: {
    maxLength: 32,
    maxSubParamsLength: 32,
    params: {
      '0': 0,
      '1': 31,
      '2': 0,
      '3': 0,
      '4': 0,
      '5': 0,
      '6': 0,
      '7': 0,
      '8': 0,
      '9': 0,
      '10': 0,
      '11': 0,
      '12': 0,
      '13': 0,
      '14': 0,
      '15': 0,
      '16': 0,
      '17': 0,
      '18': 0,
      '19': 0,
      '20': 0,
      '21': 0,
      '22': 0,
      '23': 0,
      '24': 0,
      '25': 0,
      '26': 0,
      '27': 0,
      '28': 0,
      '29': 0,
      '30': 0,
      '31': 0
    },
    length: 1,
    _subParams: {
      '0': 0,
      '1': 0,
      '2': 0,
      '3': 0,
      '4': 0,
      '5': 0,
      '6': 0,
      '7': 0,
      '8': 0,
      '9': 0,
      '10': 0,
      '11': 0,
      '12': 0,
      '13': 0,
      '14': 0,
      '15': 0,
      '16': 0,
      '17': 0,
      '18': 0,
      '19': 0,
      '20': 0,
      '21': 0,
      '22': 0,
      '23': 0,
      '24': 0,
      '25': 0,
      '26': 0,
      '27': 0,
      '28': 0,
      '29': 0,
      '30': 0,
      '31': 0
    },
    _subParamsLength: 0,
    _subParamsIdx: {
      '0': 0,
      '1': 0,
      '2': 0,
      '3': 0,
      '4': 0,
      '5': 0,
      '6': 0,
      '7': 0,
      '8': 0,
      '9': 0,
      '10': 0,
      '11': 0,
      '12': 0,
      '13': 0,
      '14': 0,
      '15': 0,
      '16': 0,
      '17': 0,
      '18': 0,
      '19': 0,
      '20': 0,
      '21': 0,
      '22': 0,
      '23': 0,
      '24': 0,
      '25': 0,
      '26': 0,
      '27': 0,
      '28': 0,
      '29': 0,
      '30': 0,
      '31': 0
    },
    _rejectDigits: false,
    _rejectSubDigits: false,
    _digitIsSub: false
  },
  abort: false
}
[IPC Library: Pty Host] xterm.js: Parsing error:  {
  position: 43089,
  code: 160,
  currentState: 14,
  collect: 0,
  params: {
    maxLength: 32,
    maxSubParamsLength: 32,
    params: {
      '0': 0,
      '1': 31,
      '2': 0,
      '3': 0,
      '4': 0,
      '5': 0,
      '6': 0,
      '7': 0,
      '8': 0,
      '9': 0,
      '10': 0,
      '11': 0,
      '12': 0,
      '13': 0,
      '14': 0,
      '15': 0,
      '16': 0,
      '17': 0,
      '18': 0,
      '19': 0,
      '20': 0,
      '21': 0,
      '22': 0,
      '23': 0,
      '24': 0,
      '25': 0,
      '26': 0,
      '27': 0,
      '28': 0,
      '29': 0,
      '30': 0,
      '31': 0
    },
    length: 1,
    _subParams: {
      '0': 0,
      '1': 0,
      '2': 0,
      '3': 0,
      '4': 0,
      '5': 0,
      '6': 0,
      '7': 0,
      '8': 0,
      '9': 0,
      '10': 0,
      '11': 0,
      '12': 0,
      '13': 0,
      '14': 0,
      '15': 0,
      '16': 0,
      '17': 0,
      '18': 0,
      '19': 0,
      '20': 0,
      '21': 0,
      '22': 0,
      '23': 0,
      '24': 0,
      '25': 0,
      '26': 0,
      '27': 0,
      '28': 0,
      '29': 0,
      '30': 0,
      '31': 0
    },
    _subParamsLength: 0,
    _subParamsIdx: {
      '0': 0,
      '1': 0,
      '2': 0,
      '3': 0,
      '4': 0,
      '5': 0,
      '6': 0,
      '7': 0,
      '8': 0,
      '9': 0,
      '10': 0,
      '11': 0,
      '12': 0,
      '13': 0,
      '14': 0,
      '15': 0,
      '16': 0,
      '17': 0,
      '18': 0,
      '19': 0,
      '20': 0,
      '21': 0,
      '22': 0,
      '23': 0,
      '24': 0,
      '25': 0,
      '26': 0,
      '27': 0,
      '28': 0,
      '29': 0,
      '30': 0,
      '31': 0
    },
    _rejectDigits: false,
    _rejectSubDigits: false,
    _digitIsSub: false
  },
  abort: false
}
[IPC Library: Pty Host] xterm.js: Parsing error:  {
  position: 43319,
  code: 160,
  currentState: 14,
  collect: 0,
  params: {
    maxLength: 32,
    maxSubParamsLength: 32,
    params: {
      '0': 0,
      '1': 31,
      '2': 0,
      '3': 0,
      '4': 0,
      '5': 0,
      '6': 0,
      '7': 0,
      '8': 0,
      '9': 0,
      '10': 0,
      '11': 0,
      '12': 0,
      '13': 0,
      '14': 0,
      '15': 0,
      '16': 0,
      '17': 0,
      '18': 0,
      '19': 0,
      '20': 0,
      '21': 0,
      '22': 0,
      '23': 0,
      '24': 0,
      '25': 0,
      '26': 0,
      '27': 0,
      '28': 0,
      '29': 0,
      '30': 0,
      '31': 0
    },
    length: 1,
    _subParams: {
      '0': 0,
      '1': 0,
      '2': 0,
      '3': 0,
      '4': 0,
      '5': 0,
      '6': 0,
      '7': 0,
      '8': 0,
      '9': 0,
      '10': 0,
      '11': 0,
      '12': 0,
      '13': 0,
      '14': 0,
      '15': 0,
      '16': 0,
      '17': 0,
      '18': 0,
      '19': 0,
      '20': 0,
      '21': 0,
      '22': 0,
      '23': 0,
      '24': 0,
      '25': 0,
      '26': 0,
      '27': 0,
      '28': 0,
      '29': 0,
      '30': 0,
      '31': 0
    },
    _subParamsLength: 0,
    _subParamsIdx: {
      '0': 0,
      '1': 0,
      '2': 0,
      '3': 0,
      '4': 0,
      '5': 0,
      '6': 0,
      '7': 0,
      '8': 0,
      '9': 0,
      '10': 0,
      '11': 0,
      '12': 0,
      '13': 0,
      '14': 0,
      '15': 0,
      '16': 0,
      '17': 0,
      '18': 0,
      '19': 0,
      '20': 0,
      '21': 0,
      '22': 0,
      '23': 0,
      '24': 0,
      '25': 0,
      '26': 0,
      '27': 0,
      '28': 0,
      '29': 0,
      '30': 0,
      '31': 0
    },
    _rejectDigits: false,
    _rejectSubDigits: false,
    _digitIsSub: false
  },
  abort: false
}
[IPC Library: Pty Host] xterm.js: Parsing error:  {
  position: 43549,
  code: 160,
  currentState: 14,
  collect: 0,
  params: {
    maxLength: 32,
    maxSubParamsLength: 32,
    params: {
      '0': 0,
      '1': 31,
      '2': 0,
      '3': 0,
      '4': 0,
      '5': 0,
      '6': 0,
      '7': 0,
      '8': 0,
      '9': 0,
      '10': 0,
      '11': 0,
      '12': 0,
      '13': 0,
      '14': 0,
      '15': 0,
      '16': 0,
      '17': 0,
      '18': 0,
      '19': 0,
      '20': 0,
      '21': 0,
      '22': 0,
      '23': 0,
      '24': 0,
      '25': 0,
      '26': 0,
      '27': 0,
      '28': 0,
      '29': 0,
      '30': 0,
      '31': 0
    },
    length: 1,
    _subParams: {
      '0': 0,
      '1': 0,
      '2': 0,
      '3': 0,
      '4': 0,
      '5': 0,
      '6': 0,
      '7': 0,
      '8': 0,
      '9': 0,
      '10': 0,
      '11': 0,
      '12': 0,
      '13': 0,
      '14': 0,
      '15': 0,
      '16': 0,
      '17': 0,
      '18': 0,
      '19': 0,
      '20': 0,
      '21': 0,
      '22': 0,
      '23': 0,
      '24': 0,
      '25': 0,
      '26': 0,
      '27': 0,
      '28': 0,
      '29': 0,
      '30': 0,
      '31': 0
    },
    _subParamsLength: 0,
    _subParamsIdx: {
      '0': 0,
      '1': 0,
      '2': 0,
      '3': 0,
      '4': 0,
      '5': 0,
      '6': 0,
      '7': 0,
      '8': 0,
      '9': 0,
      '10': 0,
      '11': 0,
      '12': 0,
      '13': 0,
      '14': 0,
      '15': 0,
      '16': 0,
      '17': 0,
      '18': 0,
      '19': 0,
      '20': 0,
      '21': 0,
      '22': 0,
      '23': 0,
      '24': 0,
      '25': 0,
      '26': 0,
      '27': 0,
      '28': 0,
      '29': 0,
      '30': 0,
      '31': 0
    },
    _rejectDigits: false,
    _rejectSubDigits: false,
    _digitIsSub: false
  },
  abort: false
}
[IPC Library: Pty Host] xterm.js: Parsing error:  {
  position: 43780,
  code: 160,
  currentState: 14,
  collect: 0,
  params: {
    maxLength: 32,
    maxSubParamsLength: 32,
    params: {
      '0': 0,
      '1': 31,
      '2': 0,
      '3': 0,
      '4': 0,
      '5': 0,
      '6': 0,
      '7': 0,
      '8': 0,
      '9': 0,
      '10': 0,
      '11': 0,
      '12': 0,
      '13': 0,
      '14': 0,
      '15': 0,
      '16': 0,
      '17': 0,
      '18': 0,
      '19': 0,
      '20': 0,
      '21': 0,
      '22': 0,
      '23': 0,
      '24': 0,
      '25': 0,
      '26': 0,
      '27': 0,
      '28': 0,
      '29': 0,
      '30': 0,
      '31': 0
    },
    length: 1,
    _subParams: {
      '0': 0,
      '1': 0,
      '2': 0,
      '3': 0,
      '4': 0,
      '5': 0,
      '6': 0,
      '7': 0,
      '8': 0,
      '9': 0,
      '10': 0,
      '11': 0,
      '12': 0,
      '13': 0,
      '14': 0,
      '15': 0,
      '16': 0,
      '17': 0,
      '18': 0,
      '19': 0,
      '20': 0,
      '21': 0,
      '22': 0,
      '23': 0,
      '24': 0,
      '25': 0,
      '26': 0,
      '27': 0,
      '28': 0,
      '29': 0,
      '30': 0,
      '31': 0
    },
    _subParamsLength: 0,
    _subParamsIdx: {
      '0': 0,
      '1': 0,
      '2': 0,
      '3': 0,
      '4': 0,
      '5': 0,
      '6': 0,
      '7': 0,
      '8': 0,
      '9': 0,
      '10': 0,
      '11': 0,
      '12': 0,
      '13': 0,
      '14': 0,
      '15': 0,
      '16': 0,
      '17': 0,
      '18': 0,
      '19': 0,
      '20': 0,
      '21': 0,
      '22': 0,
      '23': 0,
      '24': 0,
      '25': 0,
      '26': 0,
      '27': 0,
      '28': 0,
      '29': 0,
      '30': 0,
      '31': 0
    },
    _rejectDigits: false,
    _rejectSubDigits: false,
    _digitIsSub: false
  },
  abort: false
}
[IPC Library: Pty Host] xterm.js: Parsing error:  {
  position: 44012,
  code: 160,
  currentState: 14,
  collect: 0,
  params: {
    maxLength: 32,
    maxSubParamsLength: 32,
    params: {
      '0': 0,
      '1': 31,
      '2': 0,
      '3': 0,
      '4': 0,
      '5': 0,
      '6': 0,
      '7': 0,
      '8': 0,
      '9': 0,
      '10': 0,
      '11': 0,
      '12': 0,
      '13': 0,
      '14': 0,
      '15': 0,
      '16': 0,
      '17': 0,
      '18': 0,
      '19': 0,
      '20': 0,
      '21': 0,
      '22': 0,
      '23': 0,
      '24': 0,
      '25': 0,
      '26': 0,
      '27': 0,
      '28': 0,
      '29': 0,
      '30': 0,
      '31': 0
    },
    length: 1,
    _subParams: {
      '0': 0,
      '1': 0,
      '2': 0,
      '3': 0,
      '4': 0,
      '5': 0,
      '6': 0,
      '7': 0,
      '8': 0,
      '9': 0,
      '10': 0,
      '11': 0,
      '12': 0,
      '13': 0,
      '14': 0,
      '15': 0,
      '16': 0,
      '17': 0,
      '18': 0,
      '19': 0,
      '20': 0,
      '21': 0,
      '22': 0,
      '23': 0,
      '24': 0,
      '25': 0,
      '26': 0,
      '27': 0,
      '28': 0,
      '29': 0,
      '30': 0,
      '31': 0
    },
    _subParamsLength: 0,
    _subParamsIdx: {
      '0': 0,
      '1': 0,
      '2': 0,
      '3': 0,
      '4': 0,
      '5': 0,
      '6': 0,
      '7': 0,
      '8': 0,
      '9': 0,
      '10': 0,
      '11': 0,
      '12': 0,
      '13': 0,
      '14': 0,
      '15': 0,
      '16': 0,
      '17': 0,
      '18': 0,
      '19': 0,
      '20': 0,
      '21': 0,
      '22': 0,
      '23': 0,
      '24': 0,
      '25': 0,
      '26': 0,
      '27': 0,
      '28': 0,
      '29': 0,
      '30': 0,
      '31': 0
    },
    _rejectDigits: false,
    _rejectSubDigits: false,
    _digitIsSub: false
  },
  abort: false
}
[IPC Library: Pty Host] xterm.js: Parsing error:  {
  position: 44244,
  code: 160,
  currentState: 14,
  collect: 0,
  params: {
    maxLength: 32,
    maxSubParamsLength: 32,
    params: {
      '0': 0,
      '1': 31,
      '2': 0,
      '3': 0,
      '4': 0,
      '5': 0,
      '6': 0,
      '7': 0,
      '8': 0,
      '9': 0,
      '10': 0,
      '11': 0,
      '12': 0,
      '13': 0,
      '14': 0,
      '15': 0,
      '16': 0,
      '17': 0,
      '18': 0,
      '19': 0,
      '20': 0,
      '21': 0,
      '22': 0,
      '23': 0,
      '24': 0,
      '25': 0,
      '26': 0,
      '27': 0,
      '28': 0,
      '29': 0,
      '30': 0,
      '31': 0
    },
    length: 1,
    _subParams: {
      '0': 0,
      '1': 0,
      '2': 0,
      '3': 0,
      '4': 0,
      '5': 0,
      '6': 0,
      '7': 0,
      '8': 0,
      '9': 0,
      '10': 0,
      '11': 0,
      '12': 0,
      '13': 0,
      '14': 0,
      '15': 0,
      '16': 0,
      '17': 0,
      '18': 0,
      '19': 0,
      '20': 0,
      '21': 0,
      '22': 0,
      '23': 0,
      '24': 0,
      '25': 0,
      '26': 0,
      '27': 0,
      '28': 0,
      '29': 0,
      '30': 0,
      '31': 0
    },
    _subParamsLength: 0,
    _subParamsIdx: {
      '0': 0,
      '1': 0,
      '2': 0,
      '3': 0,
      '4': 0,
      '5': 0,
      '6': 0,
      '7': 0,
      '8': 0,
      '9': 0,
      '10': 0,
      '11': 0,
      '12': 0,
      '13': 0,
      '14': 0,
      '15': 0,
      '16': 0,
      '17': 0,
      '18': 0,
      '19': 0,
      '20': 0,
      '21': 0,
      '22': 0,
      '23': 0,
      '24': 0,
      '25': 0,
      '26': 0,
      '27': 0,
      '28': 0,
      '29': 0,
      '30': 0,
      '31': 0
    },
    _rejectDigits: false,
    _rejectSubDigits: false,
    _digitIsSub: false
  },
  abort: false
}
[IPC Library: Pty Host] xterm.js: Parsing error:  {
  position: 44476,
  code: 160,
  currentState: 14,
  collect: 0,
  params: {
    maxLength: 32,
    maxSubParamsLength: 32,
    params: {
      '0': 0,
      '1': 31,
      '2': 0,
      '3': 0,
      '4': 0,
      '5': 0,
      '6': 0,
      '7': 0,
      '8': 0,
      '9': 0,
      '10': 0,
      '11': 0,
      '12': 0,
      '13': 0,
      '14': 0,
      '15': 0,
      '16': 0,
      '17': 0,
      '18': 0,
      '19': 0,
      '20': 0,
      '21': 0,
      '22': 0,
      '23': 0,
      '24': 0,
      '25': 0,
      '26': 0,
      '27': 0,
      '28': 0,
      '29': 0,
      '30': 0,
      '31': 0
    },
    length: 1,
    _subParams: {
      '0': 0,
      '1': 0,
      '2': 0,
      '3': 0,
      '4': 0,
      '5': 0,
      '6': 0,
      '7': 0,
      '8': 0,
      '9': 0,
      '10': 0,
      '11': 0,
      '12': 0,
      '13': 0,
      '14': 0,
      '15': 0,
      '16': 0,
      '17': 0,
      '18': 0,
      '19': 0,
      '20': 0,
      '21': 0,
      '22': 0,
      '23': 0,
      '24': 0,
      '25': 0,
      '26': 0,
      '27': 0,
      '28': 0,
      '29': 0,
      '30': 0,
      '31': 0
    },
    _subParamsLength: 0,
    _subParamsIdx: {
      '0': 0,
      '1': 0,
      '2': 0,
      '3': 0,
      '4': 0,
      '5': 0,
      '6': 0,
      '7': 0,
      '8': 0,
      '9': 0,
      '10': 0,
      '11': 0,
      '12': 0,
      '13': 0,
      '14': 0,
      '15': 0,
      '16': 0,
      '17': 0,
      '18': 0,
      '19': 0,
      '20': 0,
      '21': 0,
      '22': 0,
      '23': 0,
      '24': 0,
      '25': 0,
      '26': 0,
      '27': 0,
      '28': 0,
      '29': 0,
      '30': 0,
      '31': 0
    },
    _rejectDigits: false,
    _rejectSubDigits: false,
    _digitIsSub: false
  },
  abort: false
}
[IPC Library: Pty Host] xterm.js: Parsing error:  {
  position: 44708,
  code: 160,
  currentState: 14,
  collect: 0,
  params: {
    maxLength: 32,
    maxSubParamsLength: 32,
    params: {
      '0': 0,
      '1': 31,
      '2': 0,
      '3': 0,
      '4': 0,
      '5': 0,
      '6': 0,
      '7': 0,
      '8': 0,
      '9': 0,
      '10': 0,
      '11': 0,
      '12': 0,
      '13': 0,
      '14': 0,
      '15': 0,
      '16': 0,
      '17': 0,
      '18': 0,
      '19': 0,
      '20': 0,
      '21': 0,
      '22': 0,
      '23': 0,
      '24': 0,
      '25': 0,
      '26': 0,
      '27': 0,
      '28': 0,
      '29': 0,
      '30': 0,
      '31': 0
    },
    length: 1,
    _subParams: {
      '0': 0,
      '1': 0,
      '2': 0,
      '3': 0,
      '4': 0,
      '5': 0,
      '6': 0,
      '7': 0,
      '8': 0,
      '9': 0,
      '10': 0,
      '11': 0,
      '12': 0,
      '13': 0,
      '14': 0,
      '15': 0,
      '16': 0,
      '17': 0,
      '18': 0,
      '19': 0,
      '20': 0,
      '21': 0,
      '22': 0,
      '23': 0,
      '24': 0,
      '25': 0,
      '26': 0,
      '27': 0,
      '28': 0,
      '29': 0,
      '30': 0,
      '31': 0
    },
    _subParamsLength: 0,
    _subParamsIdx: {
      '0': 0,
      '1': 0,
      '2': 0,
      '3': 0,
      '4': 0,
      '5': 0,
      '6': 0,
      '7': 0,
      '8': 0,
      '9': 0,
      '10': 0,
      '11': 0,
      '12': 0,
      '13': 0,
      '14': 0,
      '15': 0,
      '16': 0,
      '17': 0,
      '18': 0,
      '19': 0,
      '20': 0,
      '21': 0,
      '22': 0,
      '23': 0,
      '24': 0,
      '25': 0,
      '26': 0,
      '27': 0,
      '28': 0,
      '29': 0,
      '30': 0,
      '31': 0
    },
    _rejectDigits: false,
    _rejectSubDigits: false,
    _digitIsSub: false
  },
  abort: false
}
[IPC Library: Pty Host] xterm.js: Parsing error:  {
  position: 44940,
  code: 160,
  currentState: 14,
  collect: 0,
  params: {
    maxLength: 32,
    maxSubParamsLength: 32,
    params: {
      '0': 0,
      '1': 31,
      '2': 0,
      '3': 0,
      '4': 0,
      '5': 0,
      '6': 0,
      '7': 0,
      '8': 0,
      '9': 0,
      '10': 0,
      '11': 0,
      '12': 0,
      '13': 0,
      '14': 0,
      '15': 0,
      '16': 0,
      '17': 0,
      '18': 0,
      '19': 0,
      '20': 0,
      '21': 0,
      '22': 0,
      '23': 0,
      '24': 0,
      '25': 0,
      '26': 0,
      '27': 0,
      '28': 0,
      '29': 0,
      '30': 0,
      '31': 0
    },
    length: 1,
    _subParams: {
      '0': 0,
      '1': 0,
      '2': 0,
      '3': 0,
      '4': 0,
      '5': 0,
      '6': 0,
      '7': 0,
      '8': 0,
      '9': 0,
      '10': 0,
      '11': 0,
      '12': 0,
      '13': 0,
      '14': 0,
      '15': 0,
      '16': 0,
      '17': 0,
      '18': 0,
      '19': 0,
      '20': 0,
      '21': 0,
      '22': 0,
      '23': 0,
      '24': 0,
      '25': 0,
      '26': 0,
      '27': 0,
      '28': 0,
      '29': 0,
      '30': 0,
      '31': 0
    },
    _subParamsLength: 0,
    _subParamsIdx: {
      '0': 0,
      '1': 0,
      '2': 0,
      '3': 0,
      '4': 0,
      '5': 0,
      '6': 0,
      '7': 0,
      '8': 0,
      '9': 0,
      '10': 0,
      '11': 0,
      '12': 0,
      '13': 0,
      '14': 0,
      '15': 0,
      '16': 0,
      '17': 0,
      '18': 0,
      '19': 0,
      '20': 0,
      '21': 0,
      '22': 0,
      '23': 0,
      '24': 0,
      '25': 0,
      '26': 0,
      '27': 0,
      '28': 0,
      '29': 0,
      '30': 0,
      '31': 0
    },
    _rejectDigits: false,
    _rejectSubDigits: false,
    _digitIsSub: false
  },
  abort: false
}
[IPC Library: Pty Host] xterm.js: Parsing error:  {
  position: 48704,
  code: 127,
  currentState: 0,
  collect: 0,
  params: {
    maxLength: 32,
    maxSubParamsLength: 32,
    params: {
      '0': 0,
      '1': 31,
      '2': 0,
      '3': 0,
      '4': 0,
      '5': 0,
      '6': 0,
      '7': 0,
      '8': 0,
      '9': 0,
      '10': 0,
      '11': 0,
      '12': 0,
      '13': 0,
      '14': 0,
      '15': 0,
      '16': 0,
      '17': 0,
      '18': 0,
      '19': 0,
      '20': 0,
      '21': 0,
      '22': 0,
      '23': 0,
      '24': 0,
      '25': 0,
      '26': 0,
      '27': 0,
      '28': 0,
      '29': 0,
      '30': 0,
      '31': 0
    },
    length: 1,
    _subParams: {
      '0': 0,
      '1': 0,
      '2': 0,
      '3': 0,
      '4': 0,
      '5': 0,
      '6': 0,
      '7': 0,
      '8': 0,
      '9': 0,
      '10': 0,
      '11': 0,
      '12': 0,
      '13': 0,
      '14': 0,
      '15': 0,
      '16': 0,
      '17': 0,
      '18': 0,
      '19': 0,
      '20': 0,
      '21': 0,
      '22': 0,
      '23': 0,
      '24': 0,
      '25': 0,
      '26': 0,
      '27': 0,
      '28': 0,
      '29': 0,
      '30': 0,
      '31': 0
    },
    _subParamsLength: 0,
    _subParamsIdx: {
      '0': 0,
      '1': 0,
      '2': 0,
      '3': 0,
      '4': 0,
      '5': 0,
      '6': 0,
      '7': 0,
      '8': 0,
      '9': 0,
      '10': 0,
      '11': 0,
      '12': 0,
      '13': 0,
      '14': 0,
      '15': 0,
      '16': 0,
      '17': 0,
      '18': 0,
      '19': 0,
      '20': 0,
      '21': 0,
      '22': 0,
      '23': 0,
      '24': 0,
      '25': 0,
      '26': 0,
      '27': 0,
      '28': 0,
      '29': 0,
      '30': 0,
      '31': 0
    },
    _rejectDigits: false,
    _rejectSubDigits: false,
    _digitIsSub: false
  },
  abort: false
}
[IPC Library: Pty Host] xterm.js: Parsing error:  {
  position: 49741,
  code: 160,
  currentState: 14,
  collect: 0,
  params: {
    maxLength: 32,
    maxSubParamsLength: 32,
    params: {
      '0': 0,
      '1': 31,
      '2': 0,
      '3': 0,
      '4': 0,
      '5': 0,
      '6': 0,
      '7': 0,
      '8': 0,
      '9': 0,
      '10': 0,
      '11': 0,
      '12': 0,
      '13': 0,
      '14': 0,
      '15': 0,
      '16': 0,
      '17': 0,
      '18': 0,
      '19': 0,
      '20': 0,
      '21': 0,
      '22': 0,
      '23': 0,
      '24': 0,
      '25': 0,
      '26': 0,
      '27': 0,
      '28': 0,
      '29': 0,
      '30': 0,
      '31': 0
    },
    length: 1,
    _subParams: {
      '0': 0,
      '1': 0,
      '2': 0,
      '3': 0,
      '4': 0,
      '5': 0,
      '6': 0,
      '7': 0,
      '8': 0,
      '9': 0,
      '10': 0,
      '11': 0,
      '12': 0,
      '13': 0,
      '14': 0,
      '15': 0,
      '16': 0,
      '17': 0,
      '18': 0,
      '19': 0,
      '20': 0,
      '21': 0,
      '22': 0,
      '23': 0,
      '24': 0,
      '25': 0,
      '26': 0,
      '27': 0,
      '28': 0,
      '29': 0,
      '30': 0,
      '31': 0
    },
    _subParamsLength: 0,
    _subParamsIdx: {
      '0': 0,
      '1': 0,
      '2': 0,
      '3': 0,
      '4': 0,
      '5': 0,
      '6': 0,
      '7': 0,
      '8': 0,
      '9': 0,
      '10': 0,
      '11': 0,
      '12': 0,
      '13': 0,
      '14': 0,
      '15': 0,
      '16': 0,
      '17': 0,
      '18': 0,
      '19': 0,
      '20': 0,
      '21': 0,
      '22': 0,
      '23': 0,
      '24': 0,
      '25': 0,
      '26': 0,
      '27': 0,
      '28': 0,
      '29': 0,
      '30': 0,
      '31': 0
    },
    _rejectDigits: false,
    _rejectSubDigits: false,
    _digitIsSub: false
  },
  abort: false
}
[IPC Library: Pty Host] xterm.js: Parsing error:  {
  position: 50249,
  code: 160,
  currentState: 14,
  collect: 0,
  params: {
    maxLength: 32,
    maxSubParamsLength: 32,
    params: {
      '0': 0,
      '1': 31,
      '2': 0,
      '3': 0,
      '4': 0,
      '5': 0,
      '6': 0,
      '7': 0,
      '8': 0,
      '9': 0,
      '10': 0,
      '11': 0,
      '12': 0,
      '13': 0,
      '14': 0,
      '15': 0,
      '16': 0,
      '17': 0,
      '18': 0,
      '19': 0,
      '20': 0,
      '21': 0,
      '22': 0,
      '23': 0,
      '24': 0,
      '25': 0,
      '26': 0,
      '27': 0,
      '28': 0,
      '29': 0,
      '30': 0,
      '31': 0
    },
    length: 1,
    _subParams: {
      '0': 0,
      '1': 0,
      '2': 0,
      '3': 0,
      '4': 0,
      '5': 0,
      '6': 0,
      '7': 0,
      '8': 0,
      '9': 0,
      '10': 0,
      '11': 0,
      '12': 0,
      '13': 0,
      '14': 0,
      '15': 0,
      '16': 0,
      '17': 0,
      '18': 0,
      '19': 0,
      '20': 0,
      '21': 0,
      '22': 0,
      '23': 0,
      '24': 0,
      '25': 0,
      '26': 0,
      '27': 0,
      '28': 0,
      '29': 0,
      '30': 0,
      '31': 0
    },
    _subParamsLength: 0,
    _subParamsIdx: {
      '0': 0,
      '1': 0,
      '2': 0,
      '3': 0,
      '4': 0,
      '5': 0,
      '6': 0,
      '7': 0,
      '8': 0,
      '9': 0,
      '10': 0,
      '11': 0,
      '12': 0,
      '13': 0,
      '14': 0,
      '15': 0,
      '16': 0,
      '17': 0,
      '18': 0,
      '19': 0,
      '20': 0,
      '21': 0,
      '22': 0,
      '23': 0,
      '24': 0,
      '25': 0,
      '26': 0,
      '27': 0,
      '28': 0,
      '29': 0,
      '30': 0,
      '31': 0
    },
    _rejectDigits: false,
    _rejectSubDigits: false,
    _digitIsSub: false
  },
  abort: false
}
[IPC Library: Pty Host] xterm.js: Parsing error:  {
  position: 50761,
  code: 160,
  currentState: 14,
  collect: 0,
  params: {
    maxLength: 32,
    maxSubParamsLength: 32,
    params: {
      '0': 0,
      '1': 31,
      '2': 0,
      '3': 0,
      '4': 0,
      '5': 0,
      '6': 0,
      '7': 0,
      '8': 0,
      '9': 0,
      '10': 0,
      '11': 0,
      '12': 0,
      '13': 0,
      '14': 0,
      '15': 0,
      '16': 0,
      '17': 0,
      '18': 0,
      '19': 0,
      '20': 0,
      '21': 0,
      '22': 0,
      '23': 0,
      '24': 0,
      '25': 0,
      '26': 0,
      '27': 0,
      '28': 0,
      '29': 0,
      '30': 0,
      '31': 0
    },
    length: 1,
    _subParams: {
      '0': 0,
      '1': 0,
      '2': 0,
      '3': 0,
      '4': 0,
      '5': 0,
      '6': 0,
      '7': 0,
      '8': 0,
      '9': 0,
      '10': 0,
      '11': 0,
      '12': 0,
      '13': 0,
      '14': 0,
      '15': 0,
      '16': 0,
      '17': 0,
      '18': 0,
      '19': 0,
      '20': 0,
      '21': 0,
      '22': 0,
      '23': 0,
      '24': 0,
      '25': 0,
      '26': 0,
      '27': 0,
      '28': 0,
      '29': 0,
      '30': 0,
      '31': 0
    },
    _subParamsLength: 0,
    _subParamsIdx: {
      '0': 0,
      '1': 0,
      '2': 0,
      '3': 0,
      '4': 0,
      '5': 0,
      '6': 0,
      '7': 0,
      '8': 0,
      '9': 0,
      '10': 0,
      '11': 0,
      '12': 0,
      '13': 0,
      '14': 0,
      '15': 0,
      '16': 0,
      '17': 0,
      '18': 0,
      '19': 0,
      '20': 0,
      '21': 0,
      '22': 0,
      '23': 0,
      '24': 0,
      '25': 0,
      '26': 0,
      '27': 0,
      '28': 0,
      '29': 0,
      '30': 0,
      '31': 0
    },
    _rejectDigits: false,
    _rejectSubDigits: false,
    _digitIsSub: false
  },
  abort: false
}
[IPC Library: Pty Host] xterm.js: Parsing error:  {
  position: 51017,
  code: 160,
  currentState: 14,
  collect: 0,
  params: {
    maxLength: 32,
    maxSubParamsLength: 32,
    params: {
      '0': 0,
      '1': 31,
      '2': 0,
      '3': 0,
      '4': 0,
      '5': 0,
      '6': 0,
      '7': 0,
      '8': 0,
      '9': 0,
      '10': 0,
      '11': 0,
      '12': 0,
      '13': 0,
      '14': 0,
      '15': 0,
      '16': 0,
      '17': 0,
      '18': 0,
      '19': 0,
      '20': 0,
      '21': 0,
      '22': 0,
      '23': 0,
      '24': 0,
      '25': 0,
      '26': 0,
      '27': 0,
      '28': 0,
      '29': 0,
      '30': 0,
      '31': 0
    },
    length: 1,
    _subParams: {
      '0': 0,
      '1': 0,
      '2': 0,
      '3': 0,
      '4': 0,
      '5': 0,
      '6': 0,
      '7': 0,
      '8': 0,
      '9': 0,
      '10': 0,
      '11': 0,
      '12': 0,
      '13': 0,
      '14': 0,
      '15': 0,
      '16': 0,
      '17': 0,
      '18': 0,
      '19': 0,
      '20': 0,
      '21': 0,
      '22': 0,
      '23': 0,
      '24': 0,
      '25': 0,
      '26': 0,
      '27': 0,
      '28': 0,
      '29': 0,
      '30': 0,
      '31': 0
    },
    _subParamsLength: 0,
    _subParamsIdx: {
      '0': 0,
      '1': 0,
      '2': 0,
      '3': 0,
      '4': 0,
      '5': 0,
      '6': 0,
      '7': 0,
      '8': 0,
      '9': 0,
      '10': 0,
      '11': 0,
      '12': 0,
      '13': 0,
      '14': 0,
      '15': 0,
      '16': 0,
      '17': 0,
      '18': 0,
      '19': 0,
      '20': 0,
      '21': 0,
      '22': 0,
      '23': 0,
      '24': 0,
      '25': 0,
      '26': 0,
      '27': 0,
      '28': 0,
      '29': 0,
      '30': 0,
      '31': 0
    },
    _rejectDigits: false,
    _rejectSubDigits: false,
    _digitIsSub: false
  },
  abort: false
}
[IPC Library: Pty Host] xterm.js: Parsing error:  {
  position: 51514,
  code: 8216,
  currentState: 9,
  collect: 0,
  params: {
    maxLength: 32,
    maxSubParamsLength: 32,
    params: {
      '0': 0,
      '1': 31,
      '2': 0,
      '3': 0,
      '4': 0,
      '5': 0,
      '6': 0,
      '7': 0,
      '8': 0,
      '9': 0,
      '10': 0,
      '11': 0,
      '12': 0,
      '13': 0,
      '14': 0,
      '15': 0,
      '16': 0,
      '17': 0,
      '18': 0,
      '19': 0,
      '20': 0,
      '21': 0,
      '22': 0,
      '23': 0,
      '24': 0,
      '25': 0,
      '26': 0,
      '27': 0,
      '28': 0,
      '29': 0,
      '30': 0,
      '31': 0
    },
    length: 1,
    _subParams: {
      '0': 0,
      '1': 0,
      '2': 0,
      '3': 0,
      '4': 0,
      '5': 0,
      '6': 0,
      '7': 0,
      '8': 0,
      '9': 0,
      '10': 0,
      '11': 0,
      '12': 0,
      '13': 0,
      '14': 0,
      '15': 0,
      '16': 0,
      '17': 0,
      '18': 0,
      '19': 0,
      '20': 0,
      '21': 0,
      '22': 0,
      '23': 0,
      '24': 0,
      '25': 0,
      '26': 0,
      '27': 0,
      '28': 0,
      '29': 0,
      '30': 0,
      '31': 0
    },
    _subParamsLength: 0,
    _subParamsIdx: {
      '0': 0,
      '1': 0,
      '2': 0,
      '3': 0,
      '4': 0,
      '5': 0,
      '6': 0,
      '7': 0,
      '8': 0,
      '9': 0,
      '10': 0,
      '11': 0,
      '12': 0,
      '13': 0,
      '14': 0,
      '15': 0,
      '16': 0,
      '17': 0,
      '18': 0,
      '19': 0,
      '20': 0,
      '21': 0,
      '22': 0,
      '23': 0,
      '24': 0,
      '25': 0,
      '26': 0,
      '27': 0,
      '28': 0,
      '29': 0,
      '30': 0,
      '31': 0
    },
    _rejectDigits: false,
    _rejectSubDigits: false,
    _digitIsSub: false
  },
  abort: false
}
[IPC Library: Pty Host] xterm.js: Parsing error:  {
  position: 51529,
  code: 160,
  currentState: 14,
  collect: 0,
  params: {
    maxLength: 32,
    maxSubParamsLength: 32,
    params: {
      '0': 0,
      '1': 31,
      '2': 0,
      '3': 0,
      '4': 0,
      '5': 0,
      '6': 0,
      '7': 0,
      '8': 0,
      '9': 0,
      '10': 0,
      '11': 0,
      '12': 0,
      '13': 0,
      '14': 0,
      '15': 0,
      '16': 0,
      '17': 0,
      '18': 0,
      '19': 0,
      '20': 0,
      '21': 0,
      '22': 0,
      '23': 0,
      '24': 0,
      '25': 0,
      '26': 0,
      '27': 0,
      '28': 0,
      '29': 0,
      '30': 0,
      '31': 0
    },
    length: 1,
    _subParams: {
      '0': 0,
      '1': 0,
      '2': 0,
      '3': 0,
      '4': 0,
      '5': 0,
      '6': 0,
      '7': 0,
      '8': 0,
      '9': 0,
      '10': 0,
      '11': 0,
      '12': 0,
      '13': 0,
      '14': 0,
      '15': 0,
      '16': 0,
      '17': 0,
      '18': 0,
      '19': 0,
      '20': 0,
      '21': 0,
      '22': 0,
      '23': 0,
      '24': 0,
      '25': 0,
      '26': 0,
      '27': 0,
      '28': 0,
      '29': 0,
      '30': 0,
      '31': 0
    },
    _subParamsLength: 0,
    _subParamsIdx: {
      '0': 0,
      '1': 0,
      '2': 0,
      '3': 0,
      '4': 0,
      '5': 0,
      '6': 0,
      '7': 0,
      '8': 0,
      '9': 0,
      '10': 0,
      '11': 0,
      '12': 0,
      '13': 0,
      '14': 0,
      '15': 0,
      '16': 0,
      '17': 0,
      '18': 0,
      '19': 0,
      '20': 0,
      '21': 0,
      '22': 0,
      '23': 0,
      '24': 0,
      '25': 0,
      '26': 0,
      '27': 0,
      '28': 0,
      '29': 0,
      '30': 0,
      '31': 0
    },
    _rejectDigits: false,
    _rejectSubDigits: false,
    _digitIsSub: false
  },
  abort: false
}
[IPC Library: Pty Host] xterm.js: Parsing error:  {
  position: 51785,
  code: 160,
  currentState: 14,
  collect: 0,
  params: {
    maxLength: 32,
    maxSubParamsLength: 32,
    params: {
      '0': 0,
      '1': 31,
      '2': 0,
      '3': 0,
      '4': 0,
      '5': 0,
      '6': 0,
      '7': 0,
      '8': 0,
      '9': 0,
      '10': 0,
      '11': 0,
      '12': 0,
      '13': 0,
      '14': 0,
      '15': 0,
      '16': 0,
      '17': 0,
      '18': 0,
      '19': 0,
      '20': 0,
      '21': 0,
      '22': 0,
      '23': 0,
      '24': 0,
      '25': 0,
      '26': 0,
      '27': 0,
      '28': 0,
      '29': 0,
      '30': 0,
      '31': 0
    },
    length: 1,
    _subParams: {
      '0': 0,
      '1': 0,
      '2': 0,
      '3': 0,
      '4': 0,
      '5': 0,
      '6': 0,
      '7': 0,
      '8': 0,
      '9': 0,
      '10': 0,
      '11': 0,
      '12': 0,
      '13': 0,
      '14': 0,
      '15': 0,
      '16': 0,
      '17': 0,
      '18': 0,
      '19': 0,
      '20': 0,
      '21': 0,
      '22': 0,
      '23': 0,
      '24': 0,
      '25': 0,
      '26': 0,
      '27': 0,
      '28': 0,
      '29': 0,
      '30': 0,
      '31': 0
    },
    _subParamsLength: 0,
    _subParamsIdx: {
      '0': 0,
      '1': 0,
      '2': 0,
      '3': 0,
      '4': 0,
      '5': 0,
      '6': 0,
      '7': 0,
      '8': 0,
      '9': 0,
      '10': 0,
      '11': 0,
      '12': 0,
      '13': 0,
      '14': 0,
      '15': 0,
      '16': 0,
      '17': 0,
      '18': 0,
      '19': 0,
      '20': 0,
      '21': 0,
      '22': 0,
      '23': 0,
      '24': 0,
      '25': 0,
      '26': 0,
      '27': 0,
      '28': 0,
      '29': 0,
      '30': 0,
      '31': 0
    },
    _rejectDigits: false,
    _rejectSubDigits: false,
    _digitIsSub: false
  },
  abort: false
}
[IPC Library: Pty Host] xterm.js: Parsing error:  {
  position: 54644,
  code: 160,
  currentState: 14,
  collect: 0,
  params: {
    maxLength: 32,
    maxSubParamsLength: 32,
    params: {
      '0': 0,
      '1': 31,
      '2': 0,
      '3': 0,
      '4': 0,
      '5': 0,
      '6': 0,
      '7': 0,
      '8': 0,
      '9': 0,
      '10': 0,
      '11': 0,
      '12': 0,
      '13': 0,
      '14': 0,
      '15': 0,
      '16': 0,
      '17': 0,
      '18': 0,
      '19': 0,
      '20': 0,
      '21': 0,
      '22': 0,
      '23': 0,
      '24': 0,
      '25': 0,
      '26': 0,
      '27': 0,
      '28': 0,
      '29': 0,
      '30': 0,
      '31': 0
    },
    length: 1,
    _subParams: {
      '0': 0,
      '1': 0,
      '2': 0,
      '3': 0,
      '4': 0,
      '5': 0,
      '6': 0,
      '7': 0,
      '8': 0,
      '9': 0,
      '10': 0,
      '11': 0,
      '12': 0,
      '13': 0,
      '14': 0,
      '15': 0,
      '16': 0,
      '17': 0,
      '18': 0,
      '19': 0,
      '20': 0,
      '21': 0,
      '22': 0,
      '23': 0,
      '24': 0,
      '25': 0,
      '26': 0,
      '27': 0,
      '28': 0,
      '29': 0,
      '30': 0,
      '31': 0
    },
    _subParamsLength: 0,
    _subParamsIdx: {
      '0': 0,
      '1': 0,
      '2': 0,
      '3': 0,
      '4': 0,
      '5': 0,
      '6': 0,
      '7': 0,
      '8': 0,
      '9': 0,
      '10': 0,
      '11': 0,
      '12': 0,
      '13': 0,
      '14': 0,
      '15': 0,
      '16': 0,
      '17': 0,
      '18': 0,
      '19': 0,
      '20': 0,
      '21': 0,
      '22': 0,
      '23': 0,
      '24': 0,
      '25': 0,
      '26': 0,
      '27': 0,
      '28': 0,
      '29': 0,
      '30': 0,
      '31': 0
    },
    _rejectDigits: false,
    _rejectSubDigits: false,
    _digitIsSub: false
  },
  abort: false
}
[IPC Library: Pty Host] xterm.js: Parsing error:  {
  position: 55239,
  code: 127,
  currentState: 0,
  collect: 0,
  params: {
    maxLength: 32,
    maxSubParamsLength: 32,
    params: {
      '0': 0,
      '1': 31,
      '2': 0,
      '3': 0,
      '4': 0,
      '5': 0,
      '6': 0,
      '7': 0,
      '8': 0,
      '9': 0,
      '10': 0,
      '11': 0,
      '12': 0,
      '13': 0,
      '14': 0,
      '15': 0,
      '16': 0,
      '17': 0,
      '18': 0,
      '19': 0,
      '20': 0,
      '21': 0,
      '22': 0,
      '23': 0,
      '24': 0,
      '25': 0,
      '26': 0,
      '27': 0,
      '28': 0,
      '29': 0,
      '30': 0,
      '31': 0
    },
    length: 1,
    _subParams: {
      '0': 0,
      '1': 0,
      '2': 0,
      '3': 0,
      '4': 0,
      '5': 0,
      '6': 0,
      '7': 0,
      '8': 0,
      '9': 0,
      '10': 0,
      '11': 0,
      '12': 0,
      '13': 0,
      '14': 0,
      '15': 0,
      '16': 0,
      '17': 0,
      '18': 0,
      '19': 0,
      '20': 0,
      '21': 0,
      '22': 0,
      '23': 0,
      '24': 0,
      '25': 0,
      '26': 0,
      '27': 0,
      '28': 0,
      '29': 0,
      '30': 0,
      '31': 0
    },
    _subParamsLength: 0,
    _subParamsIdx: {
      '0': 0,
      '1': 0,
      '2': 0,
      '3': 0,
      '4': 0,
      '5': 0,
      '6': 0,
      '7': 0,
      '8': 0,
      '9': 0,
      '10': 0,
      '11': 0,
      '12': 0,
      '13': 0,
      '14': 0,
      '15': 0,
      '16': 0,
      '17': 0,
      '18': 0,
      '19': 0,
      '20': 0,
      '21': 0,
      '22': 0,
      '23': 0,
      '24': 0,
      '25': 0,
      '26': 0,
      '27': 0,
      '28': 0,
      '29': 0,
      '30': 0,
      '31': 0
    },
    _rejectDigits: false,
    _rejectSubDigits: false,
    _digitIsSub: false
  },
  abort: false
}
[IPC Library: Pty Host] xterm.js: Parsing error:  {
  position: 55464,
  code: 8216,
  currentState: 9,
  collect: 0,
  params: {
    maxLength: 32,
    maxSubParamsLength: 32,
    params: {
      '0': 0,
      '1': 31,
      '2': 0,
      '3': 0,
      '4': 0,
      '5': 0,
      '6': 0,
      '7': 0,
      '8': 0,
      '9': 0,
      '10': 0,
      '11': 0,
      '12': 0,
      '13': 0,
      '14': 0,
      '15': 0,
      '16': 0,
      '17': 0,
      '18': 0,
      '19': 0,
      '20': 0,
      '21': 0,
      '22': 0,
      '23': 0,
      '24': 0,
      '25': 0,
      '26': 0,
      '27': 0,
      '28': 0,
      '29': 0,
      '30': 0,
      '31': 0
    },
    length: 1,
    _subParams: {
      '0': 0,
      '1': 0,
      '2': 0,
      '3': 0,
      '4': 0,
      '5': 0,
      '6': 0,
      '7': 0,
      '8': 0,
      '9': 0,
      '10': 0,
      '11': 0,
      '12': 0,
      '13': 0,
      '14': 0,
      '15': 0,
      '16': 0,
      '17': 0,
      '18': 0,
      '19': 0,
      '20': 0,
      '21': 0,
      '22': 0,
      '23': 0,
      '24': 0,
      '25': 0,
      '26': 0,
      '27': 0,
      '28': 0,
      '29': 0,
      '30': 0,
      '31': 0
    },
    _subParamsLength: 0,
    _subParamsIdx: {
      '0': 0,
      '1': 0,
      '2': 0,
      '3': 0,
      '4': 0,
      '5': 0,
      '6': 0,
      '7': 0,
      '8': 0,
      '9': 0,
      '10': 0,
      '11': 0,
      '12': 0,
      '13': 0,
      '14': 0,
      '15': 0,
      '16': 0,
      '17': 0,
      '18': 0,
      '19': 0,
      '20': 0,
      '21': 0,
      '22': 0,
      '23': 0,
      '24': 0,
      '25': 0,
      '26': 0,
      '27': 0,
      '28': 0,
      '29': 0,
      '30': 0,
      '31': 0
    },
    _rejectDigits: false,
    _rejectSubDigits: false,
    _digitIsSub: false
  },
  abort: false
}
[IPC Library: Pty Host] xterm.js: Parsing error:  {
  position: 55478,
  code: 376,
  currentState: 7,
  collect: 0,
  params: {
    maxLength: 32,
    maxSubParamsLength: 32,
    params: {
      '0': 0,
      '1': 31,
      '2': 0,
      '3': 0,
      '4': 0,
      '5': 0,
      '6': 0,
      '7': 0,
      '8': 0,
      '9': 0,
      '10': 0,
      '11': 0,
      '12': 0,
      '13': 0,
      '14': 0,
      '15': 0,
      '16': 0,
      '17': 0,
      '18': 0,
      '19': 0,
      '20': 0,
      '21': 0,
      '22': 0,
      '23': 0,
      '24': 0,
      '25': 0,
      '26': 0,
      '27': 0,
      '28': 0,
      '29': 0,
      '30': 0,
      '31': 0
    },
    length: 1,
    _subParams: {
      '0': 0,
      '1': 0,
      '2': 0,
      '3': 0,
      '4': 0,
      '5': 0,
      '6': 0,
      '7': 0,
      '8': 0,
      '9': 0,
      '10': 0,
      '11': 0,
      '12': 0,
      '13': 0,
      '14': 0,
      '15': 0,
      '16': 0,
      '17': 0,
      '18': 0,
      '19': 0,
      '20': 0,
      '21': 0,
      '22': 0,
      '23': 0,
      '24': 0,
      '25': 0,
      '26': 0,
      '27': 0,
      '28': 0,
      '29': 0,
      '30': 0,
      '31': 0
    },
    _subParamsLength: 0,
    _subParamsIdx: {
      '0': 0,
      '1': 0,
      '2': 0,
      '3': 0,
      '4': 0,
      '5': 0,
      '6': 0,
      '7': 0,
      '8': 0,
      '9': 0,
      '10': 0,
      '11': 0,
      '12': 0,
      '13': 0,
      '14': 0,
      '15': 0,
      '16': 0,
      '17': 0,
      '18': 0,
      '19': 0,
      '20': 0,
      '21': 0,
      '22': 0,
      '23': 0,
      '24': 0,
      '25': 0,
      '26': 0,
      '27': 0,
      '28': 0,
      '29': 0,
      '30': 0,
      '31': 0
    },
    _rejectDigits: false,
    _rejectSubDigits: false,
    _digitIsSub: false
  },
  abort: false
}
[IPC Library: Pty Host] xterm.js: Parsing error:  {
  position: 55666,
  code: 8216,
  currentState: 9,
  collect: 0,
  params: {
    maxLength: 32,
    maxSubParamsLength: 32,
    params: {
      '0': 0,
      '1': 31,
      '2': 0,
      '3': 0,
      '4': 0,
      '5': 0,
      '6': 0,
      '7': 0,
      '8': 0,
      '9': 0,
      '10': 0,
      '11': 0,
      '12': 0,
      '13': 0,
      '14': 0,
      '15': 0,
      '16': 0,
      '17': 0,
      '18': 0,
      '19': 0,
      '20': 0,
      '21': 0,
      '22': 0,
      '23': 0,
      '24': 0,
      '25': 0,
      '26': 0,
      '27': 0,
      '28': 0,
      '29': 0,
      '30': 0,
      '31': 0
    },
    length: 1,
    _subParams: {
      '0': 0,
      '1': 0,
      '2': 0,
      '3': 0,
      '4': 0,
      '5': 0,
      '6': 0,
      '7': 0,
      '8': 0,
      '9': 0,
      '10': 0,
      '11': 0,
      '12': 0,
      '13': 0,
      '14': 0,
      '15': 0,
      '16': 0,
      '17': 0,
      '18': 0,
      '19': 0,
      '20': 0,
      '21': 0,
      '22': 0,
      '23': 0,
      '24': 0,
      '25': 0,
      '26': 0,
      '27': 0,
      '28': 0,
      '29': 0,
      '30': 0,
      '31': 0
    },
    _subParamsLength: 0,
    _subParamsIdx: {
      '0': 0,
      '1': 0,
      '2': 0,
      '3': 0,
      '4': 0,
      '5': 0,
      '6': 0,
      '7': 0,
      '8': 0,
      '9': 0,
      '10': 0,
      '11': 0,
      '12': 0,
      '13': 0,
      '14': 0,
      '15': 0,
      '16': 0,
      '17': 0,
      '18': 0,
      '19': 0,
      '20': 0,
      '21': 0,
      '22': 0,
      '23': 0,
      '24': 0,
      '25': 0,
      '26': 0,
      '27': 0,
      '28': 0,
      '29': 0,
      '30': 0,
      '31': 0
    },
    _rejectDigits: false,
    _rejectSubDigits: false,
    _digitIsSub: false
  },
  abort: false
}
[IPC Library: Pty Host] xterm.js: Parsing error:  {
  position: 55680,
  code: 376,
  currentState: 7,
  collect: 0,
  params: {
    maxLength: 32,
    maxSubParamsLength: 32,
    params: {
      '0': 0,
      '1': 31,
      '2': 0,
      '3': 0,
      '4': 0,
      '5': 0,
      '6': 0,
      '7': 0,
      '8': 0,
      '9': 0,
      '10': 0,
      '11': 0,
      '12': 0,
      '13': 0,
      '14': 0,
      '15': 0,
      '16': 0,
      '17': 0,
      '18': 0,
      '19': 0,
      '20': 0,
      '21': 0,
      '22': 0,
      '23': 0,
      '24': 0,
      '25': 0,
      '26': 0,
      '27': 0,
      '28': 0,
      '29': 0,
      '30': 0,
      '31': 0
    },
    length: 1,
    _subParams: {
      '0': 0,
      '1': 0,
      '2': 0,
      '3': 0,
      '4': 0,
      '5': 0,
      '6': 0,
      '7': 0,
      '8': 0,
      '9': 0,
      '10': 0,
      '11': 0,
      '12': 0,
      '13': 0,
      '14': 0,
      '15': 0,
      '16': 0,
      '17': 0,
      '18': 0,
      '19': 0,
      '20': 0,
      '21': 0,
      '22': 0,
      '23': 0,
      '24': 0,
      '25': 0,
      '26': 0,
      '27': 0,
      '28': 0,
      '29': 0,
      '30': 0,
      '31': 0
    },
    _subParamsLength: 0,
    _subParamsIdx: {
      '0': 0,
      '1': 0,
      '2': 0,
      '3': 0,
      '4': 0,
      '5': 0,
      '6': 0,
      '7': 0,
      '8': 0,
      '9': 0,
      '10': 0,
      '11': 0,
      '12': 0,
      '13': 0,
      '14': 0,
      '15': 0,
      '16': 0,
      '17': 0,
      '18': 0,
      '19': 0,
      '20': 0,
      '21': 0,
      '22': 0,
      '23': 0,
      '24': 0,
      '25': 0,
      '26': 0,
      '27': 0,
      '28': 0,
      '29': 0,
      '30': 0,
      '31': 0
    },
    _rejectDigits: false,
    _rejectSubDigits: false,
    _digitIsSub: false
  },
  abort: false
}
[IPC Library: Pty Host] xterm.js: Parsing error:  {
  position: 56313,
  code: 127,
  currentState: 0,
  collect: 0,
  params: {
    maxLength: 32,
    maxSubParamsLength: 32,
    params: {
      '0': 0,
      '1': 31,
      '2': 0,
      '3': 0,
      '4': 0,
      '5': 0,
      '6': 0,
      '7': 0,
      '8': 0,
      '9': 0,
      '10': 0,
      '11': 0,
      '12': 0,
      '13': 0,
      '14': 0,
      '15': 0,
      '16': 0,
      '17': 0,
      '18': 0,
      '19': 0,
      '20': 0,
      '21': 0,
      '22': 0,
      '23': 0,
      '24': 0,
      '25': 0,
      '26': 0,
      '27': 0,
      '28': 0,
      '29': 0,
      '30': 0,
      '31': 0
    },
    length: 1,
    _subParams: {
      '0': 0,
      '1': 0,
      '2': 0,
      '3': 0,
      '4': 0,
      '5': 0,
      '6': 0,
      '7': 0,
      '8': 0,
      '9': 0,
      '10': 0,
      '11': 0,
      '12': 0,
      '13': 0,
      '14': 0,
      '15': 0,
      '16': 0,
      '17': 0,
      '18': 0,
      '19': 0,
      '20': 0,
      '21': 0,
      '22': 0,
      '23': 0,
      '24': 0,
      '25': 0,
      '26': 0,
      '27': 0,
      '28': 0,
      '29': 0,
      '30': 0,
      '31': 0
    },
    _subParamsLength: 0,
    _subParamsIdx: {
      '0': 0,
      '1': 0,
      '2': 0,
      '3': 0,
      '4': 0,
      '5': 0,
      '6': 0,
      '7': 0,
      '8': 0,
      '9': 0,
      '10': 0,
      '11': 0,
      '12': 0,
      '13': 0,
      '14': 0,
      '15': 0,
      '16': 0,
      '17': 0,
      '18': 0,
      '19': 0,
      '20': 0,
      '21': 0,
      '22': 0,
      '23': 0,
      '24': 0,
      '25': 0,
      '26': 0,
      '27': 0,
      '28': 0,
      '29': 0,
      '30': 0,
      '31': 0
    },
    _rejectDigits: false,
    _rejectSubDigits: false,
    _digitIsSub: false
  },
  abort: false
}
[IPC Library: Pty Host] xterm.js: Parsing error:  {
  position: 56819,
  code: 127,
  currentState: 0,
  collect: 0,
  params: {
    maxLength: 32,
    maxSubParamsLength: 32,
    params: {
      '0': 0,
      '1': 31,
      '2': 0,
      '3': 0,
      '4': 0,
      '5': 0,
      '6': 0,
      '7': 0,
      '8': 0,
      '9': 0,
      '10': 0,
      '11': 0,
      '12': 0,
      '13': 0,
      '14': 0,
      '15': 0,
      '16': 0,
      '17': 0,
      '18': 0,
      '19': 0,
      '20': 0,
      '21': 0,
      '22': 0,
      '23': 0,
      '24': 0,
      '25': 0,
      '26': 0,
      '27': 0,
      '28': 0,
      '29': 0,
      '30': 0,
      '31': 0
    },
    length: 1,
    _subParams: {
      '0': 0,
      '1': 0,
      '2': 0,
      '3': 0,
      '4': 0,
      '5': 0,
      '6': 0,
      '7': 0,
      '8': 0,
      '9': 0,
      '10': 0,
      '11': 0,
      '12': 0,
      '13': 0,
      '14': 0,
      '15': 0,
      '16': 0,
      '17': 0,
      '18': 0,
      '19': 0,
      '20': 0,
      '21': 0,
      '22': 0,
      '23': 0,
      '24': 0,
      '25': 0,
      '26': 0,
      '27': 0,
      '28': 0,
      '29': 0,
      '30': 0,
      '31': 0
    },
    _subParamsLength: 0,
    _subParamsIdx: {
      '0': 0,
      '1': 0,
      '2': 0,
      '3': 0,
      '4': 0,
      '5': 0,
      '6': 0,
      '7': 0,
      '8': 0,
      '9': 0,
      '10': 0,
      '11': 0,
      '12': 0,
      '13': 0,
      '14': 0,
      '15': 0,
      '16': 0,
      '17': 0,
      '18': 0,
      '19': 0,
      '20': 0,
      '21': 0,
      '22': 0,
      '23': 0,
      '24': 0,
      '25': 0,
      '26': 0,
      '27': 0,
      '28': 0,
      '29': 0,
      '30': 0,
      '31': 0
    },
    _rejectDigits: false,
    _rejectSubDigits: false,
    _digitIsSub: false
  },
  abort: false
}
[IPC Library: Pty Host] xterm.js: Parsing error:  {
  position: 57322,
  code: 127,
  currentState: 0,
  collect: 0,
  params: {
    maxLength: 32,
    maxSubParamsLength: 32,
    params: {
      '0': 0,
      '1': 31,
      '2': 0,
      '3': 0,
      '4': 0,
      '5': 0,
      '6': 0,
      '7': 0,
      '8': 0,
      '9': 0,
      '10': 0,
      '11': 0,
      '12': 0,
      '13': 0,
      '14': 0,
      '15': 0,
      '16': 0,
      '17': 0,
      '18': 0,
      '19': 0,
      '20': 0,
      '21': 0,
      '22': 0,
      '23': 0,
      '24': 0,
      '25': 0,
      '26': 0,
      '27': 0,
      '28': 0,
      '29': 0,
      '30': 0,
      '31': 0
    },
    length: 1,
    _subParams: {
      '0': 0,
      '1': 0,
      '2': 0,
      '3': 0,
      '4': 0,
      '5': 0,
      '6': 0,
      '7': 0,
      '8': 0,
      '9': 0,
      '10': 0,
      '11': 0,
      '12': 0,
      '13': 0,
      '14': 0,
      '15': 0,
      '16': 0,
      '17': 0,
      '18': 0,
      '19': 0,
      '20': 0,
      '21': 0,
      '22': 0,
      '23': 0,
      '24': 0,
      '25': 0,
      '26': 0,
      '27': 0,
      '28': 0,
      '29': 0,
      '30': 0,
      '31': 0
    },
    _subParamsLength: 0,
    _subParamsIdx: {
      '0': 0,
      '1': 0,
      '2': 0,
      '3': 0,
      '4': 0,
      '5': 0,
      '6': 0,
      '7': 0,
      '8': 0,
      '9': 0,
      '10': 0,
      '11': 0,
      '12': 0,
      '13': 0,
      '14': 0,
      '15': 0,
      '16': 0,
      '17': 0,
      '18': 0,
      '19': 0,
      '20': 0,
      '21': 0,
      '22': 0,
      '23': 0,
      '24': 0,
      '25': 0,
      '26': 0,
      '27': 0,
      '28': 0,
      '29': 0,
      '30': 0,
      '31': 0
    },
    _rejectDigits: false,
    _rejectSubDigits: false,
    _digitIsSub: false
  },
  abort: false
}
[IPC Library: Pty Host] xterm.js: Parsing error:  {
  position: 57555,
  code: 160,
  currentState: 14,
  collect: 0,
  params: {
    maxLength: 32,
    maxSubParamsLength: 32,
    params: {
      '0': 0,
      '1': 31,
      '2': 0,
      '3': 0,
      '4': 0,
      '5': 0,
      '6': 0,
      '7': 0,
      '8': 0,
      '9': 0,
      '10': 0,
      '11': 0,
      '12': 0,
      '13': 0,
      '14': 0,
      '15': 0,
      '16': 0,
      '17': 0,
      '18': 0,
      '19': 0,
      '20': 0,
      '21': 0,
      '22': 0,
      '23': 0,
      '24': 0,
      '25': 0,
      '26': 0,
      '27': 0,
      '28': 0,
      '29': 0,
      '30': 0,
      '31': 0
    },
    length: 1,
    _subParams: {
      '0': 0,
      '1': 0,
      '2': 0,
      '3': 0,
      '4': 0,
      '5': 0,
      '6': 0,
      '7': 0,
      '8': 0,
      '9': 0,
      '10': 0,
      '11': 0,
      '12': 0,
      '13': 0,
      '14': 0,
      '15': 0,
      '16': 0,
      '17': 0,
      '18': 0,
      '19': 0,
      '20': 0,
      '21': 0,
      '22': 0,
      '23': 0,
      '24': 0,
      '25': 0,
      '26': 0,
      '27': 0,
      '28': 0,
      '29': 0,
      '30': 0,
      '31': 0
    },
    _subParamsLength: 0,
    _subParamsIdx: {
      '0': 0,
      '1': 0,
      '2': 0,
      '3': 0,
      '4': 0,
      '5': 0,
      '6': 0,
      '7': 0,
      '8': 0,
      '9': 0,
      '10': 0,
      '11': 0,
      '12': 0,
      '13': 0,
      '14': 0,
      '15': 0,
      '16': 0,
      '17': 0,
      '18': 0,
      '19': 0,
      '20': 0,
      '21': 0,
      '22': 0,
      '23': 0,
      '24': 0,
      '25': 0,
      '26': 0,
      '27': 0,
      '28': 0,
      '29': 0,
      '30': 0,
      '31': 0
    },
    _rejectDigits: false,
    _rejectSubDigits: false,
    _digitIsSub: false
  },
  abort: false
}
[IPC Library: Pty Host] xterm.js: Parsing error:  {
  position: 85753,
  code: 160,
  currentState: 14,
  collect: 0,
  params: {
    maxLength: 32,
    maxSubParamsLength: 32,
    params: {
      '0': 0,
      '1': 31,
      '2': 0,
      '3': 0,
      '4': 0,
      '5': 0,
      '6': 0,
      '7': 0,
      '8': 0,
      '9': 0,
      '10': 0,
      '11': 0,
      '12': 0,
      '13': 0,
      '14': 0,
      '15': 0,
      '16': 0,
      '17': 0,
      '18': 0,
      '19': 0,
      '20': 0,
      '21': 0,
      '22': 0,
      '23': 0,
      '24': 0,
      '25': 0,
      '26': 0,
      '27': 0,
      '28': 0,
      '29': 0,
      '30': 0,
      '31': 0
    },
    length: 1,
    _subParams: {
      '0': 0,
      '1': 0,
      '2': 0,
      '3': 0,
      '4': 0,
      '5': 0,
      '6': 0,
      '7': 0,
      '8': 0,
      '9': 0,
      '10': 0,
      '11': 0,
      '12': 0,
      '13': 0,
      '14': 0,
      '15': 0,
      '16': 0,
      '17': 0,
      '18': 0,
      '19': 0,
      '20': 0,
      '21': 0,
      '22': 0,
      '23': 0,
      '24': 0,
      '25': 0,
      '26': 0,
      '27': 0,
      '28': 0,
      '29': 0,
      '30': 0,
      '31': 0
    },
    _subParamsLength: 0,
    _subParamsIdx: {
      '0': 0,
      '1': 0,
      '2': 0,
      '3': 0,
      '4': 0,
      '5': 0,
      '6': 0,
      '7': 0,
      '8': 0,
      '9': 0,
      '10': 0,
      '11': 0,
      '12': 0,
      '13': 0,
      '14': 0,
      '15': 0,
      '16': 0,
      '17': 0,
      '18': 0,
      '19': 0,
      '20': 0,
      '21': 0,
      '22': 0,
      '23': 0,
      '24': 0,
      '25': 0,
      '26': 0,
      '27': 0,
      '28': 0,
      '29': 0,
      '30': 0,
      '31': 0
    },
    _rejectDigits: false,
    _rejectSubDigits: false,
    _digitIsSub: false
  },
  abort: false
}
[IPC Library: Pty Host] xterm.js: Parsing error:  {
  position: 85983,
  code: 160,
  currentState: 14,
  collect: 0,
  params: {
    maxLength: 32,
    maxSubParamsLength: 32,
    params: {
      '0': 0,
      '1': 31,
      '2': 0,
      '3': 0,
      '4': 0,
      '5': 0,
      '6': 0,
      '7': 0,
      '8': 0,
      '9': 0,
      '10': 0,
      '11': 0,
      '12': 0,
      '13': 0,
      '14': 0,
      '15': 0,
      '16': 0,
      '17': 0,
      '18': 0,
      '19': 0,
      '20': 0,
      '21': 0,
      '22': 0,
      '23': 0,
      '24': 0,
      '25': 0,
      '26': 0,
      '27': 0,
      '28': 0,
      '29': 0,
      '30': 0,
      '31': 0
    },
    length: 1,
    _subParams: {
      '0': 0,
      '1': 0,
      '2': 0,
      '3': 0,
      '4': 0,
      '5': 0,
      '6': 0,
      '7': 0,
      '8': 0,
      '9': 0,
      '10': 0,
      '11': 0,
      '12': 0,
      '13': 0,
      '14': 0,
      '15': 0,
      '16': 0,
      '17': 0,
      '18': 0,
      '19': 0,
      '20': 0,
      '21': 0,
      '22': 0,
      '23': 0,
      '24': 0,
      '25': 0,
      '26': 0,
      '27': 0,
      '28': 0,
      '29': 0,
      '30': 0,
      '31': 0
    },
    _subParamsLength: 0,
    _subParamsIdx: {
      '0': 0,
      '1': 0,
      '2': 0,
      '3': 0,
      '4': 0,
      '5': 0,
      '6': 0,
      '7': 0,
      '8': 0,
      '9': 0,
      '10': 0,
      '11': 0,
      '12': 0,
      '13': 0,
      '14': 0,
      '15': 0,
      '16': 0,
      '17': 0,
      '18': 0,
      '19': 0,
      '20': 0,
      '21': 0,
      '22': 0,
      '23': 0,
      '24': 0,
      '25': 0,
      '26': 0,
      '27': 0,
      '28': 0,
      '29': 0,
      '30': 0,
      '31': 0
    },
    _rejectDigits: false,
    _rejectSubDigits: false,
    _digitIsSub: false
  },
  abort: false
}
[IPC Library: Pty Host] xterm.js: Parsing error:  {
  position: 86213,
  code: 160,
  currentState: 14,
  collect: 0,
  params: {
    maxLength: 32,
    maxSubParamsLength: 32,
    params: {
      '0': 0,
      '1': 31,
      '2': 0,
      '3': 0,
      '4': 0,
      '5': 0,
      '6': 0,
      '7': 0,
      '8': 0,
      '9': 0,
      '10': 0,
      '11': 0,
      '12': 0,
      '13': 0,
      '14': 0,
      '15': 0,
      '16': 0,
      '17': 0,
      '18': 0,
      '19': 0,
      '20': 0,
      '21': 0,
      '22': 0,
      '23': 0,
      '24': 0,
      '25': 0,
      '26': 0,
      '27': 0,
      '28': 0,
      '29': 0,
      '30': 0,
      '31': 0
    },
    length: 1,
    _subParams: {
      '0': 0,
      '1': 0,
      '2': 0,
      '3': 0,
      '4': 0,
      '5': 0,
      '6': 0,
      '7': 0,
      '8': 0,
      '9': 0,
      '10': 0,
      '11': 0,
      '12': 0,
      '13': 0,
      '14': 0,
      '15': 0,
      '16': 0,
      '17': 0,
      '18': 0,
      '19': 0,
      '20': 0,
      '21': 0,
      '22': 0,
      '23': 0,
      '24': 0,
      '25': 0,
      '26': 0,
      '27': 0,
      '28': 0,
      '29': 0,
      '30': 0,
      '31': 0
    },
    _subParamsLength: 0,
    _subParamsIdx: {
      '0': 0,
      '1': 0,
      '2': 0,
      '3': 0,
      '4': 0,
      '5': 0,
      '6': 0,
      '7': 0,
      '8': 0,
      '9': 0,
      '10': 0,
      '11': 0,
      '12': 0,
      '13': 0,
      '14': 0,
      '15': 0,
      '16': 0,
      '17': 0,
      '18': 0,
      '19': 0,
      '20': 0,
      '21': 0,
      '22': 0,
      '23': 0,
      '24': 0,
      '25': 0,
      '26': 0,
      '27': 0,
      '28': 0,
      '29': 0,
      '30': 0,
      '31': 0
    },
    _rejectDigits: false,
    _rejectSubDigits: false,
    _digitIsSub: false
  },
  abort: false
}
[IPC Library: Pty Host] xterm.js: Parsing error:  {
  position: 86443,
  code: 160,
  currentState: 14,
  collect: 0,
  params: {
    maxLength: 32,
    maxSubParamsLength: 32,
    params: {
      '0': 0,
      '1': 31,
      '2': 0,
      '3': 0,
      '4': 0,
      '5': 0,
      '6': 0,
      '7': 0,
      '8': 0,
      '9': 0,
      '10': 0,
      '11': 0,
      '12': 0,
      '13': 0,
      '14': 0,
      '15': 0,
      '16': 0,
      '17': 0,
      '18': 0,
      '19': 0,
      '20': 0,
      '21': 0,
      '22': 0,
      '23': 0,
      '24': 0,
      '25': 0,
      '26': 0,
      '27': 0,
      '28': 0,
      '29': 0,
      '30': 0,
      '31': 0
    },
    length: 1,
    _subParams: {
      '0': 0,
      '1': 0,
      '2': 0,
      '3': 0,
      '4': 0,
      '5': 0,
      '6': 0,
      '7': 0,
      '8': 0,
      '9': 0,
      '10': 0,
      '11': 0,
      '12': 0,
      '13': 0,
      '14': 0,
      '15': 0,
      '16': 0,
      '17': 0,
      '18': 0,
      '19': 0,
      '20': 0,
      '21': 0,
      '22': 0,
      '23': 0,
      '24': 0,
      '25': 0,
      '26': 0,
      '27': 0,
      '28': 0,
      '29': 0,
      '30': 0,
      '31': 0
    },
    _subParamsLength: 0,
    _subParamsIdx: {
      '0': 0,
      '1': 0,
      '2': 0,
      '3': 0,
      '4': 0,
      '5': 0,
      '6': 0,
      '7': 0,
      '8': 0,
      '9': 0,
      '10': 0,
      '11': 0,
      '12': 0,
      '13': 0,
      '14': 0,
      '15': 0,
      '16': 0,
      '17': 0,
      '18': 0,
      '19': 0,
      '20': 0,
      '21': 0,
      '22': 0,
      '23': 0,
      '24': 0,
      '25': 0,
      '26': 0,
      '27': 0,
      '28': 0,
      '29': 0,
      '30': 0,
      '31': 0
    },
    _rejectDigits: false,
    _rejectSubDigits: false,
    _digitIsSub: false
  },
  abort: false
}
[IPC Library: Pty Host] xterm.js: Parsing error:  {
  position: 86673,
  code: 160,
  currentState: 14,
  collect: 0,
  params: {
    maxLength: 32,
    maxSubParamsLength: 32,
    params: {
      '0': 0,
      '1': 31,
      '2': 0,
      '3': 0,
      '4': 0,
      '5': 0,
      '6': 0,
      '7': 0,
      '8': 0,
      '9': 0,
      '10': 0,
      '11': 0,
      '12': 0,
      '13': 0,
      '14': 0,
      '15': 0,
      '16': 0,
      '17': 0,
      '18': 0,
      '19': 0,
      '20': 0,
      '21': 0,
      '22': 0,
      '23': 0,
      '24': 0,
      '25': 0,
      '26': 0,
      '27': 0,
      '28': 0,
      '29': 0,
      '30': 0,
      '31': 0
    },
    length: 1,
    _subParams: {
      '0': 0,
      '1': 0,
      '2': 0,
      '3': 0,
      '4': 0,
      '5': 0,
      '6': 0,
      '7': 0,
      '8': 0,
      '9': 0,
      '10': 0,
      '11': 0,
      '12': 0,
      '13': 0,
      '14': 0,
      '15': 0,
      '16': 0,
      '17': 0,
      '18': 0,
      '19': 0,
      '20': 0,
      '21': 0,
      '22': 0,
      '23': 0,
      '24': 0,
      '25': 0,
      '26': 0,
      '27': 0,
      '28': 0,
      '29': 0,
      '30': 0,
      '31': 0
    },
    _subParamsLength: 0,
    _subParamsIdx: {
      '0': 0,
      '1': 0,
      '2': 0,
      '3': 0,
      '4': 0,
      '5': 0,
      '6': 0,
      '7': 0,
      '8': 0,
      '9': 0,
      '10': 0,
      '11': 0,
      '12': 0,
      '13': 0,
      '14': 0,
      '15': 0,
      '16': 0,
      '17': 0,
      '18': 0,
      '19': 0,
      '20': 0,
      '21': 0,
      '22': 0,
      '23': 0,
      '24': 0,
      '25': 0,
      '26': 0,
      '27': 0,
      '28': 0,
      '29': 0,
      '30': 0,
      '31': 0
    },
    _rejectDigits: false,
    _rejectSubDigits: false,
    _digitIsSub: false
  },
  abort: false
}
[IPC Library: Pty Host] xterm.js: Parsing error:  {
  position: 86903,
  code: 160,
  currentState: 14,
  collect: 0,
  params: {
    maxLength: 32,
    maxSubParamsLength: 32,
    params: {
      '0': 0,
      '1': 31,
      '2': 0,
      '3': 0,
      '4': 0,
      '5': 0,
      '6': 0,
      '7': 0,
      '8': 0,
      '9': 0,
      '10': 0,
      '11': 0,
      '12': 0,
      '13': 0,
      '14': 0,
      '15': 0,
      '16': 0,
      '17': 0,
      '18': 0,
      '19': 0,
      '20': 0,
      '21': 0,
      '22': 0,
      '23': 0,
      '24': 0,
      '25': 0,
      '26': 0,
      '27': 0,
      '28': 0,
      '29': 0,
      '30': 0,
      '31': 0
    },
    length: 1,
    _subParams: {
      '0': 0,
      '1': 0,
      '2': 0,
      '3': 0,
      '4': 0,
      '5': 0,
      '6': 0,
      '7': 0,
      '8': 0,
      '9': 0,
      '10': 0,
      '11': 0,
      '12': 0,
      '13': 0,
      '14': 0,
      '15': 0,
      '16': 0,
      '17': 0,
      '18': 0,
      '19': 0,
      '20': 0,
      '21': 0,
      '22': 0,
      '23': 0,
      '24': 0,
      '25': 0,
      '26': 0,
      '27': 0,
      '28': 0,
      '29': 0,
      '30': 0,
      '31': 0
    },
    _subParamsLength: 0,
    _subParamsIdx: {
      '0': 0,
      '1': 0,
      '2': 0,
      '3': 0,
      '4': 0,
      '5': 0,
      '6': 0,
      '7': 0,
      '8': 0,
      '9': 0,
      '10': 0,
      '11': 0,
      '12': 0,
      '13': 0,
      '14': 0,
      '15': 0,
      '16': 0,
      '17': 0,
      '18': 0,
      '19': 0,
      '20': 0,
      '21': 0,
      '22': 0,
      '23': 0,
      '24': 0,
      '25': 0,
      '26': 0,
      '27': 0,
      '28': 0,
      '29': 0,
      '30': 0,
      '31': 0
    },
    _rejectDigits: false,
    _rejectSubDigits: false,
    _digitIsSub: false
  },
  abort: false
}
[IPC Library: Pty Host] xterm.js: Parsing error:  {
  position: 87133,
  code: 160,
  currentState: 14,
  collect: 0,
  params: {
    maxLength: 32,
    maxSubParamsLength: 32,
    params: {
      '0': 0,
      '1': 31,
      '2': 0,
      '3': 0,
      '4': 0,
      '5': 0,
      '6': 0,
      '7': 0,
      '8': 0,
      '9': 0,
      '10': 0,
      '11': 0,
      '12': 0,
      '13': 0,
      '14': 0,
      '15': 0,
      '16': 0,
      '17': 0,
      '18': 0,
      '19': 0,
      '20': 0,
      '21': 0,
      '22': 0,
      '23': 0,
      '24': 0,
      '25': 0,
      '26': 0,
      '27': 0,
      '28': 0,
      '29': 0,
      '30': 0,
      '31': 0
    },
    length: 1,
    _subParams: {
      '0': 0,
      '1': 0,
      '2': 0,
      '3': 0,
      '4': 0,
      '5': 0,
      '6': 0,
      '7': 0,
      '8': 0,
      '9': 0,
      '10': 0,
      '11': 0,
      '12': 0,
      '13': 0,
      '14': 0,
      '15': 0,
      '16': 0,
      '17': 0,
      '18': 0,
      '19': 0,
      '20': 0,
      '21': 0,
      '22': 0,
      '23': 0,
      '24': 0,
      '25': 0,
      '26': 0,
      '27': 0,
      '28': 0,
      '29': 0,
      '30': 0,
      '31': 0
    },
    _subParamsLength: 0,
    _subParamsIdx: {
      '0': 0,
      '1': 0,
      '2': 0,
      '3': 0,
      '4': 0,
      '5': 0,
      '6': 0,
      '7': 0,
      '8': 0,
      '9': 0,
      '10': 0,
      '11': 0,
      '12': 0,
      '13': 0,
      '14': 0,
      '15': 0,
      '16': 0,
      '17': 0,
      '18': 0,
      '19': 0,
      '20': 0,
      '21': 0,
      '22': 0,
      '23': 0,
      '24': 0,
      '25': 0,
      '26': 0,
      '27': 0,
      '28': 0,
      '29': 0,
      '30': 0,
      '31': 0
    },
    _rejectDigits: false,
    _rejectSubDigits: false,
    _digitIsSub: false
  },
  abort: false
}
[IPC Library: Pty Host] xterm.js: Parsing error:  {
  position: 87363,
  code: 160,
  currentState: 14,
  collect: 0,
  params: {
    maxLength: 32,
    maxSubParamsLength: 32,
    params: {
      '0': 0,
      '1': 31,
      '2': 0,
      '3': 0,
      '4': 0,
      '5': 0,
      '6': 0,
      '7': 0,
      '8': 0,
      '9': 0,
      '10': 0,
      '11': 0,
      '12': 0,
      '13': 0,
      '14': 0,
      '15': 0,
      '16': 0,
      '17': 0,
      '18': 0,
      '19': 0,
      '20': 0,
      '21': 0,
      '22': 0,
      '23': 0,
      '24': 0,
      '25': 0,
      '26': 0,
      '27': 0,
      '28': 0,
      '29': 0,
      '30': 0,
      '31': 0
    },
    length: 1,
    _subParams: {
      '0': 0,
      '1': 0,
      '2': 0,
      '3': 0,
      '4': 0,
      '5': 0,
      '6': 0,
      '7': 0,
      '8': 0,
      '9': 0,
      '10': 0,
      '11': 0,
      '12': 0,
      '13': 0,
      '14': 0,
      '15': 0,
      '16': 0,
      '17': 0,
      '18': 0,
      '19': 0,
      '20': 0,
      '21': 0,
      '22': 0,
      '23': 0,
      '24': 0,
      '25': 0,
      '26': 0,
      '27': 0,
      '28': 0,
      '29': 0,
      '30': 0,
      '31': 0
    },
    _subParamsLength: 0,
    _subParamsIdx: {
      '0': 0,
      '1': 0,
      '2': 0,
      '3': 0,
      '4': 0,
      '5': 0,
      '6': 0,
      '7': 0,
      '8': 0,
      '9': 0,
      '10': 0,
      '11': 0,
      '12': 0,
      '13': 0,
      '14': 0,
      '15': 0,
      '16': 0,
      '17': 0,
      '18': 0,
      '19': 0,
      '20': 0,
      '21': 0,
      '22': 0,
      '23': 0,
      '24': 0,
      '25': 0,
      '26': 0,
      '27': 0,
      '28': 0,
      '29': 0,
      '30': 0,
      '31': 0
    },
    _rejectDigits: false,
    _rejectSubDigits: false,
    _digitIsSub: false
  },
  abort: false
}
[IPC Library: Pty Host] xterm.js: Parsing error:  {
  position: 87593,
  code: 160,
  currentState: 14,
  collect: 0,
  params: {
    maxLength: 32,
    maxSubParamsLength: 32,
    params: {
      '0': 0,
      '1': 31,
      '2': 0,
      '3': 0,
      '4': 0,
      '5': 0,
      '6': 0,
      '7': 0,
      '8': 0,
      '9': 0,
      '10': 0,
      '11': 0,
      '12': 0,
      '13': 0,
      '14': 0,
      '15': 0,
      '16': 0,
      '17': 0,
      '18': 0,
      '19': 0,
      '20': 0,
      '21': 0,
      '22': 0,
      '23': 0,
      '24': 0,
      '25': 0,
      '26': 0,
      '27': 0,
      '28': 0,
      '29': 0,
      '30': 0,
      '31': 0
    },
    length: 1,
    _subParams: {
      '0': 0,
      '1': 0,
      '2': 0,
      '3': 0,
      '4': 0,
      '5': 0,
      '6': 0,
      '7': 0,
      '8': 0,
      '9': 0,
      '10': 0,
      '11': 0,
      '12': 0,
      '13': 0,
      '14': 0,
      '15': 0,
      '16': 0,
      '17': 0,
      '18': 0,
      '19': 0,
      '20': 0,
      '21': 0,
      '22': 0,
      '23': 0,
      '24': 0,
      '25': 0,
      '26': 0,
      '27': 0,
      '28': 0,
      '29': 0,
      '30': 0,
      '31': 0
    },
    _subParamsLength: 0,
    _subParamsIdx: {
      '0': 0,
      '1': 0,
      '2': 0,
      '3': 0,
      '4': 0,
      '5': 0,
      '6': 0,
      '7': 0,
      '8': 0,
      '9': 0,
      '10': 0,
      '11': 0,
      '12': 0,
      '13': 0,
      '14': 0,
      '15': 0,
      '16': 0,
      '17': 0,
      '18': 0,
      '19': 0,
      '20': 0,
      '21': 0,
      '22': 0,
      '23': 0,
      '24': 0,
      '25': 0,
      '26': 0,
      '27': 0,
      '28': 0,
      '29': 0,
      '30': 0,
      '31': 0
    },
    _rejectDigits: false,
    _rejectSubDigits: false,
    _digitIsSub: false
  },
  abort: false
}
[IPC Library: Pty Host] xterm.js: Parsing error:  {
  position: 87824,
  code: 160,
  currentState: 14,
  collect: 0,
  params: {
    maxLength: 32,
    maxSubParamsLength: 32,
    params: {
      '0': 0,
      '1': 31,
      '2': 0,
      '3': 0,
      '4': 0,
      '5': 0,
      '6': 0,
      '7': 0,
      '8': 0,
      '9': 0,
      '10': 0,
      '11': 0,
      '12': 0,
      '13': 0,
      '14': 0,
      '15': 0,
      '16': 0,
      '17': 0,
      '18': 0,
      '19': 0,
      '20': 0,
      '21': 0,
      '22': 0,
      '23': 0,
      '24': 0,
      '25': 0,
      '26': 0,
      '27': 0,
      '28': 0,
      '29': 0,
      '30': 0,
      '31': 0
    },
    length: 1,
    _subParams: {
      '0': 0,
      '1': 0,
      '2': 0,
      '3': 0,
      '4': 0,
      '5': 0,
      '6': 0,
      '7': 0,
      '8': 0,
      '9': 0,
      '10': 0,
      '11': 0,
      '12': 0,
      '13': 0,
      '14': 0,
      '15': 0,
      '16': 0,
      '17': 0,
      '18': 0,
      '19': 0,
      '20': 0,
      '21': 0,
      '22': 0,
      '23': 0,
      '24': 0,
      '25': 0,
      '26': 0,
      '27': 0,
      '28': 0,
      '29': 0,
      '30': 0,
      '31': 0
    },
    _subParamsLength: 0,
    _subParamsIdx: {
      '0': 0,
      '1': 0,
      '2': 0,
      '3': 0,
      '4': 0,
      '5': 0,
      '6': 0,
      '7': 0,
      '8': 0,
      '9': 0,
      '10': 0,
      '11': 0,
      '12': 0,
      '13': 0,
      '14': 0,
      '15': 0,
      '16': 0,
      '17': 0,
      '18': 0,
      '19': 0,
      '20': 0,
      '21': 0,
      '22': 0,
      '23': 0,
      '24': 0,
      '25': 0,
      '26': 0,
      '27': 0,
      '28': 0,
      '29': 0,
      '30': 0,
      '31': 0
    },
    _rejectDigits: false,
    _rejectSubDigits: false,
    _digitIsSub: false
  },
  abort: false
}
[IPC Library: Pty Host] xterm.js: Parsing error:  {
  position: 88056,
  code: 160,
  currentState: 14,
  collect: 0,
  params: {
    maxLength: 32,
    maxSubParamsLength: 32,
    params: {
      '0': 0,
      '1': 31,
      '2': 0,
      '3': 0,
      '4': 0,
      '5': 0,
      '6': 0,
      '7': 0,
      '8': 0,
      '9': 0,
      '10': 0,
      '11': 0,
      '12': 0,
      '13': 0,
      '14': 0,
      '15': 0,
      '16': 0,
      '17': 0,
      '18': 0,
      '19': 0,
      '20': 0,
      '21': 0,
      '22': 0,
      '23': 0,
      '24': 0,
      '25': 0,
      '26': 0,
      '27': 0,
      '28': 0,
      '29': 0,
      '30': 0,
      '31': 0
    },
    length: 1,
    _subParams: {
      '0': 0,
      '1': 0,
      '2': 0,
      '3': 0,
      '4': 0,
      '5': 0,
      '6': 0,
      '7': 0,
      '8': 0,
      '9': 0,
      '10': 0,
      '11': 0,
      '12': 0,
      '13': 0,
      '14': 0,
      '15': 0,
      '16': 0,
      '17': 0,
      '18': 0,
      '19': 0,
      '20': 0,
      '21': 0,
      '22': 0,
      '23': 0,
      '24': 0,
      '25': 0,
      '26': 0,
      '27': 0,
      '28': 0,
      '29': 0,
      '30': 0,
      '31': 0
    },
    _subParamsLength: 0,
    _subParamsIdx: {
      '0': 0,
      '1': 0,
      '2': 0,
      '3': 0,
      '4': 0,
      '5': 0,
      '6': 0,
      '7': 0,
      '8': 0,
      '9': 0,
      '10': 0,
      '11': 0,
      '12': 0,
      '13': 0,
      '14': 0,
      '15': 0,
      '16': 0,
      '17': 0,
      '18': 0,
      '19': 0,
      '20': 0,
      '21': 0,
      '22': 0,
      '23': 0,
      '24': 0,
      '25': 0,
      '26': 0,
      '27': 0,
      '28': 0,
      '29': 0,
      '30': 0,
      '31': 0
    },
    _rejectDigits: false,
    _rejectSubDigits: false,
    _digitIsSub: false
  },
  abort: false
}
[IPC Library: Pty Host] xterm.js: Parsing error:  {
  position: 88288,
  code: 160,
  currentState: 14,
  collect: 0,
  params: {
    maxLength: 32,
    maxSubParamsLength: 32,
    params: {
      '0': 0,
      '1': 31,
      '2': 0,
      '3': 0,
      '4': 0,
      '5': 0,
      '6': 0,
      '7': 0,
      '8': 0,
      '9': 0,
      '10': 0,
      '11': 0,
      '12': 0,
      '13': 0,
      '14': 0,
      '15': 0,
      '16': 0,
      '17': 0,
      '18': 0,
      '19': 0,
      '20': 0,
      '21': 0,
      '22': 0,
      '23': 0,
      '24': 0,
      '25': 0,
      '26': 0,
      '27': 0,
      '28': 0,
      '29': 0,
      '30': 0,
      '31': 0
    },
    length: 1,
    _subParams: {
      '0': 0,
      '1': 0,
      '2': 0,
      '3': 0,
      '4': 0,
      '5': 0,
      '6': 0,
      '7': 0,
      '8': 0,
      '9': 0,
      '10': 0,
      '11': 0,
      '12': 0,
      '13': 0,
      '14': 0,
      '15': 0,
      '16': 0,
      '17': 0,
      '18': 0,
      '19': 0,
      '20': 0,
      '21': 0,
      '22': 0,
      '23': 0,
      '24': 0,
      '25': 0,
      '26': 0,
      '27': 0,
      '28': 0,
      '29': 0,
      '30': 0,
      '31': 0
    },
    _subParamsLength: 0,
    _subParamsIdx: {
      '0': 0,
      '1': 0,
      '2': 0,
      '3': 0,
      '4': 0,
      '5': 0,
      '6': 0,
      '7': 0,
      '8': 0,
      '9': 0,
      '10': 0,
      '11': 0,
      '12': 0,
      '13': 0,
      '14': 0,
      '15': 0,
      '16': 0,
      '17': 0,
      '18': 0,
      '19': 0,
      '20': 0,
      '21': 0,
      '22': 0,
      '23': 0,
      '24': 0,
      '25': 0,
      '26': 0,
      '27': 0,
      '28': 0,
      '29': 0,
      '30': 0,
      '31': 0
    },
    _rejectDigits: false,
    _rejectSubDigits: false,
    _digitIsSub: false
  },
  abort: false
}
[IPC Library: Pty Host] xterm.js: Parsing error:  {
  position: 88520,
  code: 160,
  currentState: 14,
  collect: 0,
  params: {
    maxLength: 32,
    maxSubParamsLength: 32,
    params: {
      '0': 0,
      '1': 31,
      '2': 0,
      '3': 0,
      '4': 0,
      '5': 0,
      '6': 0,
      '7': 0,
      '8': 0,
      '9': 0,
      '10': 0,
      '11': 0,
      '12': 0,
      '13': 0,
      '14': 0,
      '15': 0,
      '16': 0,
      '17': 0,
      '18': 0,
      '19': 0,
      '20': 0,
      '21': 0,
      '22': 0,
      '23': 0,
      '24': 0,
      '25': 0,
      '26': 0,
      '27': 0,
      '28': 0,
      '29': 0,
      '30': 0,
      '31': 0
    },
    length: 1,
    _subParams: {
      '0': 0,
      '1': 0,
      '2': 0,
      '3': 0,
      '4': 0,
      '5': 0,
      '6': 0,
      '7': 0,
      '8': 0,
      '9': 0,
      '10': 0,
      '11': 0,
      '12': 0,
      '13': 0,
      '14': 0,
      '15': 0,
      '16': 0,
      '17': 0,
      '18': 0,
      '19': 0,
      '20': 0,
      '21': 0,
      '22': 0,
      '23': 0,
      '24': 0,
      '25': 0,
      '26': 0,
      '27': 0,
      '28': 0,
      '29': 0,
      '30': 0,
      '31': 0
    },
    _subParamsLength: 0,
    _subParamsIdx: {
      '0': 0,
      '1': 0,
      '2': 0,
      '3': 0,
      '4': 0,
      '5': 0,
      '6': 0,
      '7': 0,
      '8': 0,
      '9': 0,
      '10': 0,
      '11': 0,
      '12': 0,
      '13': 0,
      '14': 0,
      '15': 0,
      '16': 0,
      '17': 0,
      '18': 0,
      '19': 0,
      '20': 0,
      '21': 0,
      '22': 0,
      '23': 0,
      '24': 0,
      '25': 0,
      '26': 0,
      '27': 0,
      '28': 0,
      '29': 0,
      '30': 0,
      '31': 0
    },
    _rejectDigits: false,
    _rejectSubDigits: false,
    _digitIsSub: false
  },
  abort: false
}
[IPC Library: Pty Host] xterm.js: Parsing error:  {
  position: 88752,
  code: 160,
  currentState: 14,
  collect: 0,
  params: {
    maxLength: 32,
    maxSubParamsLength: 32,
    params: {
      '0': 0,
      '1': 31,
      '2': 0,
      '3': 0,
      '4': 0,
      '5': 0,
      '6': 0,
      '7': 0,
      '8': 0,
      '9': 0,
      '10': 0,
      '11': 0,
      '12': 0,
      '13': 0,
      '14': 0,
      '15': 0,
      '16': 0,
      '17': 0,
      '18': 0,
      '19': 0,
      '20': 0,
      '21': 0,
      '22': 0,
      '23': 0,
      '24': 0,
      '25': 0,
      '26': 0,
      '27': 0,
      '28': 0,
      '29': 0,
      '30': 0,
      '31': 0
    },
    length: 1,
    _subParams: {
      '0': 0,
      '1': 0,
      '2': 0,
      '3': 0,
      '4': 0,
      '5': 0,
      '6': 0,
      '7': 0,
      '8': 0,
      '9': 0,
      '10': 0,
      '11': 0,
      '12': 0,
      '13': 0,
      '14': 0,
      '15': 0,
      '16': 0,
      '17': 0,
      '18': 0,
      '19': 0,
      '20': 0,
      '21': 0,
      '22': 0,
      '23': 0,
      '24': 0,
      '25': 0,
      '26': 0,
      '27': 0,
      '28': 0,
      '29': 0,
      '30': 0,
      '31': 0
    },
    _subParamsLength: 0,
    _subParamsIdx: {
      '0': 0,
      '1': 0,
      '2': 0,
      '3': 0,
      '4': 0,
      '5': 0,
      '6': 0,
      '7': 0,
      '8': 0,
      '9': 0,
      '10': 0,
      '11': 0,
      '12': 0,
      '13': 0,
      '14': 0,
      '15': 0,
      '16': 0,
      '17': 0,
      '18': 0,
      '19': 0,
      '20': 0,
      '21': 0,
      '22': 0,
      '23': 0,
      '24': 0,
      '25': 0,
      '26': 0,
      '27': 0,
      '28': 0,
      '29': 0,
      '30': 0,
      '31': 0
    },
    _rejectDigits: false,
    _rejectSubDigits: false,
    _digitIsSub: false
  },
  abort: false
}
[IPC Library: Pty Host] xterm.js: Parsing error:  {
  position: 88984,
  code: 160,
  currentState: 14,
  collect: 0,
  params: {
    maxLength: 32,
    maxSubParamsLength: 32,
    params: {
      '0': 0,
      '1': 31,
      '2': 0,
      '3': 0,
      '4': 0,
      '5': 0,
      '6': 0,
      '7': 0,
      '8': 0,
      '9': 0,
      '10': 0,
      '11': 0,
      '12': 0,
      '13': 0,
      '14': 0,
      '15': 0,
      '16': 0,
      '17': 0,
      '18': 0,
      '19': 0,
      '20': 0,
      '21': 0,
      '22': 0,
      '23': 0,
      '24': 0,
      '25': 0,
      '26': 0,
      '27': 0,
      '28': 0,
      '29': 0,
      '30': 0,
      '31': 0
    },
    length: 1,
    _subParams: {
      '0': 0,
      '1': 0,
      '2': 0,
      '3': 0,
      '4': 0,
      '5': 0,
      '6': 0,
      '7': 0,
      '8': 0,
      '9': 0,
      '10': 0,
      '11': 0,
      '12': 0,
      '13': 0,
      '14': 0,
      '15': 0,
      '16': 0,
      '17': 0,
      '18': 0,
      '19': 0,
      '20': 0,
      '21': 0,
      '22': 0,
      '23': 0,
      '24': 0,
      '25': 0,
      '26': 0,
      '27': 0,
      '28': 0,
      '29': 0,
      '30': 0,
      '31': 0
    },
    _subParamsLength: 0,
    _subParamsIdx: {
      '0': 0,
      '1': 0,
      '2': 0,
      '3': 0,
      '4': 0,
      '5': 0,
      '6': 0,
      '7': 0,
      '8': 0,
      '9': 0,
      '10': 0,
      '11': 0,
      '12': 0,
      '13': 0,
      '14': 0,
      '15': 0,
      '16': 0,
      '17': 0,
      '18': 0,
      '19': 0,
      '20': 0,
      '21': 0,
      '22': 0,
      '23': 0,
      '24': 0,
      '25': 0,
      '26': 0,
      '27': 0,
      '28': 0,
      '29': 0,
      '30': 0,
      '31': 0
    },
    _rejectDigits: false,
    _rejectSubDigits: false,
    _digitIsSub: false
  },
  abort: false
}
[IPC Library: Pty Host] xterm.js: Parsing error:  {
  position: 92748,
  code: 127,
  currentState: 0,
  collect: 0,
  params: {
    maxLength: 32,
    maxSubParamsLength: 32,
    params: {
      '0': 0,
      '1': 31,
      '2': 0,
      '3': 0,
      '4': 0,
      '5': 0,
      '6': 0,
      '7': 0,
      '8': 0,
      '9': 0,
      '10': 0,
      '11': 0,
      '12': 0,
      '13': 0,
      '14': 0,
      '15': 0,
      '16': 0,
      '17': 0,
      '18': 0,
      '19': 0,
      '20': 0,
      '21': 0,
      '22': 0,
      '23': 0,
      '24': 0,
      '25': 0,
      '26': 0,
      '27': 0,
      '28': 0,
      '29': 0,
      '30': 0,
      '31': 0
    },
    length: 1,
    _subParams: {
      '0': 0,
      '1': 0,
      '2': 0,
      '3': 0,
      '4': 0,
      '5': 0,
      '6': 0,
      '7': 0,
      '8': 0,
      '9': 0,
      '10': 0,
      '11': 0,
      '12': 0,
      '13': 0,
      '14': 0,
      '15': 0,
      '16': 0,
      '17': 0,
      '18': 0,
      '19': 0,
      '20': 0,
      '21': 0,
      '22': 0,
      '23': 0,
      '24': 0,
      '25': 0,
      '26': 0,
      '27': 0,
      '28': 0,
      '29': 0,
      '30': 0,
      '31': 0
    },
    _subParamsLength: 0,
    _subParamsIdx: {
      '0': 0,
      '1': 0,
      '2': 0,
      '3': 0,
      '4': 0,
      '5': 0,
      '6': 0,
      '7': 0,
      '8': 0,
      '9': 0,
      '10': 0,
      '11': 0,
      '12': 0,
      '13': 0,
      '14': 0,
      '15': 0,
      '16': 0,
      '17': 0,
      '18': 0,
      '19': 0,
      '20': 0,
      '21': 0,
      '22': 0,
      '23': 0,
      '24': 0,
      '25': 0,
      '26': 0,
      '27': 0,
      '28': 0,
      '29': 0,
      '30': 0,
      '31': 0
    },
    _rejectDigits: false,
    _rejectSubDigits: false,
    _digitIsSub: false
  },
  abort: false
}
[IPC Library: Pty Host] xterm.js: Parsing error:  {
  position: 93785,
  code: 160,
  currentState: 14,
  collect: 0,
  params: {
    maxLength: 32,
    maxSubParamsLength: 32,
    params: {
      '0': 0,
      '1': 31,
      '2': 0,
      '3': 0,
      '4': 0,
      '5': 0,
      '6': 0,
      '7': 0,
      '8': 0,
      '9': 0,
      '10': 0,
      '11': 0,
      '12': 0,
      '13': 0,
      '14': 0,
      '15': 0,
      '16': 0,
      '17': 0,
      '18': 0,
      '19': 0,
      '20': 0,
      '21': 0,
      '22': 0,
      '23': 0,
      '24': 0,
      '25': 0,
      '26': 0,
      '27': 0,
      '28': 0,
      '29': 0,
      '30': 0,
      '31': 0
    },
    length: 1,
    _subParams: {
      '0': 0,
      '1': 0,
      '2': 0,
      '3': 0,
      '4': 0,
      '5': 0,
      '6': 0,
      '7': 0,
      '8': 0,
      '9': 0,
      '10': 0,
      '11': 0,
      '12': 0,
      '13': 0,
      '14': 0,
      '15': 0,
      '16': 0,
      '17': 0,
      '18': 0,
      '19': 0,
      '20': 0,
      '21': 0,
      '22': 0,
      '23': 0,
      '24': 0,
      '25': 0,
      '26': 0,
      '27': 0,
      '28': 0,
      '29': 0,
      '30': 0,
      '31': 0
    },
    _subParamsLength: 0,
    _subParamsIdx: {
      '0': 0,
      '1': 0,
      '2': 0,
      '3': 0,
      '4': 0,
      '5': 0,
      '6': 0,
      '7': 0,
      '8': 0,
      '9': 0,
      '10': 0,
      '11': 0,
      '12': 0,
      '13': 0,
      '14': 0,
      '15': 0,
      '16': 0,
      '17': 0,
      '18': 0,
      '19': 0,
      '20': 0,
      '21': 0,
      '22': 0,
      '23': 0,
      '24': 0,
      '25': 0,
      '26': 0,
      '27': 0,
      '28': 0,
      '29': 0,
      '30': 0,
      '31': 0
    },
    _rejectDigits: false,
    _rejectSubDigits: false,
    _digitIsSub: false
  },
  abort: false
}
[IPC Library: Pty Host] xterm.js: Parsing error:  {
  position: 94293,
  code: 160,
  currentState: 14,
  collect: 0,
  params: {
    maxLength: 32,
    maxSubParamsLength: 32,
    params: {
      '0': 0,
      '1': 31,
      '2': 0,
      '3': 0,
      '4': 0,
      '5': 0,
      '6': 0,
      '7': 0,
      '8': 0,
      '9': 0,
      '10': 0,
      '11': 0,
      '12': 0,
      '13': 0,
      '14': 0,
      '15': 0,
      '16': 0,
      '17': 0,
      '18': 0,
      '19': 0,
      '20': 0,
      '21': 0,
      '22': 0,
      '23': 0,
      '24': 0,
      '25': 0,
      '26': 0,
      '27': 0,
      '28': 0,
      '29': 0,
      '30': 0,
      '31': 0
    },
    length: 1,
    _subParams: {
      '0': 0,
      '1': 0,
      '2': 0,
      '3': 0,
      '4': 0,
      '5': 0,
      '6': 0,
      '7': 0,
      '8': 0,
      '9': 0,
      '10': 0,
      '11': 0,
      '12': 0,
      '13': 0,
      '14': 0,
      '15': 0,
      '16': 0,
      '17': 0,
      '18': 0,
      '19': 0,
      '20': 0,
      '21': 0,
      '22': 0,
      '23': 0,
      '24': 0,
      '25': 0,
      '26': 0,
      '27': 0,
      '28': 0,
      '29': 0,
      '30': 0,
      '31': 0
    },
    _subParamsLength: 0,
    _subParamsIdx: {
      '0': 0,
      '1': 0,
      '2': 0,
      '3': 0,
      '4': 0,
      '5': 0,
      '6': 0,
      '7': 0,
      '8': 0,
      '9': 0,
      '10': 0,
      '11': 0,
      '12': 0,
      '13': 0,
      '14': 0,
      '15': 0,
      '16': 0,
      '17': 0,
      '18': 0,
      '19': 0,
      '20': 0,
      '21': 0,
      '22': 0,
      '23': 0,
      '24': 0,
      '25': 0,
      '26': 0,
      '27': 0,
      '28': 0,
      '29': 0,
      '30': 0,
      '31': 0
    },
    _rejectDigits: false,
    _rejectSubDigits: false,
    _digitIsSub: false
  },
  abort: false
}
[IPC Library: Pty Host] xterm.js: Parsing error:  {
  position: 94805,
  code: 160,
  currentState: 14,
  collect: 0,
  params: {
    maxLength: 32,
    maxSubParamsLength: 32,
    params: {
      '0': 0,
      '1': 31,
      '2': 0,
      '3': 0,
      '4': 0,
      '5': 0,
      '6': 0,
      '7': 0,
      '8': 0,
      '9': 0,
      '10': 0,
      '11': 0,
      '12': 0,
      '13': 0,
      '14': 0,
      '15': 0,
      '16': 0,
      '17': 0,
      '18': 0,
      '19': 0,
      '20': 0,
      '21': 0,
      '22': 0,
      '23': 0,
      '24': 0,
      '25': 0,
      '26': 0,
      '27': 0,
      '28': 0,
      '29': 0,
      '30': 0,
      '31': 0
    },
    length: 1,
    _subParams: {
      '0': 0,
      '1': 0,
      '2': 0,
      '3': 0,
      '4': 0,
      '5': 0,
      '6': 0,
      '7': 0,
      '8': 0,
      '9': 0,
      '10': 0,
      '11': 0,
      '12': 0,
      '13': 0,
      '14': 0,
      '15': 0,
      '16': 0,
      '17': 0,
      '18': 0,
      '19': 0,
      '20': 0,
      '21': 0,
      '22': 0,
      '23': 0,
      '24': 0,
      '25': 0,
      '26': 0,
      '27': 0,
      '28': 0,
      '29': 0,
      '30': 0,
      '31': 0
    },
    _subParamsLength: 0,
    _subParamsIdx: {
      '0': 0,
      '1': 0,
      '2': 0,
      '3': 0,
      '4': 0,
      '5': 0,
      '6': 0,
      '7': 0,
      '8': 0,
      '9': 0,
      '10': 0,
      '11': 0,
      '12': 0,
      '13': 0,
      '14': 0,
      '15': 0,
      '16': 0,
      '17': 0,
      '18': 0,
      '19': 0,
      '20': 0,
      '21': 0,
      '22': 0,
      '23': 0,
      '24': 0,
      '25': 0,
      '26': 0,
      '27': 0,
      '28': 0,
      '29': 0,
      '30': 0,
      '31': 0
    },
    _rejectDigits: false,
    _rejectSubDigits: false,
    _digitIsSub: false
  },
  abort: false
}
[IPC Library: Pty Host] xterm.js: Parsing error:  {
  position: 95061,
  code: 160,
  currentState: 14,
  collect: 0,
  params: {
    maxLength: 32,
    maxSubParamsLength: 32,
    params: {
      '0': 0,
      '1': 31,
      '2': 0,
      '3': 0,
      '4': 0,
      '5': 0,
      '6': 0,
      '7': 0,
      '8': 0,
      '9': 0,
      '10': 0,
      '11': 0,
      '12': 0,
      '13': 0,
      '14': 0,
      '15': 0,
      '16': 0,
      '17': 0,
      '18': 0,
      '19': 0,
      '20': 0,
      '21': 0,
      '22': 0,
      '23': 0,
      '24': 0,
      '25': 0,
      '26': 0,
      '27': 0,
      '28': 0,
      '29': 0,
      '30': 0,
      '31': 0
    },
    length: 1,
    _subParams: {
      '0': 0,
      '1': 0,
      '2': 0,
      '3': 0,
      '4': 0,
      '5': 0,
      '6': 0,
      '7': 0,
      '8': 0,
      '9': 0,
      '10': 0,
      '11': 0,
      '12': 0,
      '13': 0,
      '14': 0,
      '15': 0,
      '16': 0,
      '17': 0,
      '18': 0,
      '19': 0,
      '20': 0,
      '21': 0,
      '22': 0,
      '23': 0,
      '24': 0,
      '25': 0,
      '26': 0,
      '27': 0,
      '28': 0,
      '29': 0,
      '30': 0,
      '31': 0
    },
    _subParamsLength: 0,
    _subParamsIdx: {
      '0': 0,
      '1': 0,
      '2': 0,
      '3': 0,
      '4': 0,
      '5': 0,
      '6': 0,
      '7': 0,
      '8': 0,
      '9': 0,
      '10': 0,
      '11': 0,
      '12': 0,
      '13': 0,
      '14': 0,
      '15': 0,
      '16': 0,
      '17': 0,
      '18': 0,
      '19': 0,
      '20': 0,
      '21': 0,
      '22': 0,
      '23': 0,
      '24': 0,
      '25': 0,
      '26': 0,
      '27': 0,
      '28': 0,
      '29': 0,
      '30': 0,
      '31': 0
    },
    _rejectDigits: false,
    _rejectSubDigits: false,
    _digitIsSub: false
  },
  abort: false
}
[IPC Library: Pty Host] xterm.js: Parsing error:  {
  position: 95558,
  code: 8216,
  currentState: 9,
  collect: 0,
  params: {
    maxLength: 32,
    maxSubParamsLength: 32,
    params: {
      '0': 0,
      '1': 31,
      '2': 0,
      '3': 0,
      '4': 0,
      '5': 0,
      '6': 0,
      '7': 0,
      '8': 0,
      '9': 0,
      '10': 0,
      '11': 0,
      '12': 0,
      '13': 0,
      '14': 0,
      '15': 0,
      '16': 0,
      '17': 0,
      '18': 0,
      '19': 0,
      '20': 0,
      '21': 0,
      '22': 0,
      '23': 0,
      '24': 0,
      '25': 0,
      '26': 0,
      '27': 0,
      '28': 0,
      '29': 0,
      '30': 0,
      '31': 0
    },
    length: 1,
    _subParams: {
      '0': 0,
      '1': 0,
      '2': 0,
      '3': 0,
      '4': 0,
      '5': 0,
      '6': 0,
      '7': 0,
      '8': 0,
      '9': 0,
      '10': 0,
      '11': 0,
      '12': 0,
      '13': 0,
      '14': 0,
      '15': 0,
      '16': 0,
      '17': 0,
      '18': 0,
      '19': 0,
      '20': 0,
      '21': 0,
      '22': 0,
      '23': 0,
      '24': 0,
      '25': 0,
      '26': 0,
      '27': 0,
      '28': 0,
      '29': 0,
      '30': 0,
      '31': 0
    },
    _subParamsLength: 0,
    _subParamsIdx: {
      '0': 0,
      '1': 0,
      '2': 0,
      '3': 0,
      '4': 0,
      '5': 0,
      '6': 0,
      '7': 0,
      '8': 0,
      '9': 0,
      '10': 0,
      '11': 0,
      '12': 0,
      '13': 0,
      '14': 0,
      '15': 0,
      '16': 0,
      '17': 0,
      '18': 0,
      '19': 0,
      '20': 0,
      '21': 0,
      '22': 0,
      '23': 0,
      '24': 0,
      '25': 0,
      '26': 0,
      '27': 0,
      '28': 0,
      '29': 0,
      '30': 0,
      '31': 0
    },
    _rejectDigits: false,
    _rejectSubDigits: false,
    _digitIsSub: false
  },
  abort: false
}
[IPC Library: Pty Host] xterm.js: Parsing error:  {
  position: 95573,
  code: 160,
  currentState: 14,
  collect: 0,
  params: {
    maxLength: 32,
    maxSubParamsLength: 32,
    params: {
      '0': 0,
      '1': 31,
      '2': 0,
      '3': 0,
      '4': 0,
      '5': 0,
      '6': 0,
      '7': 0,
      '8': 0,
      '9': 0,
      '10': 0,
      '11': 0,
      '12': 0,
      '13': 0,
      '14': 0,
      '15': 0,
      '16': 0,
      '17': 0,
      '18': 0,
      '19': 0,
      '20': 0,
      '21': 0,
      '22': 0,
      '23': 0,
      '24': 0,
      '25': 0,
      '26': 0,
      '27': 0,
      '28': 0,
      '29': 0,
      '30': 0,
      '31': 0
    },
    length: 1,
    _subParams: {
      '0': 0,
      '1': 0,
      '2': 0,
      '3': 0,
      '4': 0,
      '5': 0,
      '6': 0,
      '7': 0,
      '8': 0,
      '9': 0,
      '10': 0,
      '11': 0,
      '12': 0,
      '13': 0,
      '14': 0,
      '15': 0,
      '16': 0,
      '17': 0,
      '18': 0,
      '19': 0,
      '20': 0,
      '21': 0,
      '22': 0,
      '23': 0,
      '24': 0,
      '25': 0,
      '26': 0,
      '27': 0,
      '28': 0,
      '29': 0,
      '30': 0,
      '31': 0
    },
    _subParamsLength: 0,
    _subParamsIdx: {
      '0': 0,
      '1': 0,
      '2': 0,
      '3': 0,
      '4': 0,
      '5': 0,
      '6': 0,
      '7': 0,
      '8': 0,
      '9': 0,
      '10': 0,
      '11': 0,
      '12': 0,
      '13': 0,
      '14': 0,
      '15': 0,
      '16': 0,
      '17': 0,
      '18': 0,
      '19': 0,
      '20': 0,
      '21': 0,
      '22': 0,
      '23': 0,
      '24': 0,
      '25': 0,
      '26': 0,
      '27': 0,
      '28': 0,
      '29': 0,
      '30': 0,
      '31': 0
    },
    _rejectDigits: false,
    _rejectSubDigits: false,
    _digitIsSub: false
  },
  abort: false
}
[IPC Library: Pty Host] xterm.js: Parsing error:  {
  position: 95829,
  code: 160,
  currentState: 14,
  collect: 0,
  params: {
    maxLength: 32,
    maxSubParamsLength: 32,
    params: {
      '0': 0,
      '1': 31,
      '2': 0,
      '3': 0,
      '4': 0,
      '5': 0,
      '6': 0,
      '7': 0,
      '8': 0,
      '9': 0,
      '10': 0,
      '11': 0,
      '12': 0,
      '13': 0,
      '14': 0,
      '15': 0,
      '16': 0,
      '17': 0,
      '18': 0,
      '19': 0,
      '20': 0,
      '21': 0,
      '22': 0,
      '23': 0,
      '24': 0,
      '25': 0,
      '26': 0,
      '27': 0,
      '28': 0,
      '29': 0,
      '30': 0,
      '31': 0
    },
    length: 1,
    _subParams: {
      '0': 0,
      '1': 0,
      '2': 0,
      '3': 0,
      '4': 0,
      '5': 0,
      '6': 0,
      '7': 0,
      '8': 0,
      '9': 0,
      '10': 0,
      '11': 0,
      '12': 0,
      '13': 0,
      '14': 0,
      '15': 0,
      '16': 0,
      '17': 0,
      '18': 0,
      '19': 0,
      '20': 0,
      '21': 0,
      '22': 0,
      '23': 0,
      '24': 0,
      '25': 0,
      '26': 0,
      '27': 0,
      '28': 0,
      '29': 0,
      '30': 0,
      '31': 0
    },
    _subParamsLength: 0,
    _subParamsIdx: {
      '0': 0,
      '1': 0,
      '2': 0,
      '3': 0,
      '4': 0,
      '5': 0,
      '6': 0,
      '7': 0,
      '8': 0,
      '9': 0,
      '10': 0,
      '11': 0,
      '12': 0,
      '13': 0,
      '14': 0,
      '15': 0,
      '16': 0,
      '17': 0,
      '18': 0,
      '19': 0,
      '20': 0,
      '21': 0,
      '22': 0,
      '23': 0,
      '24': 0,
      '25': 0,
      '26': 0,
      '27': 0,
      '28': 0,
      '29': 0,
      '30': 0,
      '31': 0
    },
    _rejectDigits: false,
    _rejectSubDigits: false,
    _digitIsSub: false
  },
  abort: false
}
[IPC Library: Pty Host] xterm.js: Parsing error:  {
  position: 955,
  code: 160,
  currentState: 14,
  collect: 0,
  params: {
    maxLength: 32,
    maxSubParamsLength: 32,
    params: {
      '0': 0,
      '1': 31,
      '2': 0,
      '3': 0,
      '4': 0,
      '5': 0,
      '6': 0,
      '7': 0,
      '8': 0,
      '9': 0,
      '10': 0,
      '11': 0,
      '12': 0,
      '13': 0,
      '14': 0,
      '15': 0,
      '16': 0,
      '17': 0,
      '18': 0,
      '19': 0,
      '20': 0,
      '21': 0,
      '22': 0,
      '23': 0,
      '24': 0,
      '25': 0,
      '26': 0,
      '27': 0,
      '28': 0,
      '29': 0,
      '30': 0,
      '31': 0
    },
    length: 1,
    _subParams: {
      '0': 0,
      '1': 0,
      '2': 0,
      '3': 0,
      '4': 0,
      '5': 0,
      '6': 0,
      '7': 0,
      '8': 0,
      '9': 0,
      '10': 0,
      '11': 0,
      '12': 0,
      '13': 0,
      '14': 0,
      '15': 0,
      '16': 0,
      '17': 0,
      '18': 0,
      '19': 0,
      '20': 0,
      '21': 0,
      '22': 0,
      '23': 0,
      '24': 0,
      '25': 0,
      '26': 0,
      '27': 0,
      '28': 0,
      '29': 0,
      '30': 0,
      '31': 0
    },
    _subParamsLength: 0,
    _subParamsIdx: {
      '0': 0,
      '1': 0,
      '2': 0,
      '3': 0,
      '4': 0,
      '5': 0,
      '6': 0,
      '7': 0,
      '8': 0,
      '9': 0,
      '10': 0,
      '11': 0,
      '12': 0,
      '13': 0,
      '14': 0,
      '15': 0,
      '16': 0,
      '17': 0,
      '18': 0,
      '19': 0,
      '20': 0,
      '21': 0,
      '22': 0,
      '23': 0,
      '24': 0,
      '25': 0,
      '26': 0,
      '27': 0,
      '28': 0,
      '29': 0,
      '30': 0,
      '31': 0
    },
    _rejectDigits: false,
    _rejectSubDigits: false,
    _digitIsSub: false
  },
  abort: false
}
[IPC Library: Pty Host] xterm.js: Parsing error:  {
  position: 1550,
  code: 127,
  currentState: 0,
  collect: 0,
  params: {
    maxLength: 32,
    maxSubParamsLength: 32,
    params: {
      '0': 0,
      '1': 31,
      '2': 0,
      '3': 0,
      '4': 0,
      '5': 0,
      '6': 0,
      '7': 0,
      '8': 0,
      '9': 0,
      '10': 0,
      '11': 0,
      '12': 0,
      '13': 0,
      '14': 0,
      '15': 0,
      '16': 0,
      '17': 0,
      '18': 0,
      '19': 0,
      '20': 0,
      '21': 0,
      '22': 0,
      '23': 0,
      '24': 0,
      '25': 0,
      '26': 0,
      '27': 0,
      '28': 0,
      '29': 0,
      '30': 0,
      '31': 0
    },
    length: 1,
    _subParams: {
      '0': 0,
      '1': 0,
      '2': 0,
      '3': 0,
      '4': 0,
      '5': 0,
      '6': 0,
      '7': 0,
      '8': 0,
      '9': 0,
      '10': 0,
      '11': 0,
      '12': 0,
      '13': 0,
      '14': 0,
      '15': 0,
      '16': 0,
      '17': 0,
      '18': 0,
      '19': 0,
      '20': 0,
      '21': 0,
      '22': 0,
      '23': 0,
      '24': 0,
      '25': 0,
      '26': 0,
      '27': 0,
      '28': 0,
      '29': 0,
      '30': 0,
      '31': 0
    },
    _subParamsLength: 0,
    _subParamsIdx: {
      '0': 0,
      '1': 0,
      '2': 0,
      '3': 0,
      '4': 0,
      '5': 0,
      '6': 0,
      '7': 0,
      '8': 0,
      '9': 0,
      '10': 0,
      '11': 0,
      '12': 0,
      '13': 0,
      '14': 0,
      '15': 0,
      '16': 0,
      '17': 0,
      '18': 0,
      '19': 0,
      '20': 0,
      '21': 0,
      '22': 0,
      '23': 0,
      '24': 0,
      '25': 0,
      '26': 0,
      '27': 0,
      '28': 0,
      '29': 0,
      '30': 0,
      '31': 0
    },
    _rejectDigits: false,
    _rejectSubDigits: false,
    _digitIsSub: false
  },
  abort: false
}
[IPC Library: Pty Host] xterm.js: Parsing error:  {
  position: 1775,
  code: 8216,
  currentState: 9,
  collect: 0,
  params: {
    maxLength: 32,
    maxSubParamsLength: 32,
    params: {
      '0': 0,
      '1': 31,
      '2': 0,
      '3': 0,
      '4': 0,
      '5': 0,
      '6': 0,
      '7': 0,
      '8': 0,
      '9': 0,
      '10': 0,
      '11': 0,
      '12': 0,
      '13': 0,
      '14': 0,
      '15': 0,
      '16': 0,
      '17': 0,
      '18': 0,
      '19': 0,
      '20': 0,
      '21': 0,
      '22': 0,
      '23': 0,
      '24': 0,
      '25': 0,
      '26': 0,
      '27': 0,
      '28': 0,
      '29': 0,
      '30': 0,
      '31': 0
    },
    length: 1,
    _subParams: {
      '0': 0,
      '1': 0,
      '2': 0,
      '3': 0,
      '4': 0,
      '5': 0,
      '6': 0,
      '7': 0,
      '8': 0,
      '9': 0,
      '10': 0,
      '11': 0,
      '12': 0,
      '13': 0,
      '14': 0,
      '15': 0,
      '16': 0,
      '17': 0,
      '18': 0,
      '19': 0,
      '20': 0,
      '21': 0,
      '22': 0,
      '23': 0,
      '24': 0,
      '25': 0,
      '26': 0,
      '27': 0,
      '28': 0,
      '29': 0,
      '30': 0,
      '31': 0
    },
    _subParamsLength: 0,
    _subParamsIdx: {
      '0': 0,
      '1': 0,
      '2': 0,
      '3': 0,
      '4': 0,
      '5': 0,
      '6': 0,
      '7': 0,
      '8': 0,
      '9': 0,
      '10': 0,
      '11': 0,
      '12': 0,
      '13': 0,
      '14': 0,
      '15': 0,
      '16': 0,
      '17': 0,
      '18': 0,
      '19': 0,
      '20': 0,
      '21': 0,
      '22': 0,
      '23': 0,
      '24': 0,
      '25': 0,
      '26': 0,
      '27': 0,
      '28': 0,
      '29': 0,
      '30': 0,
      '31': 0
    },
    _rejectDigits: false,
    _rejectSubDigits: false,
    _digitIsSub: false
  },
  abort: false
}
[IPC Library: Pty Host] xterm.js: Parsing error:  {
  position: 1789,
  code: 376,
  currentState: 7,
  collect: 0,
  params: {
    maxLength: 32,
    maxSubParamsLength: 32,
    params: {
      '0': 0,
      '1': 31,
      '2': 0,
      '3': 0,
      '4': 0,
      '5': 0,
      '6': 0,
      '7': 0,
      '8': 0,
      '9': 0,
      '10': 0,
      '11': 0,
      '12': 0,
      '13': 0,
      '14': 0,
      '15': 0,
      '16': 0,
      '17': 0,
      '18': 0,
      '19': 0,
      '20': 0,
      '21': 0,
      '22': 0,
      '23': 0,
      '24': 0,
      '25': 0,
      '26': 0,
      '27': 0,
      '28': 0,
      '29': 0,
      '30': 0,
      '31': 0
    },
    length: 1,
    _subParams: {
      '0': 0,
      '1': 0,
      '2': 0,
      '3': 0,
      '4': 0,
      '5': 0,
      '6': 0,
      '7': 0,
      '8': 0,
      '9': 0,
      '10': 0,
      '11': 0,
      '12': 0,
      '13': 0,
      '14': 0,
      '15': 0,
      '16': 0,
      '17': 0,
      '18': 0,
      '19': 0,
      '20': 0,
      '21': 0,
      '22': 0,
      '23': 0,
      '24': 0,
      '25': 0,
      '26': 0,
      '27': 0,
      '28': 0,
      '29': 0,
      '30': 0,
      '31': 0
    },
    _subParamsLength: 0,
    _subParamsIdx: {
      '0': 0,
      '1': 0,
      '2': 0,
      '3': 0,
      '4': 0,
      '5': 0,
      '6': 0,
      '7': 0,
      '8': 0,
      '9': 0,
      '10': 0,
      '11': 0,
      '12': 0,
      '13': 0,
      '14': 0,
      '15': 0,
      '16': 0,
      '17': 0,
      '18': 0,
      '19': 0,
      '20': 0,
      '21': 0,
      '22': 0,
      '23': 0,
      '24': 0,
      '25': 0,
      '26': 0,
      '27': 0,
      '28': 0,
      '29': 0,
      '30': 0,
      '31': 0
    },
    _rejectDigits: false,
    _rejectSubDigits: false,
    _digitIsSub: false
  },
  abort: false
}
[IPC Library: Pty Host] xterm.js: Parsing error:  {
  position: 1977,
  code: 8216,
  currentState: 9,
  collect: 0,
  params: {
    maxLength: 32,
    maxSubParamsLength: 32,
    params: {
      '0': 0,
      '1': 31,
      '2': 0,
      '3': 0,
      '4': 0,
      '5': 0,
      '6': 0,
      '7': 0,
      '8': 0,
      '9': 0,
      '10': 0,
      '11': 0,
      '12': 0,
      '13': 0,
      '14': 0,
      '15': 0,
      '16': 0,
      '17': 0,
      '18': 0,
      '19': 0,
      '20': 0,
      '21': 0,
      '22': 0,
      '23': 0,
      '24': 0,
      '25': 0,
      '26': 0,
      '27': 0,
      '28': 0,
      '29': 0,
      '30': 0,
      '31': 0
    },
    length: 1,
    _subParams: {
      '0': 0,
      '1': 0,
      '2': 0,
      '3': 0,
      '4': 0,
      '5': 0,
      '6': 0,
      '7': 0,
      '8': 0,
      '9': 0,
      '10': 0,
      '11': 0,
      '12': 0,
      '13': 0,
      '14': 0,
      '15': 0,
      '16': 0,
      '17': 0,
      '18': 0,
      '19': 0,
      '20': 0,
      '21': 0,
      '22': 0,
      '23': 0,
      '24': 0,
      '25': 0,
      '26': 0,
      '27': 0,
      '28': 0,
      '29': 0,
      '30': 0,
      '31': 0
    },
    _subParamsLength: 0,
    _subParamsIdx: {
      '0': 0,
      '1': 0,
      '2': 0,
      '3': 0,
      '4': 0,
      '5': 0,
      '6': 0,
      '7': 0,
      '8': 0,
      '9': 0,
      '10': 0,
      '11': 0,
      '12': 0,
      '13': 0,
      '14': 0,
      '15': 0,
      '16': 0,
      '17': 0,
      '18': 0,
      '19': 0,
      '20': 0,
      '21': 0,
      '22': 0,
      '23': 0,
      '24': 0,
      '25': 0,
      '26': 0,
      '27': 0,
      '28': 0,
      '29': 0,
      '30': 0,
      '31': 0
    },
    _rejectDigits: false,
    _rejectSubDigits: false,
    _digitIsSub: false
  },
  abort: false
}
[IPC Library: Pty Host] xterm.js: Parsing error:  {
  position: 1991,
  code: 376,
  currentState: 7,
  collect: 0,
  params: {
    maxLength: 32,
    maxSubParamsLength: 32,
    params: {
      '0': 0,
      '1': 31,
      '2': 0,
      '3': 0,
      '4': 0,
      '5': 0,
      '6': 0,
      '7': 0,
      '8': 0,
      '9': 0,
      '10': 0,
      '11': 0,
      '12': 0,
      '13': 0,
      '14': 0,
      '15': 0,
      '16': 0,
      '17': 0,
      '18': 0,
      '19': 0,
      '20': 0,
      '21': 0,
      '22': 0,
      '23': 0,
      '24': 0,
      '25': 0,
      '26': 0,
      '27': 0,
      '28': 0,
      '29': 0,
      '30': 0,
      '31': 0
    },
    length: 1,
    _subParams: {
      '0': 0,
      '1': 0,
      '2': 0,
      '3': 0,
      '4': 0,
      '5': 0,
      '6': 0,
      '7': 0,
      '8': 0,
      '9': 0,
      '10': 0,
      '11': 0,
      '12': 0,
      '13': 0,
      '14': 0,
      '15': 0,
      '16': 0,
      '17': 0,
      '18': 0,
      '19': 0,
      '20': 0,
      '21': 0,
      '22': 0,
      '23': 0,
      '24': 0,
      '25': 0,
      '26': 0,
      '27': 0,
      '28': 0,
      '29': 0,
      '30': 0,
      '31': 0
    },
    _subParamsLength: 0,
    _subParamsIdx: {
      '0': 0,
      '1': 0,
      '2': 0,
      '3': 0,
      '4': 0,
      '5': 0,
      '6': 0,
      '7': 0,
      '8': 0,
      '9': 0,
      '10': 0,
      '11': 0,
      '12': 0,
      '13': 0,
      '14': 0,
      '15': 0,
      '16': 0,
      '17': 0,
      '18': 0,
      '19': 0,
      '20': 0,
      '21': 0,
      '22': 0,
      '23': 0,
      '24': 0,
      '25': 0,
      '26': 0,
      '27': 0,
      '28': 0,
      '29': 0,
      '30': 0,
      '31': 0
    },
    _rejectDigits: false,
    _rejectSubDigits: false,
    _digitIsSub: false
  },
  abort: false
}
[IPC Library: Pty Host] xterm.js: Parsing error:  {
  position: 2624,
  code: 127,
  currentState: 0,
  collect: 0,
  params: {
    maxLength: 32,
    maxSubParamsLength: 32,
    params: {
      '0': 0,
      '1': 31,
      '2': 0,
      '3': 0,
      '4': 0,
      '5': 0,
      '6': 0,
      '7': 0,
      '8': 0,
      '9': 0,
      '10': 0,
      '11': 0,
      '12': 0,
      '13': 0,
      '14': 0,
      '15': 0,
      '16': 0,
      '17': 0,
      '18': 0,
      '19': 0,
      '20': 0,
      '21': 0,
      '22': 0,
      '23': 0,
      '24': 0,
      '25': 0,
      '26': 0,
      '27': 0,
      '28': 0,
      '29': 0,
      '30': 0,
      '31': 0
    },
    length: 1,
    _subParams: {
      '0': 0,
      '1': 0,
      '2': 0,
      '3': 0,
      '4': 0,
      '5': 0,
      '6': 0,
      '7': 0,
      '8': 0,
      '9': 0,
      '10': 0,
      '11': 0,
      '12': 0,
      '13': 0,
      '14': 0,
      '15': 0,
      '16': 0,
      '17': 0,
      '18': 0,
      '19': 0,
      '20': 0,
      '21': 0,
      '22': 0,
      '23': 0,
      '24': 0,
      '25': 0,
      '26': 0,
      '27': 0,
      '28': 0,
      '29': 0,
      '30': 0,
      '31': 0
    },
    _subParamsLength: 0,
    _subParamsIdx: {
      '0': 0,
      '1': 0,
      '2': 0,
      '3': 0,
      '4': 0,
      '5': 0,
      '6': 0,
      '7': 0,
      '8': 0,
      '9': 0,
      '10': 0,
      '11': 0,
      '12': 0,
      '13': 0,
      '14': 0,
      '15': 0,
      '16': 0,
      '17': 0,
      '18': 0,
      '19': 0,
      '20': 0,
      '21': 0,
      '22': 0,
      '23': 0,
      '24': 0,
      '25': 0,
      '26': 0,
      '27': 0,
      '28': 0,
      '29': 0,
      '30': 0,
      '31': 0
    },
    _rejectDigits: false,
    _rejectSubDigits: false,
    _digitIsSub: false
  },
  abort: false
}
[IPC Library: Pty Host] xterm.js: Parsing error:  {
  position: 3130,
  code: 127,
  currentState: 0,
  collect: 0,
  params: {
    maxLength: 32,
    maxSubParamsLength: 32,
    params: {
      '0': 0,
      '1': 31,
      '2': 0,
      '3': 0,
      '4': 0,
      '5': 0,
      '6': 0,
      '7': 0,
      '8': 0,
      '9': 0,
      '10': 0,
      '11': 0,
      '12': 0,
      '13': 0,
      '14': 0,
      '15': 0,
      '16': 0,
      '17': 0,
      '18': 0,
      '19': 0,
      '20': 0,
      '21': 0,
      '22': 0,
      '23': 0,
      '24': 0,
      '25': 0,
      '26': 0,
      '27': 0,
      '28': 0,
      '29': 0,
      '30': 0,
      '31': 0
    },
    length: 1,
    _subParams: {
      '0': 0,
      '1': 0,
      '2': 0,
      '3': 0,
      '4': 0,
      '5': 0,
      '6': 0,
      '7': 0,
      '8': 0,
      '9': 0,
      '10': 0,
      '11': 0,
      '12': 0,
      '13': 0,
      '14': 0,
      '15': 0,
      '16': 0,
      '17': 0,
      '18': 0,
      '19': 0,
      '20': 0,
      '21': 0,
      '22': 0,
      '23': 0,
      '24': 0,
      '25': 0,
      '26': 0,
      '27': 0,
      '28': 0,
      '29': 0,
      '30': 0,
      '31': 0
    },
    _subParamsLength: 0,
    _subParamsIdx: {
      '0': 0,
      '1': 0,
      '2': 0,
      '3': 0,
      '4': 0,
      '5': 0,
      '6': 0,
      '7': 0,
      '8': 0,
      '9': 0,
      '10': 0,
      '11': 0,
      '12': 0,
      '13': 0,
      '14': 0,
      '15': 0,
      '16': 0,
      '17': 0,
      '18': 0,
      '19': 0,
      '20': 0,
      '21': 0,
      '22': 0,
      '23': 0,
      '24': 0,
      '25': 0,
      '26': 0,
      '27': 0,
      '28': 0,
      '29': 0,
      '30': 0,
      '31': 0
    },
    _rejectDigits: false,
    _rejectSubDigits: false,
    _digitIsSub: false
  },
  abort: false
}
[IPC Library: Pty Host] xterm.js: Parsing error:  {
  position: 3633,
  code: 127,
  currentState: 0,
  collect: 0,
  params: {
    maxLength: 32,
    maxSubParamsLength: 32,
    params: {
      '0': 0,
      '1': 31,
      '2': 0,
      '3': 0,
      '4': 0,
      '5': 0,
      '6': 0,
      '7': 0,
      '8': 0,
      '9': 0,
      '10': 0,
      '11': 0,
      '12': 0,
      '13': 0,
      '14': 0,
      '15': 0,
      '16': 0,
      '17': 0,
      '18': 0,
      '19': 0,
      '20': 0,
      '21': 0,
      '22': 0,
      '23': 0,
      '24': 0,
      '25': 0,
      '26': 0,
      '27': 0,
      '28': 0,
      '29': 0,
      '30': 0,
      '31': 0
    },
    length: 1,
    _subParams: {
      '0': 0,
      '1': 0,
      '2': 0,
      '3': 0,
      '4': 0,
      '5': 0,
      '6': 0,
      '7': 0,
      '8': 0,
      '9': 0,
      '10': 0,
      '11': 0,
      '12': 0,
      '13': 0,
      '14': 0,
      '15': 0,
      '16': 0,
      '17': 0,
      '18': 0,
      '19': 0,
      '20': 0,
      '21': 0,
      '22': 0,
      '23': 0,
      '24': 0,
      '25': 0,
      '26': 0,
      '27': 0,
      '28': 0,
      '29': 0,
      '30': 0,
      '31': 0
    },
    _subParamsLength: 0,
    _subParamsIdx: {
      '0': 0,
      '1': 0,
      '2': 0,
      '3': 0,
      '4': 0,
      '5': 0,
      '6': 0,
      '7': 0,
      '8': 0,
      '9': 0,
      '10': 0,
      '11': 0,
      '12': 0,
      '13': 0,
      '14': 0,
      '15': 0,
      '16': 0,
      '17': 0,
      '18': 0,
      '19': 0,
      '20': 0,
      '21': 0,
      '22': 0,
      '23': 0,
      '24': 0,
      '25': 0,
      '26': 0,
      '27': 0,
      '28': 0,
      '29': 0,
      '30': 0,
      '31': 0
    },
    _rejectDigits: false,
    _rejectSubDigits: false,
    _digitIsSub: false
  },
  abort: false
}
[IPC Library: Pty Host] xterm.js: Parsing error:  {
  position: 3866,
  code: 160,
  currentState: 14,
  collect: 0,
  params: {
    maxLength: 32,
    maxSubParamsLength: 32,
    params: {
      '0': 0,
      '1': 31,
      '2': 0,
      '3': 0,
      '4': 0,
      '5': 0,
      '6': 0,
      '7': 0,
      '8': 0,
      '9': 0,
      '10': 0,
      '11': 0,
      '12': 0,
      '13': 0,
      '14': 0,
      '15': 0,
      '16': 0,
      '17': 0,
      '18': 0,
      '19': 0,
      '20': 0,
      '21': 0,
      '22': 0,
      '23': 0,
      '24': 0,
      '25': 0,
      '26': 0,
      '27': 0,
      '28': 0,
      '29': 0,
      '30': 0,
      '31': 0
    },
    length: 1,
    _subParams: {
      '0': 0,
      '1': 0,
      '2': 0,
      '3': 0,
      '4': 0,
      '5': 0,
      '6': 0,
      '7': 0,
      '8': 0,
      '9': 0,
      '10': 0,
      '11': 0,
      '12': 0,
      '13': 0,
      '14': 0,
      '15': 0,
      '16': 0,
      '17': 0,
      '18': 0,
      '19': 0,
      '20': 0,
      '21': 0,
      '22': 0,
      '23': 0,
      '24': 0,
      '25': 0,
      '26': 0,
      '27': 0,
      '28': 0,
      '29': 0,
      '30': 0,
      '31': 0
    },
    _subParamsLength: 0,
    _subParamsIdx: {
      '0': 0,
      '1': 0,
      '2': 0,
      '3': 0,
      '4': 0,
      '5': 0,
      '6': 0,
      '7': 0,
      '8': 0,
      '9': 0,
      '10': 0,
      '11': 0,
      '12': 0,
      '13': 0,
      '14': 0,
      '15': 0,
      '16': 0,
      '17': 0,
      '18': 0,
      '19': 0,
      '20': 0,
      '21': 0,
      '22': 0,
      '23': 0,
      '24': 0,
      '25': 0,
      '26': 0,
      '27': 0,
      '28': 0,
      '29': 0,
      '30': 0,
      '31': 0
    },
    _rejectDigits: false,
    _rejectSubDigits: false,
    _digitIsSub: false
  },
  abort: false
}
[21:54:29] RequestStore#acceptReply was called without receiving a matching request 243
[21:54:29] RequestStore#acceptReply was called without receiving a matching request 244
[21:54:29] RequestStore#acceptReply was called without receiving a matching request 245
[21:54:29] RequestStore#acceptReply was called without receiving a matching request 246
[21:54:29] RequestStore#acceptReply was called without receiving a matching request 247
[21:54:29] RequestStore#acceptReply was called without receiving a matching request 248
[21:54:29] RequestStore#acceptReply was called without receiving a matching request 249
[21:54:29] RequestStore#acceptReply was called without receiving a matching request 250
[21:54:29] RequestStore#acceptReply was called without receiving a matching request 251
[21:54:29] RequestStore#acceptReply was called without receiving a matching request 252
[21:54:29] RequestStore#acceptReply was called without receiving a matching request 253
[21:55:29] RequestStore#acceptReply was called without receiving a matching request 254
[21:55:29] RequestStore#acceptReply was called without receiving a matching request 255
[21:55:29] RequestStore#acceptReply was called without receiving a matching request 256
[21:55:29] RequestStore#acceptReply was called without receiving a matching request 257
[21:55:29] RequestStore#acceptReply was called without receiving a matching request 258
[21:55:29] RequestStore#acceptReply was called without receiving a matching request 259
[21:55:29] RequestStore#acceptReply was called without receiving a matching request 260
[21:55:29] RequestStore#acceptReply was called without receiving a matching request 261
[21:55:29] RequestStore#acceptReply was called without receiving a matching request 262
[21:55:29] RequestStore#acceptReply was called without receiving a matching request 263
[21:55:29] RequestStore#acceptReply was called without receiving a matching request 264
[21:56:29] RequestStore#acceptReply was called without receiving a matching request 265
[21:56:29] RequestStore#acceptReply was called without receiving a matching request 266
[21:56:29] RequestStore#acceptReply was called without receiving a matching request 267
[21:56:29] RequestStore#acceptReply was called without receiving a matching request 268
[21:56:29] RequestStore#acceptReply was called without receiving a matching request 269
[21:56:29] RequestStore#acceptReply was called without receiving a matching request 270
[21:56:29] RequestStore#acceptReply was called without receiving a matching request 271
[21:56:29] RequestStore#acceptReply was called without receiving a matching request 272
[21:56:29] RequestStore#acceptReply was called without receiving a matching request 273
[21:56:29] RequestStore#acceptReply was called without receiving a matching request 274
[21:56:29] RequestStore#acceptReply was called without receiving a matching request 275
rejected promise not handled within 1 second: CodeExpectedError: Could not find pty 1 on pty host
stack trace: CodeExpectedError: Could not find pty 1 on pty host
    at F._throwIfNoPty (file:///app/code-server/lib/vscode/out/vs/platform/terminal/node/ptyHostMain.js:450:7638)
    at F.updateTitle (file:///app/code-server/lib/vscode/out/vs/platform/terminal/node/ptyHostMain.js:450:2083)
    at V.t.<computed> (file:///app/code-server/lib/vscode/out/vs/platform/terminal/node/ptyHostMain.js:449:3804)
    at Object.call (file:///app/code-server/lib/vscode/out/vs/platform/terminal/node/ptyHostMain.js:432:4933)
    at Pr.onPromise (file:///app/code-server/lib/vscode/out/vs/platform/terminal/node/ptyHostMain.js:430:87408)
    at Pr.onRawMessage (file:///app/code-server/lib/vscode/out/vs/platform/terminal/node/ptyHostMain.js:430:86831)
    at Nt.value (file:///app/code-server/lib/vscode/out/vs/platform/terminal/node/ptyHostMain.js:430:86122)
    at y._deliver (file:///app/code-server/lib/vscode/out/vs/platform/terminal/node/ptyHostMain.js:430:3244)
    at y.fire (file:///app/code-server/lib/vscode/out/vs/platform/terminal/node/ptyHostMain.js:430:3562)
    at process.x (file:///app/code-server/lib/vscode/out/vs/platform/terminal/node/ptyHostMain.js:428:31785)
    at process.emit (node:events:509:28)
    at emit (node:internal/child_process:972:14)
    at process.processTicksAndRejections (node:internal/process/task_queues:91:21)
[22:13:30] Error [CodeExpectedError]: Could not find pty 1 on pty host
    at F._throwIfNoPty (file:///app/code-server/lib/vscode/out/vs/platform/terminal/node/ptyHostMain.js:450:7638)
    at F.updateTitle (file:///app/code-server/lib/vscode/out/vs/platform/terminal/node/ptyHostMain.js:450:2083)
    at V.t.<computed> (file:///app/code-server/lib/vscode/out/vs/platform/terminal/node/ptyHostMain.js:449:3804)
    at Object.call (file:///app/code-server/lib/vscode/out/vs/platform/terminal/node/ptyHostMain.js:432:4933)
    at Pr.onPromise (file:///app/code-server/lib/vscode/out/vs/platform/terminal/node/ptyHostMain.js:430:87408)
    at Pr.onRawMessage (file:///app/code-server/lib/vscode/out/vs/platform/terminal/node/ptyHostMain.js:430:86831)
    at Nt.value (file:///app/code-server/lib/vscode/out/vs/platform/terminal/node/ptyHostMain.js:430:86122)
    at y._deliver (file:///app/code-server/lib/vscode/out/vs/platform/terminal/node/ptyHostMain.js:430:3244)
    at y.fire (file:///app/code-server/lib/vscode/out/vs/platform/terminal/node/ptyHostMain.js:430:3562)
    at process.x (file:///app/code-server/lib/vscode/out/vs/platform/terminal/node/ptyHostMain.js:428:31785)
    at process.emit (node:events:509:28)
    at emit (node:internal/child_process:972:14)
    at process.processTicksAndRejections (node:internal/process/task_queues:91:21)
rejected promise not handled within 1 second: CodeExpectedError: Could not find pty 1 on pty host
stack trace: CodeExpectedError: Could not find pty 1 on pty host
    at F._throwIfNoPty (file:///app/code-server/lib/vscode/out/vs/platform/terminal/node/ptyHostMain.js:450:7638)
    at F.updateTitle (file:///app/code-server/lib/vscode/out/vs/platform/terminal/node/ptyHostMain.js:450:2083)
    at V.t.<computed> (file:///app/code-server/lib/vscode/out/vs/platform/terminal/node/ptyHostMain.js:449:3804)
    at Object.call (file:///app/code-server/lib/vscode/out/vs/platform/terminal/node/ptyHostMain.js:432:4933)
    at Pr.onPromise (file:///app/code-server/lib/vscode/out/vs/platform/terminal/node/ptyHostMain.js:430:87408)
    at Pr.onRawMessage (file:///app/code-server/lib/vscode/out/vs/platform/terminal/node/ptyHostMain.js:430:86831)
    at Nt.value (file:///app/code-server/lib/vscode/out/vs/platform/terminal/node/ptyHostMain.js:430:86122)
    at y._deliver (file:///app/code-server/lib/vscode/out/vs/platform/terminal/node/ptyHostMain.js:430:3244)
    at y.fire (file:///app/code-server/lib/vscode/out/vs/platform/terminal/node/ptyHostMain.js:430:3562)
    at process.x (file:///app/code-server/lib/vscode/out/vs/platform/terminal/node/ptyHostMain.js:428:31785)
    at process.emit (node:events:509:28)
    at emit (node:internal/child_process:972:14)
    at process.processTicksAndRejections (node:internal/process/task_queues:91:21)
[22:13:30] Error [CodeExpectedError]: Could not find pty 1 on pty host
    at F._throwIfNoPty (file:///app/code-server/lib/vscode/out/vs/platform/terminal/node/ptyHostMain.js:450:7638)
    at F.updateTitle (file:///app/code-server/lib/vscode/out/vs/platform/terminal/node/ptyHostMain.js:450:2083)
    at V.t.<computed> (file:///app/code-server/lib/vscode/out/vs/platform/terminal/node/ptyHostMain.js:449:3804)
    at Object.call (file:///app/code-server/lib/vscode/out/vs/platform/terminal/node/ptyHostMain.js:432:4933)
    at Pr.onPromise (file:///app/code-server/lib/vscode/out/vs/platform/terminal/node/ptyHostMain.js:430:87408)
    at Pr.onRawMessage (file:///app/code-server/lib/vscode/out/vs/platform/terminal/node/ptyHostMain.js:430:86831)
    at Nt.value (file:///app/code-server/lib/vscode/out/vs/platform/terminal/node/ptyHostMain.js:430:86122)
    at y._deliver (file:///app/code-server/lib/vscode/out/vs/platform/terminal/node/ptyHostMain.js:430:3244)
    at y.fire (file:///app/code-server/lib/vscode/out/vs/platform/terminal/node/ptyHostMain.js:430:3562)
    at process.x (file:///app/code-server/lib/vscode/out/vs/platform/terminal/node/ptyHostMain.js:428:31785)
    at process.emit (node:events:509:28)
    at emit (node:internal/child_process:972:14)
    at process.processTicksAndRejections (node:internal/process/task_queues:91:21)
rejected promise not handled within 1 second: CodeExpectedError: Could not find pty 1 on pty host
stack trace: CodeExpectedError: Could not find pty 1 on pty host
    at F._throwIfNoPty (file:///app/code-server/lib/vscode/out/vs/platform/terminal/node/ptyHostMain.js:450:7638)
    at F.updateTitle (file:///app/code-server/lib/vscode/out/vs/platform/terminal/node/ptyHostMain.js:450:2083)
    at V.t.<computed> (file:///app/code-server/lib/vscode/out/vs/platform/terminal/node/ptyHostMain.js:449:3804)
    at Object.call (file:///app/code-server/lib/vscode/out/vs/platform/terminal/node/ptyHostMain.js:432:4933)
    at Pr.onPromise (file:///app/code-server/lib/vscode/out/vs/platform/terminal/node/ptyHostMain.js:430:87408)
    at Pr.onRawMessage (file:///app/code-server/lib/vscode/out/vs/platform/terminal/node/ptyHostMain.js:430:86831)
    at Nt.value (file:///app/code-server/lib/vscode/out/vs/platform/terminal/node/ptyHostMain.js:430:86122)
    at y._deliver (file:///app/code-server/lib/vscode/out/vs/platform/terminal/node/ptyHostMain.js:430:3244)
    at y.fire (file:///app/code-server/lib/vscode/out/vs/platform/terminal/node/ptyHostMain.js:430:3562)
    at process.x (file:///app/code-server/lib/vscode/out/vs/platform/terminal/node/ptyHostMain.js:428:31785)
    at process.emit (node:events:509:28)
    at emit (node:internal/child_process:972:14)
    at process.processTicksAndRejections (node:internal/process/task_queues:91:21)
[22:13:30] Error [CodeExpectedError]: Could not find pty 1 on pty host
    at F._throwIfNoPty (file:///app/code-server/lib/vscode/out/vs/platform/terminal/node/ptyHostMain.js:450:7638)
    at F.updateTitle (file:///app/code-server/lib/vscode/out/vs/platform/terminal/node/ptyHostMain.js:450:2083)
    at V.t.<computed> (file:///app/code-server/lib/vscode/out/vs/platform/terminal/node/ptyHostMain.js:449:3804)
    at Object.call (file:///app/code-server/lib/vscode/out/vs/platform/terminal/node/ptyHostMain.js:432:4933)
    at Pr.onPromise (file:///app/code-server/lib/vscode/out/vs/platform/terminal/node/ptyHostMain.js:430:87408)
    at Pr.onRawMessage (file:///app/code-server/lib/vscode/out/vs/platform/terminal/node/ptyHostMain.js:430:86831)
    at Nt.value (file:///app/code-server/lib/vscode/out/vs/platform/terminal/node/ptyHostMain.js:430:86122)
    at y._deliver (file:///app/code-server/lib/vscode/out/vs/platform/terminal/node/ptyHostMain.js:430:3244)
    at y.fire (file:///app/code-server/lib/vscode/out/vs/platform/terminal/node/ptyHostMain.js:430:3562)
    at process.x (file:///app/code-server/lib/vscode/out/vs/platform/terminal/node/ptyHostMain.js:428:31785)
    at process.emit (node:events:509:28)
    at emit (node:internal/child_process:972:14)
    at process.processTicksAndRejections (node:internal/process/task_queues:91:21)
rejected promise not handled within 1 second: CodeExpectedError: Could not find pty 1 on pty host
stack trace: CodeExpectedError: Could not find pty 1 on pty host
    at F._throwIfNoPty (file:///app/code-server/lib/vscode/out/vs/platform/terminal/node/ptyHostMain.js:450:7638)
    at F.updateTitle (file:///app/code-server/lib/vscode/out/vs/platform/terminal/node/ptyHostMain.js:450:2083)
    at V.t.<computed> (file:///app/code-server/lib/vscode/out/vs/platform/terminal/node/ptyHostMain.js:449:3804)
    at Object.call (file:///app/code-server/lib/vscode/out/vs/platform/terminal/node/ptyHostMain.js:432:4933)
    at Pr.onPromise (file:///app/code-server/lib/vscode/out/vs/platform/terminal/node/ptyHostMain.js:430:87408)
    at Pr.onRawMessage (file:///app/code-server/lib/vscode/out/vs/platform/terminal/node/ptyHostMain.js:430:86831)
    at Nt.value (file:///app/code-server/lib/vscode/out/vs/platform/terminal/node/ptyHostMain.js:430:86122)
    at y._deliver (file:///app/code-server/lib/vscode/out/vs/platform/terminal/node/ptyHostMain.js:430:3244)
    at y.fire (file:///app/code-server/lib/vscode/out/vs/platform/terminal/node/ptyHostMain.js:430:3562)
    at process.x (file:///app/code-server/lib/vscode/out/vs/platform/terminal/node/ptyHostMain.js:428:31785)
    at process.emit (node:events:509:28)
    at emit (node:internal/child_process:972:14)
    at process.processTicksAndRejections (node:internal/process/task_queues:91:21)
[22:13:30] Error [CodeExpectedError]: Could not find pty 1 on pty host
    at F._throwIfNoPty (file:///app/code-server/lib/vscode/out/vs/platform/terminal/node/ptyHostMain.js:450:7638)
    at F.updateTitle (file:///app/code-server/lib/vscode/out/vs/platform/terminal/node/ptyHostMain.js:450:2083)
    at V.t.<computed> (file:///app/code-server/lib/vscode/out/vs/platform/terminal/node/ptyHostMain.js:449:3804)
    at Object.call (file:///app/code-server/lib/vscode/out/vs/platform/terminal/node/ptyHostMain.js:432:4933)
    at Pr.onPromise (file:///app/code-server/lib/vscode/out/vs/platform/terminal/node/ptyHostMain.js:430:87408)
    at Pr.onRawMessage (file:///app/code-server/lib/vscode/out/vs/platform/terminal/node/ptyHostMain.js:430:86831)
    at Nt.value (file:///app/code-server/lib/vscode/out/vs/platform/terminal/node/ptyHostMain.js:430:86122)
    at y._deliver (file:///app/code-server/lib/vscode/out/vs/platform/terminal/node/ptyHostMain.js:430:3244)
    at y.fire (file:///app/code-server/lib/vscode/out/vs/platform/terminal/node/ptyHostMain.js:430:3562)
    at process.x (file:///app/code-server/lib/vscode/out/vs/platform/terminal/node/ptyHostMain.js:428:31785)
    at process.emit (node:events:509:28)
    at emit (node:internal/child_process:972:14)
    at process.processTicksAndRejections (node:internal/process/task_queues:91:21)
[22:14:29] RequestStore#acceptReply was called without receiving a matching request 276
[22:14:29] RequestStore#acceptReply was called without receiving a matching request 277
[22:14:29] RequestStore#acceptReply was called without receiving a matching request 278
[22:14:29] RequestStore#acceptReply was called without receiving a matching request 279
[22:14:29] RequestStore#acceptReply was called without receiving a matching request 280
[22:14:29] RequestStore#acceptReply was called without receiving a matching request 281
[22:14:29] RequestStore#acceptReply was called without receiving a matching request 282
[22:14:29] RequestStore#acceptReply was called without receiving a matching request 283
[22:14:29] RequestStore#acceptReply was called without receiving a matching request 284
[22:14:29] RequestStore#acceptReply was called without receiving a matching request 285
[22:14:29] RequestStore#acceptReply was called without receiving a matching request 286
File not found: /app/code-server/lib/vscode/node_modules/vsda/rust/web/vsda.js
File not found: /app/code-server/lib/vscode/node_modules/vsda/rust/web/vsda_bg.wasm
[22:16:01] RequestStore#acceptReply was called without receiving a matching request 287
[22:16:01] RequestStore#acceptReply was called without receiving a matching request 288
[22:16:01] RequestStore#acceptReply was called without receiving a matching request 289
[22:16:01] RequestStore#acceptReply was called without receiving a matching request 290
[22:16:01] RequestStore#acceptReply was called without receiving a matching request 291
[22:16:01] RequestStore#acceptReply was called without receiving a matching request 292
[22:16:01] RequestStore#acceptReply was called without receiving a matching request 293
[22:16:01] RequestStore#acceptReply was called without receiving a matching request 294
[22:16:01] RequestStore#acceptReply was called without receiving a matching request 295
[22:16:01] RequestStore#acceptReply was called without receiving a matching request 296
[22:16:01] RequestStore#acceptReply was called without receiving a matching request 297
[22:16:01] RequestStore#acceptReply was called without receiving a matching request 298
[22:16:01] RequestStore#acceptReply was called without receiving a matching request 299
[22:16:01] RequestStore#acceptReply was called without receiving a matching request 300
[22:16:01] RequestStore#acceptReply was called without receiving a matching request 301
[22:16:01] RequestStore#acceptReply was called without receiving a matching request 302
[22:16:01] RequestStore#acceptReply was called without receiving a matching request 303
[22:16:01] RequestStore#acceptReply was called without receiving a matching request 304
[22:16:01] RequestStore#acceptReply was called without receiving a matching request 305
[22:16:01] RequestStore#acceptReply was called without receiving a matching request 306
[22:16:01] RequestStore#acceptReply was called without receiving a matching request 307
[22:16:01] RequestStore#acceptReply was called without receiving a matching request 308
[22:16:03] RequestStore#acceptReply was called without receiving a matching request 309
[22:16:03] RequestStore#acceptReply was called without receiving a matching request 310
[22:16:03] RequestStore#acceptReply was called without receiving a matching request 311
[22:16:03] RequestStore#acceptReply was called without receiving a matching request 312
[22:16:03] RequestStore#acceptReply was called without receiving a matching request 313
[22:16:03] RequestStore#acceptReply was called without receiving a matching request 314
[22:16:03] RequestStore#acceptReply was called without receiving a matching request 315
[22:16:03] RequestStore#acceptReply was called without receiving a matching request 316
[22:16:03] RequestStore#acceptReply was called without receiving a matching request 317
[22:16:03] RequestStore#acceptReply was called without receiving a matching request 318
[22:16:03] RequestStore#acceptReply was called without receiving a matching request 319
[22:16:29] RequestStore#acceptReply was called without receiving a matching request 287
[22:16:29] RequestStore#acceptReply was called without receiving a matching request 288
[22:16:29] RequestStore#acceptReply was called without receiving a matching request 289
[22:16:29] RequestStore#acceptReply was called without receiving a matching request 290
[22:16:29] RequestStore#acceptReply was called without receiving a matching request 291
[22:16:29] RequestStore#acceptReply was called without receiving a matching request 292
[22:16:29] RequestStore#acceptReply was called without receiving a matching request 293
[22:16:29] RequestStore#acceptReply was called without receiving a matching request 294
[22:16:29] RequestStore#acceptReply was called without receiving a matching request 295
[22:16:29] RequestStore#acceptReply was called without receiving a matching request 296
[22:16:29] RequestStore#acceptReply was called without receiving a matching request 297
[22:16:29] RequestStore#acceptReply was called without receiving a matching request 298
[22:16:29] RequestStore#acceptReply was called without receiving a matching request 299
[22:16:29] RequestStore#acceptReply was called without receiving a matching request 300
[22:16:29] RequestStore#acceptReply was called without receiving a matching request 301
[22:16:29] RequestStore#acceptReply was called without receiving a matching request 302
[22:16:29] RequestStore#acceptReply was called without receiving a matching request 303
[22:16:29] RequestStore#acceptReply was called without receiving a matching request 304
[22:16:29] RequestStore#acceptReply was called without receiving a matching request 305
[22:16:29] RequestStore#acceptReply was called without receiving a matching request 306
[22:16:29] RequestStore#acceptReply was called without receiving a matching request 307
[22:16:29] RequestStore#acceptReply was called without receiving a matching request 308
[22:16:29] RequestStore#acceptReply was called without receiving a matching request 309
[22:16:29] RequestStore#acceptReply was called without receiving a matching request 310
[22:16:29] RequestStore#acceptReply was called without receiving a matching request 311
[22:16:29] RequestStore#acceptReply was called without receiving a matching request 312
[22:16:29] RequestStore#acceptReply was called without receiving a matching request 313
[22:16:29] RequestStore#acceptReply was called without receiving a matching request 314
[22:16:29] RequestStore#acceptReply was called without receiving a matching request 315
[22:16:29] RequestStore#acceptReply was called without receiving a matching request 316
[22:16:29] RequestStore#acceptReply was called without receiving a matching request 317
[22:16:29] RequestStore#acceptReply was called without receiving a matching request 318
[22:16:29] RequestStore#acceptReply was called without receiving a matching request 319
File not found: /app/code-server/lib/vscode/node_modules/vsda/rust/web/vsda.js
File not found: /app/code-server/lib/vscode/node_modules/vsda/rust/web/vsda_bg.wasm
File not found: /app/code-server/lib/vscode/node_modules/vsda/rust/web/vsda.js
File not found: /app/code-server/lib/vscode/node_modules/vsda/rust/web/vsda_bg.wasm
File not found: /app/code-server/lib/vscode/node_modules/vsda/rust/web/vsda_bg.wasm
File not found: /app/code-server/lib/vscode/node_modules/vsda/rust/web/vsda.js
File not found: /app/code-server/lib/vscode/node_modules/vsda/rust/web/vsda.js
File not found: /app/code-server/lib/vscode/node_modules/vsda/rust/web/vsda_bg.wasm
File not found: /app/code-server/lib/vscode/node_modules/vsda/rust/web/vsda.js
File not found: /app/code-server/lib/vscode/node_modules/vsda/rust/web/vsda_bg.wasm
File not found: /app/code-server/lib/vscode/node_modules/@xterm/addon-ligatures/lib/addon-ligatures.js
File not found: /app/code-server/lib/vscode/node_modules/vsda/rust/web/vsda.js
File not found: /app/code-server/lib/vscode/node_modules/vsda/rust/web/vsda_bg.wasm
[22:35:29] RequestStore#acceptReply was called without receiving a matching request 364
[22:35:29] RequestStore#acceptReply was called without receiving a matching request 365
[22:35:29] RequestStore#acceptReply was called without receiving a matching request 366
[22:35:29] RequestStore#acceptReply was called without receiving a matching request 367
[22:35:29] RequestStore#acceptReply was called without receiving a matching request 368
[22:35:29] RequestStore#acceptReply was called without receiving a matching request 369
[22:35:29] RequestStore#acceptReply was called without receiving a matching request 370
[22:35:29] RequestStore#acceptReply was called without receiving a matching request 371
[22:35:29] RequestStore#acceptReply was called without receiving a matching request 372
[22:35:29] RequestStore#acceptReply was called without receiving a matching request 373
[22:35:29] RequestStore#acceptReply was called without receiving a matching request 374
[22:35:29] RequestStore#acceptReply was called without receiving a matching request 375
[22:35:29] RequestStore#acceptReply was called without receiving a matching request 376
[22:35:29] RequestStore#acceptReply was called without receiving a matching request 377
[22:35:29] RequestStore#acceptReply was called without receiving a matching request 378
[22:35:29] RequestStore#acceptReply was called without receiving a matching request 379
[22:35:29] RequestStore#acceptReply was called without receiving a matching request 380
[22:35:29] RequestStore#acceptReply was called without receiving a matching request 381
[22:35:29] RequestStore#acceptReply was called without receiving a matching request 382
[22:35:29] RequestStore#acceptReply was called without receiving a matching request 383
[22:35:29] RequestStore#acceptReply was called without receiving a matching request 384
[22:35:29] RequestStore#acceptReply was called without receiving a matching request 385
[22:35:29] RequestStore#acceptReply was called without receiving a matching request 386
[22:35:29] RequestStore#acceptReply was called without receiving a matching request 387
[22:35:29] RequestStore#acceptReply was called without receiving a matching request 388
[22:35:29] RequestStore#acceptReply was called without receiving a matching request 389
[22:35:29] RequestStore#acceptReply was called without receiving a matching request 390
[22:35:29] RequestStore#acceptReply was called without receiving a matching request 391
[22:35:29] RequestStore#acceptReply was called without receiving a matching request 392
[22:35:29] RequestStore#acceptReply was called without receiving a matching request 393
[22:35:29] RequestStore#acceptReply was called without receiving a matching request 394
[22:35:29] RequestStore#acceptReply was called without receiving a matching request 395
[22:35:29] RequestStore#acceptReply was called without receiving a matching request 396
File not found: /app/code-server/lib/vscode/node_modules/vsda/rust/web/vsda.js
File not found: /app/code-server/lib/vscode/node_modules/vsda/rust/web/vsda_bg.wasm
File not found: /app/code-server/lib/vscode/node_modules/@xterm/addon-ligatures/lib/addon-ligatures.js
[22:48:29] RequestStore#acceptReply was called without receiving a matching request 408
[22:48:29] RequestStore#acceptReply was called without receiving a matching request 409
[22:48:29] RequestStore#acceptReply was called without receiving a matching request 410
[22:48:29] RequestStore#acceptReply was called without receiving a matching request 411
[22:48:29] RequestStore#acceptReply was called without receiving a matching request 412
[22:48:29] RequestStore#acceptReply was called without receiving a matching request 413
[22:48:29] RequestStore#acceptReply was called without receiving a matching request 414
[22:48:29] RequestStore#acceptReply was called without receiving a matching request 415
[22:48:29] RequestStore#acceptReply was called without receiving a matching request 416
[22:48:29] RequestStore#acceptReply was called without receiving a matching request 417
[22:48:29] RequestStore#acceptReply was called without receiving a matching request 418
[22:48:29] RequestStore#acceptReply was called without receiving a matching request 419
[22:48:29] RequestStore#acceptReply was called without receiving a matching request 420
[22:48:29] RequestStore#acceptReply was called without receiving a matching request 421
[22:48:29] RequestStore#acceptReply was called without receiving a matching request 422
[22:48:29] RequestStore#acceptReply was called without receiving a matching request 423
[22:48:29] RequestStore#acceptReply was called without receiving a matching request 424
[22:48:29] RequestStore#acceptReply was called without receiving a matching request 425
[22:48:29] RequestStore#acceptReply was called without receiving a matching request 426
[22:48:29] RequestStore#acceptReply was called without receiving a matching request 427
[22:48:29] RequestStore#acceptReply was called without receiving a matching request 428
[22:48:29] RequestStore#acceptReply was called without receiving a matching request 429
[22:48:29] RequestStore#acceptReply was called without receiving a matching request 430
[22:48:29] RequestStore#acceptReply was called without receiving a matching request 431
[22:48:29] RequestStore#acceptReply was called without receiving a matching request 432
[22:48:29] RequestStore#acceptReply was called without receiving a matching request 433
[22:48:29] RequestStore#acceptReply was called without receiving a matching request 434
[22:48:29] RequestStore#acceptReply was called without receiving a matching request 435
[22:48:29] RequestStore#acceptReply was called without receiving a matching request 436
[22:48:29] RequestStore#acceptReply was called without receiving a matching request 437
[22:48:29] RequestStore#acceptReply was called without receiving a matching request 438
[22:48:29] RequestStore#acceptReply was called without receiving a matching request 439
[22:48:29] RequestStore#acceptReply was called without receiving a matching request 440
File not found: /app/code-server/lib/vscode/node_modules/vsda/rust/web/vsda_bg.wasm
File not found: /app/code-server/lib/vscode/node_modules/vsda/rust/web/vsda.js
File not found: /app/code-server/lib/vscode/node_modules/@xterm/addon-ligatures/lib/addon-ligatures.js
File not found: /app/code-server/lib/vscode/node_modules/vsda/rust/web/vsda_bg.wasm
File not found: /app/code-server/lib/vscode/node_modules/vsda/rust/web/vsda.js
File not found: /app/code-server/lib/vscode/node_modules/@xterm/addon-ligatures/lib/addon-ligatures.js
[23:35:29] RequestStore#acceptReply was called without receiving a matching request 463
[23:35:29] RequestStore#acceptReply was called without receiving a matching request 464
[23:35:29] RequestStore#acceptReply was called without receiving a matching request 465
[23:35:29] RequestStore#acceptReply was called without receiving a matching request 466
[23:35:29] RequestStore#acceptReply was called without receiving a matching request 467
[23:35:29] RequestStore#acceptReply was called without receiving a matching request 468
[23:35:29] RequestStore#acceptReply was called without receiving a matching request 469
[23:35:29] RequestStore#acceptReply was called without receiving a matching request 470
[23:35:29] RequestStore#acceptReply was called without receiving a matching request 471
[23:35:29] RequestStore#acceptReply was called without receiving a matching request 472
[23:35:29] RequestStore#acceptReply was called without receiving a matching request 473
[23:35:29] RequestStore#acceptReply was called without receiving a matching request 474
[23:35:29] RequestStore#acceptReply was called without receiving a matching request 475
[23:35:29] RequestStore#acceptReply was called without receiving a matching request 476
[23:35:29] RequestStore#acceptReply was called without receiving a matching request 477
[23:35:29] RequestStore#acceptReply was called without receiving a matching request 478
[23:35:29] RequestStore#acceptReply was called without receiving a matching request 479
[23:35:29] RequestStore#acceptReply was called without receiving a matching request 480
[23:35:29] RequestStore#acceptReply was called without receiving a matching request 481
[23:35:29] RequestStore#acceptReply was called without receiving a matching request 482
[23:35:29] RequestStore#acceptReply was called without receiving a matching request 483
[23:35:29] RequestStore#acceptReply was called without receiving a matching request 484
[23:35:29] RequestStore#acceptReply was called without receiving a matching request 485
[23:35:29] RequestStore#acceptReply was called without receiving a matching request 486
[23:35:29] RequestStore#acceptReply was called without receiving a matching request 487
[23:35:29] RequestStore#acceptReply was called without receiving a matching request 488
[23:35:29] RequestStore#acceptReply was called without receiving a matching request 489
[23:35:29] RequestStore#acceptReply was called without receiving a matching request 490
[23:35:29] RequestStore#acceptReply was called without receiving a matching request 491
[23:35:29] RequestStore#acceptReply was called without receiving a matching request 492
[23:35:29] RequestStore#acceptReply was called without receiving a matching request 493
[23:35:29] RequestStore#acceptReply was called without receiving a matching request 494
[23:35:29] RequestStore#acceptReply was called without receiving a matching request 495
File not found: /app/code-server/lib/vscode/node_modules/vsda/rust/web/vsda_bg.wasm
File not found: /app/code-server/lib/vscode/node_modules/vsda/rust/web/vsda.js
File not found: /app/code-server/lib/vscode/node_modules/@xterm/addon-ligatures/lib/addon-ligatures.js
