HashiCorp Terraform MCP Server integration is disabled by configuration
Launching language server: /config/extensions/hashicorp.terraform-2.39.2-linux-x64/bin/terraform-ls serve
Client: Stopped --> Starting
2026/06/07 01:10:07 serve_command.go:108: Starting terraform-ls 0.38.6
2026/06/07 01:10:07 service.go:120: Preparing new session ...
2026/06/07 01:10:07 langserver.go:102: Starting server (pid 17044; concurrency: 3) ...
2026/06/07 01:10:07 opts.go:215: Received request batch of size 1 (qlen=0)
2026/06/07 01:10:07 opts.go:215: Dequeued request batch of length 1 (qlen=0)
2026/06/07 01:10:07 rpc_logger.go:32: Incoming request for "initialize" (ID 0): {"processId":2653,"clientInfo":{"name":"code-server","version":"1.123.0"},"locale":"en","rootPath":"/workspace","rootUri":"file:///workspace","capabilities":{"workspace":{"applyEdit":true,"workspaceEdit":{"documentChanges":true,"resourceOperations":["create","rename","delete"],"failureHandling":"textOnlyTransactional","normalizesLineEndings":true,"changeAnnotationSupport":{"groupsOnLabel":true}},"configuration":true,"didChangeWatchedFiles":{"dynamicRegistration":true,"relativePatternSupport":true},"symbol":{"dynamicRegistration":true,"symbolKind":{"valueSet":[1,2,3,4,5,6,7,8,9,10,11,12,13,14,15,16,17,18,19,20,21,22,23,24,25,26]},"tagSupport":{"valueSet":[1]},"resolveSupport":{"properties":["location.range"]}},"codeLens":{"refreshSupport":true},"executeCommand":{"dynamicRegistration":true},"didChangeConfiguration":{"dynamicRegistration":true},"workspaceFolders":true,"foldingRange":{"refreshSupport":true},"semanticTokens":{"refreshSupport":true},"fileOperations":{"dynamicRegistration":true,"didCreate":true,"didRename":true,"didDelete":true,"willCreate":true,"willRename":true,"willDelete":true},"inlineValue":{"refreshSupport":true},"inlayHint":{"refreshSupport":true},"diagnostics":{"refreshSupport":true}},"textDocument":{"publishDiagnostics":{"relatedInformation":true,"versionSupport":false,"tagSupport":{"valueSet":[1,2]},"codeDescriptionSupport":true,"dataSupport":true},"synchronization":{"dynamicRegistration":true,"willSave":true,"willSaveWaitUntil":true,"didSave":true},"completion":{"dynamicRegistration":true,"contextSupport":true,"completionItem":{"snippetSupport":true,"commitCharactersSupport":true,"documentationFormat":["markdown","plaintext"],"deprecatedSupport":true,"preselectSupport":true,"tagSupport":{"valueSet":[1]},"insertReplaceSupport":true,"resolveSupport":{"properties":["documentation","detail","additionalTextEdits"]},"insertTextModeSupport":{"valueSet":[1,2]},"labelDetailsSupport":true},"insertTextMode":2,"completionItemKind":{"valueSet":[1,2,3,4,5,6,7,8,9,10,11,12,13,14,15,16,17,18,19,20,21,22,23,24,25]},"completionList":{"itemDefaults":["commitCharacters","editRange","insertTextFormat","insertTextMode","data"]}},"hover":{"dynamicRegistration":true,"contentFormat":["markdown","plaintext"]},"signatureHelp":{"dynamicRegistration":true,"signatureInformation":{"documentationFormat":["markdown","plaintext"],"parameterInformation":{"labelOffsetSupport":true},"activeParameterSupport":true},"contextSupport":true},"definition":{"dynamicRegistration":true,"linkSupport":true},"references":{"dynamicRegistration":true},"documentHighlight":{"dynamicRegistration":true},"documentSymbol":{"dynamicRegistration":true,"symbolKind":{"valueSet":[1,2,3,4,5,6,7,8,9,10,11,12,13,14,15,16,17,18,19,20,21,22,23,24,25,26]},"hierarchicalDocumentSymbolSupport":true,"tagSupport":{"valueSet":[1]},"labelSupport":true},"codeAction":{"dynamicRegistration":true,"isPreferredSupport":true,"disabledSupport":true,"dataSupport":true,"resolveSupport":{"properties":["edit"]},"codeActionLiteralSupport":{"codeActionKind":{"valueSet":["","quickfix","refactor","refactor.extract","refactor.inline","refactor.rewrite","source","source.organizeImports"]}},"honorsChangeAnnotations":true},"codeLens":{"dynamicRegistration":true},"formatting":{"dynamicRegistration":true},"rangeFormatting":{"dynamicRegistration":true,"rangesSupport":true},"onTypeFormatting":{"dynamicRegistration":true},"rename":{"dynamicRegistration":true,"prepareSupport":true,"prepareSupportDefaultBehavior":1,"honorsChangeAnnotations":true},"documentLink":{"dynamicRegistration":true,"tooltipSupport":true},"typeDefinition":{"dynamicRegistration":true,"linkSupport":true},"implementation":{"dynamicRegistration":true,"linkSupport":true},"colorProvider":{"dynamicRegistration":true},"foldingRange":{"dynamicRegistration":true,"rangeLimit":5000,"lineFoldingOnly":true,"foldingRangeKind":{"valueSet":["comment","imports","region"]},"foldingRange":{"collapsedText":false}},"declaration":{"dynamicRegistration":true,"linkSupport":true},"selectionRange":{"dynamicRegistration":true},"callHierarchy":{"dynamicRegistration":true},"semanticTokens":{"dynamicRegistration":true,"tokenTypes":["namespace","type","class","enum","interface","struct","typeParameter","parameter","variable","property","enumMember","event","function","method","macro","keyword","modifier","comment","string","number","regexp","operator","decorator","hcl-attrName","hcl-blockType","hcl-blockLabel","hcl-bool","hcl-string","hcl-number","hcl-objectKey","hcl-mapKey","hcl-keyword","hcl-referenceStep","hcl-typeComplex","hcl-typePrimitive","hcl-functionName"],"tokenModifiers":["declaration","definition","readonly","static","deprecated","abstract","async","modification","documentation","defaultLibrary","hcl-dependent","terraform-data","terraform-locals","terraform-module","terraform-output","terraform-provider","terraform-resource","terraform-provisioner","terraform-connection","terraform-variable","terraform-terraform","terraform-backend","terraform-name","terraform-type","terraform-requiredProviders"],"formats":["relative"],"requests":{"range":true,"full":{"delta":true}},"multilineTokenSupport":false,"overlappingTokenSupport":false,"serverCancelSupport":true,"augmentsSyntaxTokens":true},"linkedEditingRange":{"dynamicRegistration":true},"typeHierarchy":{"dynamicRegistration":true},"inlineValue":{"dynamicRegistration":true},"inlayHint":{"dynamicRegistration":true,"resolveSupport":{"properties":["tooltip","textEdits","label.tooltip","label.location","label.command"]}},"diagnostic":{"dynamicRegistration":true,"relatedDocumentSupport":false}},"window":{"showMessage":{"messageActionItem":{"additionalPropertiesSupport":true}},"showDocument":{"support":true},"workDoneProgress":true},"general":{"staleRequestSupport":{"cancel":true,"retryOnContentModified":["textDocument/semanticTokens/full","textDocument/semanticTokens/range","textDocument/semanticTokens/full/delta"]},"regularExpressions":{"engine":"ECMAScript","version":"ES2020"},"markdown":{"parser":"marked","version":"1.1.0"},"positionEncodings":["utf-16"]},"notebookDocument":{"synchronization":{"dynamicRegistration":true,"executionSummarySupport":true}},"experimental":{"refreshModuleProvidersCommandId":"client.refreshModuleProviders","refreshModuleCallsCommandId":"client.refreshModuleCalls","telemetryVersion":1,"refreshTerraformVersionCommandId":"client.refreshTerraformVersion"}},"initializationOptions":{"validation":{"enableEnhancedValidation":true},"experimentalFeatures":{"validateOnSave":false,"prefillRequiredFields":false},"ignoreSingleFileWarning":false,"terraform":{"path":"","timeout":"","logFilePath":""},"indexing":{"ignorePaths":[],"ignoreDirectoryNames":[]}},"trace":"off","workspaceFolders":[{"uri":"file:///workspace","name":"workspace"}],"workDoneToken":"67e16b25-9664-4943-a9de-e9bc77c66ad6"}
2026/06/07 01:10:07 initialize.go:185: enabling telemetry (version: 1)
2026/06/07 01:10:07 initialize.go:190: telemetry enabled (version: 1)
2026/06/07 01:10:07 scheduler.go:56: launching eval loop 0
2026/06/07 01:10:07 service.go:491: started low priority scheduler
2026/06/07 01:10:07 scheduler.go:56: launching eval loop 0
2026/06/07 01:10:07 service.go:496: started high priority scheduler
2026/06/07 01:10:07 discover.go:21: bus: "feature.rootmodules" subscribed to OnDiscover
2026/06/07 01:10:07 did_open.go:28: bus: "feature.rootmodules" subscribed to OnDidOpen
2026/06/07 01:10:07 manifest_change.go:23: bus: "feature.rootmodules" subscribed to OnManifestChange
2026/06/07 01:10:07 lockfile_change.go:23: bus: "feature.rootmodules" subscribed to OnPluginLockChange
2026/06/07 01:10:07 discover.go:21: bus: "feature.modules" subscribed to OnDiscover
2026/06/07 01:10:07 did_open.go:28: bus: "feature.modules" subscribed to OnDidOpen
2026/06/07 01:10:07 did_change.go:24: bus: "feature.modules" subscribed to OnDidChange
2026/06/07 01:10:07 did_change_watched.go:27: bus: "feature.modules" subscribed to OnDidChangeWatched
2026/06/07 01:10:07 discover.go:21: bus: "feature.variables" subscribed to OnDiscover
2026/06/07 01:10:07 did_open.go:28: bus: "feature.variables" subscribed to OnDidOpen
2026/06/07 01:10:07 did_change.go:24: bus: "feature.variables" subscribed to OnDidChange
2026/06/07 01:10:07 did_change_watched.go:27: bus: "feature.variables" subscribed to OnDidChangeWatched
2026/06/07 01:10:07 discover.go:21: bus: "feature.stacks" subscribed to OnDiscover
2026/06/07 01:10:07 did_open.go:28: bus: "feature.stacks" subscribed to OnDidOpen
2026/06/07 01:10:07 did_change.go:24: bus: "feature.stacks" subscribed to OnDidChange
2026/06/07 01:10:07 did_change_watched.go:27: bus: "feature.stacks" subscribed to OnDidChangeWatched
2026/06/07 01:10:07 discover.go:21: bus: "feature.tests" subscribed to OnDiscover
2026/06/07 01:10:07 did_open.go:28: bus: "feature.tests" subscribed to OnDidOpen
2026/06/07 01:10:07 did_change.go:24: bus: "feature.tests" subscribed to OnDidChange
2026/06/07 01:10:07 did_change_watched.go:27: bus: "feature.tests" subscribed to OnDidChangeWatched
2026/06/07 01:10:07 discover.go:21: bus: "feature.search" subscribed to OnDiscover
2026/06/07 01:10:07 did_open.go:28: bus: "feature.search" subscribed to OnDidOpen
2026/06/07 01:10:07 did_change.go:24: bus: "feature.search" subscribed to OnDidChange
2026/06/07 01:10:07 did_change_watched.go:27: bus: "feature.search" subscribed to OnDidChangeWatched
2026/06/07 01:10:07 opts.go:215: Posting server notification "telemetry/event" {"v":1,"name":"initialize","properties":{"experimentalCapabilities.referenceCountCodeLens":false,"experimentalCapabilities.refreshModuleCalls":true,"experimentalCapabilities.refreshModuleProviders":true,"experimentalCapabilities.refreshTerraformVersion":true,"lsVersion":"0.38.6","options.commandPrefix":false,"options.excludeModulePaths":false,"options.experimentalFeatures.prefillRequiredFields":false,"options.experimentalFeatures.validateOnSave":false,"options.ignoreSingleFileWarning":false,"options.indexing.ignoreDirectoryNames":false,"options.indexing.ignorePaths":false,"options.rootModulePaths":false,"options.terraform.logFilePath":false,"options.terraform.path":false,"options.terraform.timeout":"","options.validation.earlyValidation":true,"root_uri":"dir"}}
2026/06/07 01:10:07 walker_paths.go:255: walking next dir: {"file:///workspace"}
2026/06/07 01:10:07 discover.go:26: bus: -> Discover /workspace
2026/06/07 01:10:07 discover.go:26: bus: -> Discover /workspace/code-server
2026/06/07 01:10:07 discover.go:26: bus: -> Discover /workspace/code-server/config
2026/06/07 01:10:07 discover.go:26: bus: -> Discover /workspace/code-server/config/.cache
2026/06/07 01:10:07 discover.go:26: bus: -> Discover /workspace/code-server/config/.cache/Microsoft
2026/06/07 01:10:07 discover.go:26: bus: -> Discover /workspace/code-server/config/.cache/Microsoft/DeveloperTools
2026/06/07 01:10:07 walker.go:217: walking of {file:///workspace/code-server/config/.cache/Microsoft/DeveloperTools} finished
2026/06/07 01:10:07 walker.go:217: walking of {file:///workspace/code-server/config/.cache/Microsoft} finished
2026/06/07 01:10:07 walker.go:217: walking of {file:///workspace/code-server/config/.cache} finished
2026/06/07 01:10:07 rpc_logger.go:53: Response to "initialize" (ID 0): {"capabilities":{"textDocumentSync":{"openClose":true,"change":2,"save":{}},"completionProvider":{"triggerCharacters":[".","["],"resolveProvider":true},"hoverProvider":true,"signatureHelpProvider":{"triggerCharacters":["(",","]},"declarationProvider":true,"definitionProvider":true,"referencesProvider":true,"documentSymbolProvider":true,"codeActionProvider":{"codeActionKinds":["source.formatAll.terraform"]},"codeLensProvider":{},"documentLinkProvider":{},"workspaceSymbolProvider":true,"documentFormattingProvider":true,"executeCommandProvider":{"commands":["terraform-ls.module.callers","terraform-ls.module.calls","terraform-ls.module.providers","terraform-ls.module.terraform","terraform-ls.rootmodules","terraform-ls.terraform.init","terraform-ls.terraform.validate"],"workDoneProgress":true},"semanticTokensProvider":{"legend":{"tokenTypes":["enumMember","function","keyword","number","parameter","property","string","type","variable","hcl-attrName","hcl-blockType","hcl-blockLabel","hcl-bool","hcl-string","hcl-number","hcl-objectKey","hcl-mapKey","hcl-keyword","hcl-referenceStep","hcl-typeComplex","hcl-typePrimitive","hcl-functionName"],"tokenModifiers":["defaultLibrary","hcl-dependent","terraform-backend","terraform-connection","terraform-data","terraform-locals","terraform-module","terraform-name","terraform-output","terraform-provider","terraform-provisioner","terraform-requiredProviders","terraform-resource","terraform-terraform","terraform-type","terraform-variable"]},"full":true},"workspace":{"workspaceFolders":{"supported":true,"changeNotifications":"workspace/didChangeWorkspaceFolders"},"fileOperations":{}},"experimental":{"referenceCountCodeLens":false,"refreshModuleProviders":true,"refreshModuleCalls":true,"refreshTerraformVersion":true}},"serverInfo":{"name":"terraform-ls","version":"0.38.6"}}
2026/06/07 01:10:07 discover.go:26: bus: -> Discover /workspace/code-server/config/.config
2026/06/07 01:10:07 opts.go:215: Completed 1 requests [3.55776ms elapsed]
2026/06/07 01:10:07 discover.go:26: bus: -> Discover /workspace/code-server/config/.config/code-server
2026/06/07 01:10:07 walker.go:217: walking of {file:///workspace/code-server/config/.config/code-server} finished
2026/06/07 01:10:07 walker.go:217: walking of {file:///workspace/code-server/config/.config} finished
2026/06/07 01:10:07 discover.go:26: bus: -> Discover /workspace/code-server/config/.continue
2026/06/07 01:10:07 discover.go:26: bus: -> Discover /workspace/code-server/config/.continue/.utils
2026/06/07 01:10:07 walker.go:217: walking of {file:///workspace/code-server/config/.continue/.utils} finished
2026/06/07 01:10:07 discover.go:26: bus: -> Discover /workspace/code-server/config/.continue/dev_data
2026/06/07 01:10:07 walker.go:217: walking of {file:///workspace/code-server/config/.continue/dev_data} finished
2026/06/07 01:10:07 discover.go:26: bus: -> Discover /workspace/code-server/config/.continue/index
2026/06/07 01:10:07 walker.go:217: walking of {file:///workspace/code-server/config/.continue/index} finished
2026/06/07 01:10:07 discover.go:26: bus: -> Discover /workspace/code-server/config/.continue/types
2026/06/07 01:10:07 discover.go:26: bus: -> Discover /workspace/code-server/config/.continue/types/core
2026/06/07 01:10:07 walker.go:217: walking of {file:///workspace/code-server/config/.continue/types/core} finished
2026/06/07 01:10:07 walker.go:217: walking of {file:///workspace/code-server/config/.continue/types} finished
2026/06/07 01:10:07 walker.go:217: walking of {file:///workspace/code-server/config/.continue} finished
2026/06/07 01:10:07 discover.go:26: bus: -> Discover /workspace/code-server/config/.local
2026/06/07 01:10:07 discover.go:26: bus: -> Discover /workspace/code-server/config/.local/share
2026/06/07 01:10:07 discover.go:26: bus: -> Discover /workspace/code-server/config/.local/share/code-server
2026/06/07 01:10:07 discover.go:26: bus: -> Discover /workspace/code-server/config/.local/share/code-server/coder-logs
2026/06/07 01:10:07 walker.go:217: walking of {file:///workspace/code-server/config/.local/share/code-server/coder-logs} finished
2026/06/07 01:10:07 walker.go:217: walking of {file:///workspace/code-server/config/.local/share/code-server} finished
2026/06/07 01:10:07 walker.go:217: walking of {file:///workspace/code-server/config/.local/share} finished
2026/06/07 01:10:07 walker.go:217: walking of {file:///workspace/code-server/config/.local} finished
2026/06/07 01:10:07 discover.go:26: bus: -> Discover /workspace/code-server/config/.ssh
2026/06/07 01:10:07 walker.go:217: walking of {file:///workspace/code-server/config/.ssh} finished
2026/06/07 01:10:07 discover.go:26: bus: -> Discover /workspace/code-server/config/data
2026/06/07 01:10:07 discover.go:26: bus: -> Discover /workspace/code-server/config/data/CachedExtensionVSIXs
2026/06/07 01:10:07 discover.go:26: bus: -> Discover /workspace/code-server/config/data/CachedExtensionVSIXs/.trash
2026/06/07 01:10:07 walker.go:217: walking of {file:///workspace/code-server/config/data/CachedExtensionVSIXs/.trash} finished
2026/06/07 01:10:07 walker.go:217: walking of {file:///workspace/code-server/config/data/CachedExtensionVSIXs} finished
2026/06/07 01:10:07 discover.go:26: bus: -> Discover /workspace/code-server/config/data/CachedProfilesData
2026/06/07 01:10:07 discover.go:26: bus: -> Discover /workspace/code-server/config/data/CachedProfilesData/__default__profile__
2026/06/07 01:10:07 walker.go:217: walking of {file:///workspace/code-server/config/data/CachedProfilesData/__default__profile__} finished
2026/06/07 01:10:07 walker.go:217: walking of {file:///workspace/code-server/config/data/CachedProfilesData} finished
2026/06/07 01:10:07 discover.go:26: bus: -> Discover /workspace/code-server/config/data/Machine
2026/06/07 01:10:07 walker.go:217: walking of {file:///workspace/code-server/config/data/Machine} finished
2026/06/07 01:10:07 discover.go:26: bus: -> Discover /workspace/code-server/config/data/User
2026/06/07 01:10:07 discover.go:26: bus: -> Discover /workspace/code-server/config/data/User/History
2026/06/07 01:10:07 discover.go:26: bus: -> Discover /workspace/code-server/config/data/User/History/-719dbe4
2026/06/07 01:10:07 walker.go:217: walking of {file:///workspace/code-server/config/data/User/History/-719dbe4} finished
2026/06/07 01:10:07 discover.go:26: bus: -> Discover /workspace/code-server/config/data/User/History/5b899fa2
2026/06/07 01:10:07 walker.go:217: walking of {file:///workspace/code-server/config/data/User/History/5b899fa2} finished
2026/06/07 01:10:07 walker.go:217: walking of {file:///workspace/code-server/config/data/User/History} finished
2026/06/07 01:10:07 discover.go:26: bus: -> Discover /workspace/code-server/config/data/User/caches
2026/06/07 01:10:07 discover.go:26: bus: -> Discover /workspace/code-server/config/data/User/caches/CachedConfigurations
2026/06/07 01:10:07 discover.go:26: bus: -> Discover /workspace/code-server/config/data/User/caches/CachedConfigurations/folder
2026/06/07 01:10:07 discover.go:26: bus: -> Discover /workspace/code-server/config/data/User/caches/CachedConfigurations/folder/-4eb750f5
2026/06/07 01:10:07 walker.go:217: walking of {file:///workspace/code-server/config/data/User/caches/CachedConfigurations/folder/-4eb750f5} finished
2026/06/07 01:10:07 discover.go:26: bus: -> Discover /workspace/code-server/config/data/User/caches/CachedConfigurations/folder/-89e469c
2026/06/07 01:10:07 walker.go:217: walking of {file:///workspace/code-server/config/data/User/caches/CachedConfigurations/folder/-89e469c} finished
2026/06/07 01:10:07 walker.go:217: walking of {file:///workspace/code-server/config/data/User/caches/CachedConfigurations/folder} finished
2026/06/07 01:10:07 walker.go:217: walking of {file:///workspace/code-server/config/data/User/caches/CachedConfigurations} finished
2026/06/07 01:10:07 walker.go:217: walking of {file:///workspace/code-server/config/data/User/caches} finished
2026/06/07 01:10:07 discover.go:26: bus: -> Discover /workspace/code-server/config/data/User/globalStorage
2026/06/07 01:10:07 discover.go:26: bus: -> Discover /workspace/code-server/config/data/User/globalStorage/continue.continue
2026/06/07 01:10:07 walker.go:217: walking of {file:///workspace/code-server/config/data/User/globalStorage/continue.continue} finished
2026/06/07 01:10:07 discover.go:26: bus: -> Discover /workspace/code-server/config/data/User/globalStorage/ms-vscode.powershell
2026/06/07 01:10:07 discover.go:26: bus: -> Discover /workspace/code-server/config/data/User/globalStorage/ms-vscode.powershell/sessions
2026/06/07 01:10:07 walker.go:217: walking of {file:///workspace/code-server/config/data/User/globalStorage/ms-vscode.powershell/sessions} finished
2026/06/07 01:10:07 walker.go:217: walking of {file:///workspace/code-server/config/data/User/globalStorage/ms-vscode.powershell} finished
2026/06/07 01:10:07 discover.go:26: bus: -> Discover /workspace/code-server/config/data/User/globalStorage/vscode-redhat-telemetry
2026/06/07 01:10:07 walker.go:217: walking of {file:///workspace/code-server/config/data/User/globalStorage/vscode-redhat-telemetry} finished
2026/06/07 01:10:07 discover.go:26: bus: -> Discover /workspace/code-server/config/data/User/globalStorage/vscode.json-language-features
2026/06/07 01:10:07 discover.go:26: bus: -> Discover /workspace/code-server/config/data/User/globalStorage/vscode.json-language-features/json-schema-cache
2026/06/07 01:10:07 walker.go:217: walking of {file:///workspace/code-server/config/data/User/globalStorage/vscode.json-language-features/json-schema-cache} finished
2026/06/07 01:10:07 walker.go:217: walking of {file:///workspace/code-server/config/data/User/globalStorage/vscode.json-language-features} finished
2026/06/07 01:10:07 walker.go:217: walking of {file:///workspace/code-server/config/data/User/globalStorage} finished
2026/06/07 01:10:07 discover.go:26: bus: -> Discover /workspace/code-server/config/data/User/snippets
2026/06/07 01:10:07 walker.go:217: walking of {file:///workspace/code-server/config/data/User/snippets} finished
2026/06/07 01:10:07 discover.go:26: bus: -> Discover /workspace/code-server/config/data/User/workspaceStorage
2026/06/07 01:10:07 discover.go:26: bus: -> Discover /workspace/code-server/config/data/User/workspaceStorage/3e188b9b
2026/06/07 01:10:07 discover.go:26: bus: -> Discover /workspace/code-server/config/data/User/workspaceStorage/3e188b9b/chatEditingSessions
2026/06/07 01:10:07 discover.go:26: bus: -> Discover /workspace/code-server/config/data/User/workspaceStorage/3e188b9b/chatEditingSessions/b8fbcdfe-a212-48c1-8655-01dfb4dd348e
2026/06/07 01:10:07 discover.go:26: bus: -> Discover /workspace/code-server/config/data/User/workspaceStorage/3e188b9b/chatEditingSessions/b8fbcdfe-a212-48c1-8655-01dfb4dd348e/contents
2026/06/07 01:10:07 walker.go:217: walking of {file:///workspace/code-server/config/data/User/workspaceStorage/3e188b9b/chatEditingSessions/b8fbcdfe-a212-48c1-8655-01dfb4dd348e/contents} finished
2026/06/07 01:10:07 walker.go:217: walking of {file:///workspace/code-server/config/data/User/workspaceStorage/3e188b9b/chatEditingSessions/b8fbcdfe-a212-48c1-8655-01dfb4dd348e} finished
2026/06/07 01:10:07 walker.go:217: walking of {file:///workspace/code-server/config/data/User/workspaceStorage/3e188b9b/chatEditingSessions} finished
2026/06/07 01:10:07 discover.go:26: bus: -> Discover /workspace/code-server/config/data/User/workspaceStorage/3e188b9b/chatSessions
2026/06/07 01:10:07 walker.go:217: walking of {file:///workspace/code-server/config/data/User/workspaceStorage/3e188b9b/chatSessions} finished
2026/06/07 01:10:07 discover.go:26: bus: -> Discover /workspace/code-server/config/data/User/workspaceStorage/3e188b9b/ms-python.python
2026/06/07 01:10:07 walker.go:217: walking of {file:///workspace/code-server/config/data/User/workspaceStorage/3e188b9b/ms-python.python} finished
2026/06/07 01:10:07 walker.go:217: walking of {file:///workspace/code-server/config/data/User/workspaceStorage/3e188b9b} finished
2026/06/07 01:10:07 discover.go:26: bus: -> Discover /workspace/code-server/config/data/User/workspaceStorage/40a71842
2026/06/07 01:10:07 discover.go:26: bus: -> Discover /workspace/code-server/config/data/User/workspaceStorage/40a71842/chatEditingSessions
2026/06/07 01:10:07 discover.go:26: bus: -> Discover /workspace/code-server/config/data/User/workspaceStorage/40a71842/chatEditingSessions/a27e088d-c32d-444e-9ae5-57dc42e806d3
2026/06/07 01:10:07 discover.go:26: bus: -> Discover /workspace/code-server/config/data/User/workspaceStorage/40a71842/chatEditingSessions/a27e088d-c32d-444e-9ae5-57dc42e806d3/contents
2026/06/07 01:10:07 walker.go:217: walking of {file:///workspace/code-server/config/data/User/workspaceStorage/40a71842/chatEditingSessions/a27e088d-c32d-444e-9ae5-57dc42e806d3/contents} finished
2026/06/07 01:10:07 walker.go:217: walking of {file:///workspace/code-server/config/data/User/workspaceStorage/40a71842/chatEditingSessions/a27e088d-c32d-444e-9ae5-57dc42e806d3} finished
2026/06/07 01:10:07 walker.go:217: walking of {file:///workspace/code-server/config/data/User/workspaceStorage/40a71842/chatEditingSessions} finished
2026/06/07 01:10:07 discover.go:26: bus: -> Discover /workspace/code-server/config/data/User/workspaceStorage/40a71842/chatSessions
2026/06/07 01:10:07 walker.go:217: walking of {file:///workspace/code-server/config/data/User/workspaceStorage/40a71842/chatSessions} finished
2026/06/07 01:10:07 walker.go:217: walking of {file:///workspace/code-server/config/data/User/workspaceStorage/40a71842} finished
2026/06/07 01:10:07 walker.go:217: walking of {file:///workspace/code-server/config/data/User/workspaceStorage} finished
2026/06/07 01:10:07 walker.go:217: walking of {file:///workspace/code-server/config/data/User} finished
2026/06/07 01:10:07 discover.go:26: bus: -> Discover /workspace/code-server/config/data/logs
2026/06/07 01:10:07 discover.go:26: bus: -> Discover /workspace/code-server/config/data/logs/20260607T004406
2026/06/07 01:10:07 discover.go:26: bus: -> Discover /workspace/code-server/config/data/logs/20260607T004406/exthost1
2026/06/07 01:10:07 discover.go:26: bus: -> Discover /workspace/code-server/config/data/logs/20260607T004406/exthost1/vscode.git
2026/06/07 01:10:07 walker.go:217: walking of {file:///workspace/code-server/config/data/logs/20260607T004406/exthost1/vscode.git} finished
2026/06/07 01:10:07 discover.go:26: bus: -> Discover /workspace/code-server/config/data/logs/20260607T004406/exthost1/vscode.github
2026/06/07 01:10:07 walker.go:217: walking of {file:///workspace/code-server/config/data/logs/20260607T004406/exthost1/vscode.github} finished
Client: Starting --> Running
2026/06/07 01:10:07 discover.go:26: bus: -> Discover /workspace/code-server/config/data/logs/20260607T004406/exthost1/vscode.github-authentication
2026/06/07 01:10:07 walker.go:217: walking of {file:///workspace/code-server/config/data/logs/20260607T004406/exthost1/vscode.github-authentication} finished
2026/06/07 01:10:07 discover.go:26: bus: -> Discover /workspace/code-server/config/data/logs/20260607T004406/exthost1/vscode.json-language-features
2026/06/07 01:10:07 walker.go:217: walking of {file:///workspace/code-server/config/data/logs/20260607T004406/exthost1/vscode.json-language-features} finished
2026/06/07 01:10:07 walker.go:217: walking of {file:///workspace/code-server/config/data/logs/20260607T004406/exthost1} finished
2026/06/07 01:10:07 discover.go:26: bus: -> Discover /workspace/code-server/config/data/logs/20260607T004406/exthost2
2026/06/07 01:10:07 discover.go:26: bus: -> Discover /workspace/code-server/config/data/logs/20260607T004406/exthost2/eamodio.gitlens
2026/06/07 01:10:07 walker.go:217: walking of {file:///workspace/code-server/config/data/logs/20260607T004406/exthost2/eamodio.gitlens} finished
2026/06/07 01:10:07 discover.go:26: bus: -> Discover /workspace/code-server/config/data/logs/20260607T004406/exthost2/hashicorp.terraform
2026/06/07 01:10:07 walker.go:217: walking of {file:///workspace/code-server/config/data/logs/20260607T004406/exthost2/hashicorp.terraform} finished
2026/06/07 01:10:07 discover.go:26: bus: -> Discover /workspace/code-server/config/data/logs/20260607T004406/exthost2/ms-python.python
2026/06/07 01:10:07 walker.go:217: walking of {file:///workspace/code-server/config/data/logs/20260607T004406/exthost2/ms-python.python} finished
2026/06/07 01:10:07 discover.go:26: bus: -> Discover /workspace/code-server/config/data/logs/20260607T004406/exthost2/ms-python.vscode-python-envs
2026/06/07 01:10:07 walker.go:217: walking of {file:///workspace/code-server/config/data/logs/20260607T004406/exthost2/ms-python.vscode-python-envs} finished
2026/06/07 01:10:07 discover.go:26: bus: -> Discover /workspace/code-server/config/data/logs/20260607T004406/exthost2/ms-vscode.powershell
2026/06/07 01:10:07 walker.go:217: walking of {file:///workspace/code-server/config/data/logs/20260607T004406/exthost2/ms-vscode.powershell} finished
2026/06/07 01:10:07 discover.go:26: bus: -> Discover /workspace/code-server/config/data/logs/20260607T004406/exthost2/output_logging_20260607T004715
2026/06/07 01:10:07 walker.go:217: walking of {file:///workspace/code-server/config/data/logs/20260607T004406/exthost2/output_logging_20260607T004715} finished
2026/06/07 01:10:07 discover.go:26: bus: -> Discover /workspace/code-server/config/data/logs/20260607T004406/exthost2/redhat.ansible
2026/06/07 01:10:07 walker.go:217: walking of {file:///workspace/code-server/config/data/logs/20260607T004406/exthost2/redhat.ansible} finished
2026/06/07 01:10:07 discover.go:26: bus: -> Discover /workspace/code-server/config/data/logs/20260607T004406/exthost2/vscode.git
2026/06/07 01:10:07 walker.go:217: walking of {file:///workspace/code-server/config/data/logs/20260607T004406/exthost2/vscode.git} finished
2026/06/07 01:10:07 discover.go:26: bus: -> Discover /workspace/code-server/config/data/logs/20260607T004406/exthost2/vscode.github
2026/06/07 01:10:07 walker.go:217: walking of {file:///workspace/code-server/config/data/logs/20260607T004406/exthost2/vscode.github} finished
2026/06/07 01:10:07 discover.go:26: bus: -> Discover /workspace/code-server/config/data/logs/20260607T004406/exthost2/vscode.github-authentication
2026/06/07 01:10:07 walker.go:217: walking of {file:///workspace/code-server/config/data/logs/20260607T004406/exthost2/vscode.github-authentication} finished
2026/06/07 01:10:07 discover.go:26: bus: -> Discover /workspace/code-server/config/data/logs/20260607T004406/exthost2/vscode.json-language-features
2026/06/07 01:10:07 walker.go:217: walking of {file:///workspace/code-server/config/data/logs/20260607T004406/exthost2/vscode.json-language-features} finished
2026/06/07 01:10:07 walker.go:217: walking of {file:///workspace/code-server/config/data/logs/20260607T004406/exthost2} finished
2026/06/07 01:10:07 walker.go:217: walking of {file:///workspace/code-server/config/data/logs/20260607T004406} finished
2026/06/07 01:10:07 walker.go:217: walking of {file:///workspace/code-server/config/data/logs} finished
2026/06/07 01:10:07 walker.go:217: walking of {file:///workspace/code-server/config/data} finished
2026/06/07 01:10:07 discover.go:26: bus: -> Discover /workspace/code-server/config/extensions
2026/06/07 01:10:07 discover.go:26: bus: -> Discover /workspace/code-server/config/extensions/continue.continue-1.2.22-linux-x64
2026/06/07 01:10:07 discover.go:26: bus: -> Discover /workspace/code-server/config/extensions/continue.continue-1.2.22-linux-x64/bin
2026/06/07 01:10:07 discover.go:26: bus: -> Discover /workspace/code-server/config/extensions/continue.continue-1.2.22-linux-x64/bin/napi-v3
2026/06/07 01:10:07 discover.go:26: bus: -> Discover /workspace/code-server/config/extensions/continue.continue-1.2.22-linux-x64/bin/napi-v3/linux
Started client
2026/06/07 01:10:07 discover.go:26: bus: -> Discover /workspace/code-server/config/extensions/continue.continue-1.2.22-linux-x64/bin/napi-v3/linux/arm64
2026/06/07 01:10:07 walker.go:217: walking of {file:///workspace/code-server/config/extensions/continue.continue-1.2.22-linux-x64/bin/napi-v3/linux/arm64} finished
2026/06/07 01:10:07 discover.go:26: bus: -> Discover /workspace/code-server/config/extensions/continue.continue-1.2.22-linux-x64/bin/napi-v3/linux/x64
2026/06/07 01:10:07 walker.go:217: walking of {file:///workspace/code-server/config/extensions/continue.continue-1.2.22-linux-x64/bin/napi-v3/linux/x64} finished
2026/06/07 01:10:07 walker.go:217: walking of {file:///workspace/code-server/config/extensions/continue.continue-1.2.22-linux-x64/bin/napi-v3/linux} finished
2026/06/07 01:10:07 walker.go:217: walking of {file:///workspace/code-server/config/extensions/continue.continue-1.2.22-linux-x64/bin/napi-v3} finished
2026/06/07 01:10:07 walker.go:217: walking of {file:///workspace/code-server/config/extensions/continue.continue-1.2.22-linux-x64/bin} finished
2026/06/07 01:10:07 discover.go:26: bus: -> Discover /workspace/code-server/config/extensions/continue.continue-1.2.22-linux-x64/gui
2026/06/07 01:10:07 opts.go:215: Received request batch of size 1 (qlen=0)
2026/06/07 01:10:07 discover.go:26: bus: -> Discover /workspace/code-server/config/extensions/continue.continue-1.2.22-linux-x64/gui/assets
2026/06/07 01:10:07 walker.go:217: walking of {file:///workspace/code-server/config/extensions/continue.continue-1.2.22-linux-x64/gui/assets} finished
2026/06/07 01:10:07 opts.go:215: Dequeued request batch of length 1 (qlen=0)
2026/06/07 01:10:07 discover.go:26: bus: -> Discover /workspace/code-server/config/extensions/continue.continue-1.2.22-linux-x64/gui/fonts
2026/06/07 01:10:07 rpc_logger.go:32: Incoming notification for "initialized": {}
2026/06/07 01:10:07 discover.go:26: bus: -> Discover /workspace/code-server/config/extensions/continue.continue-1.2.22-linux-x64/gui/fonts/Inter
2026/06/07 01:10:07 walker.go:217: walking of {file:///workspace/code-server/config/extensions/continue.continue-1.2.22-linux-x64/gui/fonts/Inter} finished
2026/06/07 01:10:07 discover.go:26: bus: -> Discover /workspace/code-server/config/extensions/continue.continue-1.2.22-linux-x64/gui/fonts/JetBrainsMono
2026/06/07 01:10:07 walker.go:217: walking of {file:///workspace/code-server/config/extensions/continue.continue-1.2.22-linux-x64/gui/fonts/JetBrainsMono} finished
2026/06/07 01:10:07 walker.go:217: walking of {file:///workspace/code-server/config/extensions/continue.continue-1.2.22-linux-x64/gui/fonts} finished
2026/06/07 01:10:07 discover.go:26: bus: -> Discover /workspace/code-server/config/extensions/continue.continue-1.2.22-linux-x64/gui/logos
2026/06/07 01:10:07 walker.go:217: walking of {file:///workspace/code-server/config/extensions/continue.continue-1.2.22-linux-x64/gui/logos} finished
2026/06/07 01:10:07 opts.go:215: Posting server call "client/registerCapability" {"registrations":[{"id":"7c3d0721-fadf-067b-b845-134287ff928e","method":"workspace/didChangeWatchedFiles","registerOptions":{"watchers":[{"globPattern":"**/.terraform","kind":3},{"globPattern":"**/.terraform/modules/modules.json"},{"globPattern":"**/.terraform.lock.hcl"},{"globPattern":"**/.terraform/plugins/selections.json"},{"globPattern":"**/.terraform/plugins/linux_amd64/lock.json"}]}}]}
2026/06/07 01:10:07 discover.go:26: bus: -> Discover /workspace/code-server/config/extensions/continue.continue-1.2.22-linux-x64/gui/textmate-syntaxes
2026/06/07 01:10:07 walker.go:217: walking of {file:///workspace/code-server/config/extensions/continue.continue-1.2.22-linux-x64/gui/textmate-syntaxes} finished
2026/06/07 01:10:07 walker.go:217: walking of {file:///workspace/code-server/config/extensions/continue.continue-1.2.22-linux-x64/gui} finished
2026/06/07 01:10:07 discover.go:26: bus: -> Discover /workspace/code-server/config/extensions/continue.continue-1.2.22-linux-x64/media
2026/06/07 01:10:07 walker.go:217: walking of {file:///workspace/code-server/config/extensions/continue.continue-1.2.22-linux-x64/media} finished
2026/06/07 01:10:07 discover.go:26: bus: -> Discover /workspace/code-server/config/extensions/continue.continue-1.2.22-linux-x64/models
2026/06/07 01:10:07 discover.go:26: bus: -> Discover /workspace/code-server/config/extensions/continue.continue-1.2.22-linux-x64/models/all-MiniLM-L6-v2
2026/06/07 01:10:07 discover.go:26: bus: -> Discover /workspace/code-server/config/extensions/continue.continue-1.2.22-linux-x64/models/all-MiniLM-L6-v2/onnx
2026/06/07 01:10:07 walker.go:217: walking of {file:///workspace/code-server/config/extensions/continue.continue-1.2.22-linux-x64/models/all-MiniLM-L6-v2/onnx} finished
2026/06/07 01:10:07 walker.go:217: walking of {file:///workspace/code-server/config/extensions/continue.continue-1.2.22-linux-x64/models/all-MiniLM-L6-v2} finished
2026/06/07 01:10:07 walker.go:217: walking of {file:///workspace/code-server/config/extensions/continue.continue-1.2.22-linux-x64/models} finished
2026/06/07 01:10:07 discover.go:26: bus: -> Discover /workspace/code-server/config/extensions/continue.continue-1.2.22-linux-x64/out
2026/06/07 01:10:07 discover.go:26: bus: -> Discover /workspace/code-server/config/extensions/continue.continue-1.2.22-linux-x64/out/Release
2026/06/07 01:10:07 walker.go:217: walking of {file:///workspace/code-server/config/extensions/continue.continue-1.2.22-linux-x64/out/Release} finished
2026/06/07 01:10:07 discover.go:26: bus: -> Discover /workspace/code-server/config/extensions/continue.continue-1.2.22-linux-x64/out/build
2026/06/07 01:10:07 discover.go:26: bus: -> Discover /workspace/code-server/config/extensions/continue.continue-1.2.22-linux-x64/out/build/Release
2026/06/07 01:10:07 walker.go:217: walking of {file:///workspace/code-server/config/extensions/continue.continue-1.2.22-linux-x64/out/build/Release} finished
2026/06/07 01:10:07 walker.go:217: walking of {file:///workspace/code-server/config/extensions/continue.continue-1.2.22-linux-x64/out/build} finished
2026/06/07 01:10:07 discover.go:26: bus: -> Discover /workspace/code-server/config/extensions/continue.continue-1.2.22-linux-x64/out/node_modules
2026/06/07 01:10:07 discover.go:26: bus: -> Discover /workspace/code-server/config/extensions/continue.continue-1.2.22-linux-x64/out/node_modules/@lancedb
2026/06/07 01:10:07 discover.go:26: bus: -> Discover /workspace/code-server/config/extensions/continue.continue-1.2.22-linux-x64/out/node_modules/@lancedb/vectordb-linux-x64-gnu
2026/06/07 01:10:07 walker.go:217: walking of {file:///workspace/code-server/config/extensions/continue.continue-1.2.22-linux-x64/out/node_modules/@lancedb/vectordb-linux-x64-gnu} finished
2026/06/07 01:10:07 walker.go:217: walking of {file:///workspace/code-server/config/extensions/continue.continue-1.2.22-linux-x64/out/node_modules/@lancedb} finished
2026/06/07 01:10:07 discover.go:26: bus: -> Discover /workspace/code-server/config/extensions/continue.continue-1.2.22-linux-x64/out/node_modules/@vscode
2026/06/07 01:10:07 discover.go:26: bus: -> Discover /workspace/code-server/config/extensions/continue.continue-1.2.22-linux-x64/out/node_modules/@vscode/ripgrep
2026/06/07 01:10:07 walker.go:204: skipping ignored dir name: .vscode
2026/06/07 01:10:07 discover.go:26: bus: -> Discover /workspace/code-server/config/extensions/continue.continue-1.2.22-linux-x64/out/node_modules/@vscode/ripgrep/bin
2026/06/07 01:10:07 walker.go:217: walking of {file:///workspace/code-server/config/extensions/continue.continue-1.2.22-linux-x64/out/node_modules/@vscode/ripgrep/bin} finished
2026/06/07 01:10:07 discover.go:26: bus: -> Discover /workspace/code-server/config/extensions/continue.continue-1.2.22-linux-x64/out/node_modules/@vscode/ripgrep/build
2026/06/07 01:10:07 walker.go:217: walking of {file:///workspace/code-server/config/extensions/continue.continue-1.2.22-linux-x64/out/node_modules/@vscode/ripgrep/build} finished
2026/06/07 01:10:07 discover.go:26: bus: -> Discover /workspace/code-server/config/extensions/continue.continue-1.2.22-linux-x64/out/node_modules/@vscode/ripgrep/lib
2026/06/07 01:10:07 walker.go:217: walking of {file:///workspace/code-server/config/extensions/continue.continue-1.2.22-linux-x64/out/node_modules/@vscode/ripgrep/lib} finished
2026/06/07 01:10:07 walker.go:217: walking of {file:///workspace/code-server/config/extensions/continue.continue-1.2.22-linux-x64/out/node_modules/@vscode/ripgrep} finished
2026/06/07 01:10:07 walker.go:217: walking of {file:///workspace/code-server/config/extensions/continue.continue-1.2.22-linux-x64/out/node_modules/@vscode} finished
2026/06/07 01:10:07 discover.go:26: bus: -> Discover /workspace/code-server/config/extensions/continue.continue-1.2.22-linux-x64/out/node_modules/workerpool
2026/06/07 01:10:07 discover.go:26: bus: -> Discover /workspace/code-server/config/extensions/continue.continue-1.2.22-linux-x64/out/node_modules/workerpool/dist
2026/06/07 01:10:07 walker.go:217: walking of {file:///workspace/code-server/config/extensions/continue.continue-1.2.22-linux-x64/out/node_modules/workerpool/dist} finished
2026/06/07 01:10:07 discover.go:26: bus: -> Discover /workspace/code-server/config/extensions/continue.continue-1.2.22-linux-x64/out/node_modules/workerpool/src
2026/06/07 01:10:07 discover.go:26: bus: -> Discover /workspace/code-server/config/extensions/continue.continue-1.2.22-linux-x64/out/node_modules/workerpool/src/generated
2026/06/07 01:10:07 walker.go:217: walking of {file:///workspace/code-server/config/extensions/continue.continue-1.2.22-linux-x64/out/node_modules/workerpool/src/generated} finished
2026/06/07 01:10:07 walker.go:217: walking of {file:///workspace/code-server/config/extensions/continue.continue-1.2.22-linux-x64/out/node_modules/workerpool/src} finished
2026/06/07 01:10:07 discover.go:26: bus: -> Discover /workspace/code-server/config/extensions/continue.continue-1.2.22-linux-x64/out/node_modules/workerpool/types
2026/06/07 01:10:07 discover.go:26: bus: -> Discover /workspace/code-server/config/extensions/continue.continue-1.2.22-linux-x64/out/node_modules/workerpool/types/generated
2026/06/07 01:10:07 walker.go:217: walking of {file:///workspace/code-server/config/extensions/continue.continue-1.2.22-linux-x64/out/node_modules/workerpool/types/generated} finished
2026/06/07 01:10:07 walker.go:217: walking of {file:///workspace/code-server/config/extensions/continue.continue-1.2.22-linux-x64/out/node_modules/workerpool/types} finished
2026/06/07 01:10:07 walker.go:217: walking of {file:///workspace/code-server/config/extensions/continue.continue-1.2.22-linux-x64/out/node_modules/workerpool} finished
2026/06/07 01:10:07 walker.go:217: walking of {file:///workspace/code-server/config/extensions/continue.continue-1.2.22-linux-x64/out/node_modules} finished
2026/06/07 01:10:07 discover.go:26: bus: -> Discover /workspace/code-server/config/extensions/continue.continue-1.2.22-linux-x64/out/tree-sitter-wasms
2026/06/07 01:10:07 walker.go:217: walking of {file:///workspace/code-server/config/extensions/continue.continue-1.2.22-linux-x64/out/tree-sitter-wasms} finished
2026/06/07 01:10:07 walker.go:217: walking of {file:///workspace/code-server/config/extensions/continue.continue-1.2.22-linux-x64/out} finished
2026/06/07 01:10:07 discover.go:26: bus: -> Discover /workspace/code-server/config/extensions/continue.continue-1.2.22-linux-x64/tag-qry
2026/06/07 01:10:07 walker.go:217: walking of {file:///workspace/code-server/config/extensions/continue.continue-1.2.22-linux-x64/tag-qry} finished
2026/06/07 01:10:07 discover.go:26: bus: -> Discover /workspace/code-server/config/extensions/continue.continue-1.2.22-linux-x64/textmate-syntaxes
2026/06/07 01:10:07 walker.go:217: walking of {file:///workspace/code-server/config/extensions/continue.continue-1.2.22-linux-x64/textmate-syntaxes} finished
2026/06/07 01:10:07 discover.go:26: bus: -> Discover /workspace/code-server/config/extensions/continue.continue-1.2.22-linux-x64/tree-sitter
2026/06/07 01:10:07 discover.go:26: bus: -> Discover /workspace/code-server/config/extensions/continue.continue-1.2.22-linux-x64/tree-sitter/code-snippet-queries
2026/06/07 01:10:07 walker.go:217: walking of {file:///workspace/code-server/config/extensions/continue.continue-1.2.22-linux-x64/tree-sitter/code-snippet-queries} finished
2026/06/07 01:10:07 discover.go:26: bus: -> Discover /workspace/code-server/config/extensions/continue.continue-1.2.22-linux-x64/tree-sitter/import-queries
2026/06/07 01:10:07 walker.go:217: walking of {file:///workspace/code-server/config/extensions/continue.continue-1.2.22-linux-x64/tree-sitter/import-queries} finished
2026/06/07 01:10:07 discover.go:26: bus: -> Discover /workspace/code-server/config/extensions/continue.continue-1.2.22-linux-x64/tree-sitter/root-path-context-queries
2026/06/07 01:10:07 discover.go:26: bus: -> Discover /workspace/code-server/config/extensions/continue.continue-1.2.22-linux-x64/tree-sitter/root-path-context-queries/cpp
2026/06/07 01:10:07 walker.go:217: walking of {file:///workspace/code-server/config/extensions/continue.continue-1.2.22-linux-x64/tree-sitter/root-path-context-queries/cpp} finished
2026/06/07 01:10:07 discover.go:26: bus: -> Discover /workspace/code-server/config/extensions/continue.continue-1.2.22-linux-x64/tree-sitter/root-path-context-queries/go
2026/06/07 01:10:07 walker.go:217: walking of {file:///workspace/code-server/config/extensions/continue.continue-1.2.22-linux-x64/tree-sitter/root-path-context-queries/go} finished
2026/06/07 01:10:07 discover.go:26: bus: -> Discover /workspace/code-server/config/extensions/continue.continue-1.2.22-linux-x64/tree-sitter/root-path-context-queries/java
2026/06/07 01:10:07 walker.go:217: walking of {file:///workspace/code-server/config/extensions/continue.continue-1.2.22-linux-x64/tree-sitter/root-path-context-queries/java} finished
2026/06/07 01:10:07 discover.go:26: bus: -> Discover /workspace/code-server/config/extensions/continue.continue-1.2.22-linux-x64/tree-sitter/root-path-context-queries/php
2026/06/07 01:10:07 walker.go:217: walking of {file:///workspace/code-server/config/extensions/continue.continue-1.2.22-linux-x64/tree-sitter/root-path-context-queries/php} finished
2026/06/07 01:10:07 discover.go:26: bus: -> Discover /workspace/code-server/config/extensions/continue.continue-1.2.22-linux-x64/tree-sitter/root-path-context-queries/python
2026/06/07 01:10:07 walker.go:217: walking of {file:///workspace/code-server/config/extensions/continue.continue-1.2.22-linux-x64/tree-sitter/root-path-context-queries/python} finished
2026/06/07 01:10:07 discover.go:26: bus: -> Discover /workspace/code-server/config/extensions/continue.continue-1.2.22-linux-x64/tree-sitter/root-path-context-queries/typescript
2026/06/07 01:10:07 walker.go:217: walking of {file:///workspace/code-server/config/extensions/continue.continue-1.2.22-linux-x64/tree-sitter/root-path-context-queries/typescript} finished
2026/06/07 01:10:07 walker.go:217: walking of {file:///workspace/code-server/config/extensions/continue.continue-1.2.22-linux-x64/tree-sitter/root-path-context-queries} finished
2026/06/07 01:10:07 discover.go:26: bus: -> Discover /workspace/code-server/config/extensions/continue.continue-1.2.22-linux-x64/tree-sitter/static-context-queries
2026/06/07 01:10:07 discover.go:26: bus: -> Discover /workspace/code-server/config/extensions/continue.continue-1.2.22-linux-x64/tree-sitter/static-context-queries/hole-queries
2026/06/07 01:10:07 walker.go:217: walking of {file:///workspace/code-server/config/extensions/continue.continue-1.2.22-linux-x64/tree-sitter/static-context-queries/hole-queries} finished
2026/06/07 01:10:07 discover.go:26: bus: -> Discover /workspace/code-server/config/extensions/continue.continue-1.2.22-linux-x64/tree-sitter/static-context-queries/relevant-headers-queries
2026/06/07 01:10:07 walker.go:217: walking of {file:///workspace/code-server/config/extensions/continue.continue-1.2.22-linux-x64/tree-sitter/static-context-queries/relevant-headers-queries} finished
2026/06/07 01:10:07 discover.go:26: bus: -> Discover /workspace/code-server/config/extensions/continue.continue-1.2.22-linux-x64/tree-sitter/static-context-queries/relevant-types-queries
2026/06/07 01:10:07 walker.go:217: walking of {file:///workspace/code-server/config/extensions/continue.continue-1.2.22-linux-x64/tree-sitter/static-context-queries/relevant-types-queries} finished
2026/06/07 01:10:07 walker.go:217: walking of {file:///workspace/code-server/config/extensions/continue.continue-1.2.22-linux-x64/tree-sitter/static-context-queries} finished
2026/06/07 01:10:07 walker.go:217: walking of {file:///workspace/code-server/config/extensions/continue.continue-1.2.22-linux-x64/tree-sitter} finished
2026/06/07 01:10:07 walker.go:217: walking of {file:///workspace/code-server/config/extensions/continue.continue-1.2.22-linux-x64} finished
2026/06/07 01:10:07 discover.go:26: bus: -> Discover /workspace/code-server/config/extensions/eamodio.gitlens-18.0.0-universal
2026/06/07 01:10:07 discover.go:26: bus: -> Discover /workspace/code-server/config/extensions/eamodio.gitlens-18.0.0-universal/dist
2026/06/07 01:10:07 discover.go:26: bus: -> Discover /workspace/code-server/config/extensions/eamodio.gitlens-18.0.0-universal/dist/browser
2026/06/07 01:10:07 walker.go:217: walking of {file:///workspace/code-server/config/extensions/eamodio.gitlens-18.0.0-universal/dist/browser} finished
2026/06/07 01:10:07 discover.go:26: bus: -> Discover /workspace/code-server/config/extensions/eamodio.gitlens-18.0.0-universal/dist/webviews
2026/06/07 01:10:07 discover.go:26: bus: -> Discover /workspace/code-server/config/extensions/eamodio.gitlens-18.0.0-universal/dist/webviews/media
2026/06/07 01:10:07 walker.go:217: walking of {file:///workspace/code-server/config/extensions/eamodio.gitlens-18.0.0-universal/dist/webviews/media} finished
2026/06/07 01:10:07 walker.go:217: walking of {file:///workspace/code-server/config/extensions/eamodio.gitlens-18.0.0-universal/dist/webviews} finished
2026/06/07 01:10:07 walker.go:217: walking of {file:///workspace/code-server/config/extensions/eamodio.gitlens-18.0.0-universal/dist} finished
2026/06/07 01:10:07 discover.go:26: bus: -> Discover /workspace/code-server/config/extensions/eamodio.gitlens-18.0.0-universal/images
2026/06/07 01:10:07 discover.go:26: bus: -> Discover /workspace/code-server/config/extensions/eamodio.gitlens-18.0.0-universal/images/dark
2026/06/07 01:10:07 walker.go:217: walking of {file:///workspace/code-server/config/extensions/eamodio.gitlens-18.0.0-universal/images/dark} finished
2026/06/07 01:10:07 discover.go:26: bus: -> Discover /workspace/code-server/config/extensions/eamodio.gitlens-18.0.0-universal/images/light
2026/06/07 01:10:07 walker.go:217: walking of {file:///workspace/code-server/config/extensions/eamodio.gitlens-18.0.0-universal/images/light} finished
2026/06/07 01:10:07 walker.go:217: walking of {file:///workspace/code-server/config/extensions/eamodio.gitlens-18.0.0-universal/images} finished
2026/06/07 01:10:07 discover.go:26: bus: -> Discover /workspace/code-server/config/extensions/eamodio.gitlens-18.0.0-universal/walkthroughs
2026/06/07 01:10:07 discover.go:26: bus: -> Discover /workspace/code-server/config/extensions/eamodio.gitlens-18.0.0-universal/walkthroughs/welcome
2026/06/07 01:10:07 discover.go:26: bus: -> Discover /workspace/code-server/config/extensions/eamodio.gitlens-18.0.0-universal/walkthroughs/welcome/thumbnails
2026/06/07 01:10:07 walker.go:217: walking of {file:///workspace/code-server/config/extensions/eamodio.gitlens-18.0.0-universal/walkthroughs/welcome/thumbnails} finished
2026/06/07 01:10:07 walker.go:217: walking of {file:///workspace/code-server/config/extensions/eamodio.gitlens-18.0.0-universal/walkthroughs/welcome} finished
2026/06/07 01:10:07 walker.go:217: walking of {file:///workspace/code-server/config/extensions/eamodio.gitlens-18.0.0-universal/walkthroughs} finished
2026/06/07 01:10:07 walker.go:217: walking of {file:///workspace/code-server/config/extensions/eamodio.gitlens-18.0.0-universal} finished
2026/06/07 01:10:07 discover.go:26: bus: -> Discover /workspace/code-server/config/extensions/gruntfuggly.todo-tree-0.0.215-universal
2026/06/07 01:10:07 discover.go:26: bus: -> Discover /workspace/code-server/config/extensions/gruntfuggly.todo-tree-0.0.215-universal/dist
2026/06/07 01:10:07 walker.go:217: walking of {file:///workspace/code-server/config/extensions/gruntfuggly.todo-tree-0.0.215-universal/dist} finished
2026/06/07 01:10:07 discover.go:26: bus: -> Discover /workspace/code-server/config/extensions/gruntfuggly.todo-tree-0.0.215-universal/resources
2026/06/07 01:10:07 discover.go:26: bus: -> Discover /workspace/code-server/config/extensions/gruntfuggly.todo-tree-0.0.215-universal/resources/button-icons
2026/06/07 01:10:07 walker.go:217: walking of {file:///workspace/code-server/config/extensions/gruntfuggly.todo-tree-0.0.215-universal/resources/button-icons} finished
2026/06/07 01:10:07 discover.go:26: bus: -> Discover /workspace/code-server/config/extensions/gruntfuggly.todo-tree-0.0.215-universal/resources/icons
2026/06/07 01:10:07 discover.go:26: bus: -> Discover /workspace/code-server/config/extensions/gruntfuggly.todo-tree-0.0.215-universal/resources/icons/dark
2026/06/07 01:10:07 walker.go:217: walking of {file:///workspace/code-server/config/extensions/gruntfuggly.todo-tree-0.0.215-universal/resources/icons/dark} finished
2026/06/07 01:10:07 discover.go:26: bus: -> Discover /workspace/code-server/config/extensions/gruntfuggly.todo-tree-0.0.215-universal/resources/icons/light
2026/06/07 01:10:07 walker.go:217: walking of {file:///workspace/code-server/config/extensions/gruntfuggly.todo-tree-0.0.215-universal/resources/icons/light} finished
2026/06/07 01:10:07 walker.go:217: walking of {file:///workspace/code-server/config/extensions/gruntfuggly.todo-tree-0.0.215-universal/resources/icons} finished
2026/06/07 01:10:07 walker.go:217: walking of {file:///workspace/code-server/config/extensions/gruntfuggly.todo-tree-0.0.215-universal/resources} finished
2026/06/07 01:10:07 discover.go:26: bus: -> Discover /workspace/code-server/config/extensions/gruntfuggly.todo-tree-0.0.215-universal/testfiles
2026/06/07 01:10:07 discover.go:26: bus: -> Discover /workspace/code-server/config/extensions/gruntfuggly.todo-tree-0.0.215-universal/testfiles/one
2026/06/07 01:10:07 discover.go:26: bus: -> Discover /workspace/code-server/config/extensions/gruntfuggly.todo-tree-0.0.215-universal/testfiles/one/two
2026/06/07 01:10:07 walker.go:217: walking of {file:///workspace/code-server/config/extensions/gruntfuggly.todo-tree-0.0.215-universal/testfiles/one/two} finished
2026/06/07 01:10:07 walker.go:217: walking of {file:///workspace/code-server/config/extensions/gruntfuggly.todo-tree-0.0.215-universal/testfiles/one} finished
2026/06/07 01:10:07 walker.go:217: walking of {file:///workspace/code-server/config/extensions/gruntfuggly.todo-tree-0.0.215-universal/testfiles} finished
2026/06/07 01:10:07 walker.go:217: walking of {file:///workspace/code-server/config/extensions/gruntfuggly.todo-tree-0.0.215-universal} finished
2026/06/07 01:10:07 discover.go:26: bus: -> Discover /workspace/code-server/config/extensions/hashicorp.terraform-2.39.2-linux-x64
2026/06/07 01:10:07 discover.go:26: bus: -> Discover /workspace/code-server/config/extensions/hashicorp.terraform-2.39.2-linux-x64/assets
2026/06/07 01:10:07 discover.go:26: bus: -> Discover /workspace/code-server/config/extensions/hashicorp.terraform-2.39.2-linux-x64/assets/icons
2026/06/07 01:10:07 walker.go:217: walking of {file:///workspace/code-server/config/extensions/hashicorp.terraform-2.39.2-linux-x64/assets/icons} finished
2026/06/07 01:10:07 walker.go:217: walking of {file:///workspace/code-server/config/extensions/hashicorp.terraform-2.39.2-linux-x64/assets} finished
2026/06/07 01:10:07 discover.go:26: bus: -> Discover /workspace/code-server/config/extensions/hashicorp.terraform-2.39.2-linux-x64/bin
2026/06/07 01:10:07 walker.go:217: walking of {file:///workspace/code-server/config/extensions/hashicorp.terraform-2.39.2-linux-x64/bin} finished
2026/06/07 01:10:07 discover.go:26: bus: -> Discover /workspace/code-server/config/extensions/hashicorp.terraform-2.39.2-linux-x64/dist
2026/06/07 01:10:07 discover.go:26: bus: -> Discover /workspace/code-server/config/extensions/hashicorp.terraform-2.39.2-linux-x64/dist/web
2026/06/07 01:10:07 walker.go:217: walking of {file:///workspace/code-server/config/extensions/hashicorp.terraform-2.39.2-linux-x64/dist/web} finished
2026/06/07 01:10:07 walker.go:217: walking of {file:///workspace/code-server/config/extensions/hashicorp.terraform-2.39.2-linux-x64/dist} finished
2026/06/07 01:10:07 discover.go:26: bus: -> Discover /workspace/code-server/config/extensions/hashicorp.terraform-2.39.2-linux-x64/syntaxes
2026/06/07 01:10:07 walker.go:217: walking of {file:///workspace/code-server/config/extensions/hashicorp.terraform-2.39.2-linux-x64/syntaxes} finished
2026/06/07 01:10:07 walker.go:217: walking of {file:///workspace/code-server/config/extensions/hashicorp.terraform-2.39.2-linux-x64} finished
2026/06/07 01:10:07 discover.go:26: bus: -> Discover /workspace/code-server/config/extensions/ms-azuretools.vscode-containers-2.4.5-universal
2026/06/07 01:10:07 discover.go:26: bus: -> Discover /workspace/code-server/config/extensions/ms-azuretools.vscode-containers-2.4.5-universal/dist
2026/06/07 01:10:07 discover.go:26: bus: -> Discover /workspace/code-server/config/extensions/ms-azuretools.vscode-containers-2.4.5-universal/dist/compose-language-service
2026/06/07 01:10:07 discover.go:26: bus: -> Discover /workspace/code-server/config/extensions/ms-azuretools.vscode-containers-2.4.5-universal/dist/compose-language-service/lib
2026/06/07 01:10:07 walker.go:217: walking of {file:///workspace/code-server/config/extensions/ms-azuretools.vscode-containers-2.4.5-universal/dist/compose-language-service/lib} finished
2026/06/07 01:10:07 walker.go:217: walking of {file:///workspace/code-server/config/extensions/ms-azuretools.vscode-containers-2.4.5-universal/dist/compose-language-service} finished
2026/06/07 01:10:07 discover.go:26: bus: -> Discover /workspace/code-server/config/extensions/ms-azuretools.vscode-containers-2.4.5-universal/dist/dockerfile-language-server-nodejs
2026/06/07 01:10:07 discover.go:26: bus: -> Discover /workspace/code-server/config/extensions/ms-azuretools.vscode-containers-2.4.5-universal/dist/dockerfile-language-server-nodejs/lib
2026/06/07 01:10:07 walker.go:217: walking of {file:///workspace/code-server/config/extensions/ms-azuretools.vscode-containers-2.4.5-universal/dist/dockerfile-language-server-nodejs/lib} finished
2026/06/07 01:10:07 walker.go:217: walking of {file:///workspace/code-server/config/extensions/ms-azuretools.vscode-containers-2.4.5-universal/dist/dockerfile-language-server-nodejs} finished
2026/06/07 01:10:07 discover.go:26: bus: -> Discover /workspace/code-server/config/extensions/ms-azuretools.vscode-containers-2.4.5-universal/dist/node_modules
2026/06/07 01:10:07 discover.go:26: bus: -> Discover /workspace/code-server/config/extensions/ms-azuretools.vscode-containers-2.4.5-universal/dist/node_modules/@microsoft
2026/06/07 01:10:07 discover.go:26: bus: -> Discover /workspace/code-server/config/extensions/ms-azuretools.vscode-containers-2.4.5-universal/dist/node_modules/@microsoft/vscode-azext-azureutils
2026/06/07 01:10:07 discover.go:26: bus: -> Discover /workspace/code-server/config/extensions/ms-azuretools.vscode-containers-2.4.5-universal/dist/node_modules/@microsoft/vscode-azext-azureutils/resources
2026/06/07 01:10:07 walker.go:217: walking of {file:///workspace/code-server/config/extensions/ms-azuretools.vscode-containers-2.4.5-universal/dist/node_modules/@microsoft/vscode-azext-azureutils/resources} finished
2026/06/07 01:10:07 walker.go:217: walking of {file:///workspace/code-server/config/extensions/ms-azuretools.vscode-containers-2.4.5-universal/dist/node_modules/@microsoft/vscode-azext-azureutils} finished
2026/06/07 01:10:07 walker.go:217: walking of {file:///workspace/code-server/config/extensions/ms-azuretools.vscode-containers-2.4.5-universal/dist/node_modules/@microsoft} finished
2026/06/07 01:10:07 walker.go:217: walking of {file:///workspace/code-server/config/extensions/ms-azuretools.vscode-containers-2.4.5-universal/dist/node_modules} finished
2026/06/07 01:10:07 walker.go:217: walking of {file:///workspace/code-server/config/extensions/ms-azuretools.vscode-containers-2.4.5-universal/dist} finished
2026/06/07 01:10:07 discover.go:26: bus: -> Discover /workspace/code-server/config/extensions/ms-azuretools.vscode-containers-2.4.5-universal/resources
2026/06/07 01:10:07 discover.go:26: bus: -> Discover /workspace/code-server/config/extensions/ms-azuretools.vscode-containers-2.4.5-universal/resources/dark
2026/06/07 01:10:07 walker.go:217: walking of {file:///workspace/code-server/config/extensions/ms-azuretools.vscode-containers-2.4.5-universal/resources/dark} finished
2026/06/07 01:10:07 discover.go:26: bus: -> Discover /workspace/code-server/config/extensions/ms-azuretools.vscode-containers-2.4.5-universal/resources/light
2026/06/07 01:10:07 walker.go:217: walking of {file:///workspace/code-server/config/extensions/ms-azuretools.vscode-containers-2.4.5-universal/resources/light} finished
2026/06/07 01:10:07 discover.go:26: bus: -> Discover /workspace/code-server/config/extensions/ms-azuretools.vscode-containers-2.4.5-universal/resources/netCore
2026/06/07 01:10:07 walker.go:217: walking of {file:///workspace/code-server/config/extensions/ms-azuretools.vscode-containers-2.4.5-universal/resources/netCore} finished
2026/06/07 01:10:07 discover.go:26: bus: -> Discover /workspace/code-server/config/extensions/ms-azuretools.vscode-containers-2.4.5-universal/resources/python
2026/06/07 01:10:07 walker.go:217: walking of {file:///workspace/code-server/config/extensions/ms-azuretools.vscode-containers-2.4.5-universal/resources/python} finished
2026/06/07 01:10:07 discover.go:26: bus: -> Discover /workspace/code-server/config/extensions/ms-azuretools.vscode-containers-2.4.5-universal/resources/templates
2026/06/07 01:10:07 discover.go:26: bus: -> Discover /workspace/code-server/config/extensions/ms-azuretools.vscode-containers-2.4.5-universal/resources/templates/cpp
2026/06/07 01:10:07 walker.go:217: walking of {file:///workspace/code-server/config/extensions/ms-azuretools.vscode-containers-2.4.5-universal/resources/templates/cpp} finished
2026/06/07 01:10:07 discover.go:26: bus: -> Discover /workspace/code-server/config/extensions/ms-azuretools.vscode-containers-2.4.5-universal/resources/templates/go
2026/06/07 01:10:07 walker.go:217: walking of {file:///workspace/code-server/config/extensions/ms-azuretools.vscode-containers-2.4.5-universal/resources/templates/go} finished
2026/06/07 01:10:07 discover.go:26: bus: -> Discover /workspace/code-server/config/extensions/ms-azuretools.vscode-containers-2.4.5-universal/resources/templates/java
2026/06/07 01:10:07 walker.go:217: walking of {file:///workspace/code-server/config/extensions/ms-azuretools.vscode-containers-2.4.5-universal/resources/templates/java} finished
2026/06/07 01:10:07 discover.go:26: bus: -> Discover /workspace/code-server/config/extensions/ms-azuretools.vscode-containers-2.4.5-universal/resources/templates/netCore
2026/06/07 01:10:07 walker.go:217: walking of {file:///workspace/code-server/config/extensions/ms-azuretools.vscode-containers-2.4.5-universal/resources/templates/netCore} finished
2026/06/07 01:10:07 discover.go:26: bus: -> Discover /workspace/code-server/config/extensions/ms-azuretools.vscode-containers-2.4.5-universal/resources/templates/node
2026/06/07 01:10:07 walker.go:217: walking of {file:///workspace/code-server/config/extensions/ms-azuretools.vscode-containers-2.4.5-universal/resources/templates/node} finished
2026/06/07 01:10:07 discover.go:26: bus: -> Discover /workspace/code-server/config/extensions/ms-azuretools.vscode-containers-2.4.5-universal/resources/templates/other
2026/06/07 01:10:07 walker.go:217: walking of {file:///workspace/code-server/config/extensions/ms-azuretools.vscode-containers-2.4.5-universal/resources/templates/other} finished
2026/06/07 01:10:07 discover.go:26: bus: -> Discover /workspace/code-server/config/extensions/ms-azuretools.vscode-containers-2.4.5-universal/resources/templates/python
2026/06/07 01:10:07 walker.go:217: walking of {file:///workspace/code-server/config/extensions/ms-azuretools.vscode-containers-2.4.5-universal/resources/templates/python} finished
2026/06/07 01:10:07 discover.go:26: bus: -> Discover /workspace/code-server/config/extensions/ms-azuretools.vscode-containers-2.4.5-universal/resources/templates/ruby
2026/06/07 01:10:07 walker.go:217: walking of {file:///workspace/code-server/config/extensions/ms-azuretools.vscode-containers-2.4.5-universal/resources/templates/ruby} finished
2026/06/07 01:10:07 walker.go:217: walking of {file:///workspace/code-server/config/extensions/ms-azuretools.vscode-containers-2.4.5-universal/resources/templates} finished
2026/06/07 01:10:07 discover.go:26: bus: -> Discover /workspace/code-server/config/extensions/ms-azuretools.vscode-containers-2.4.5-universal/resources/walkthroughs
2026/06/07 01:10:07 walker.go:217: walking of {file:///workspace/code-server/config/extensions/ms-azuretools.vscode-containers-2.4.5-universal/resources/walkthroughs} finished
2026/06/07 01:10:07 walker.go:217: walking of {file:///workspace/code-server/config/extensions/ms-azuretools.vscode-containers-2.4.5-universal/resources} finished
2026/06/07 01:10:07 walker.go:217: walking of {file:///workspace/code-server/config/extensions/ms-azuretools.vscode-containers-2.4.5-universal} finished
2026/06/07 01:10:07 discover.go:26: bus: -> Discover /workspace/code-server/config/extensions/ms-azuretools.vscode-docker-2.0.0-universal
2026/06/07 01:10:07 discover.go:26: bus: -> Discover /workspace/code-server/config/extensions/ms-azuretools.vscode-docker-2.0.0-universal/resources
2026/06/07 01:10:07 discover.go:26: bus: -> Discover /workspace/code-server/config/extensions/ms-azuretools.vscode-docker-2.0.0-universal/resources/walkthroughs
2026/06/07 01:10:07 walker.go:217: walking of {file:///workspace/code-server/config/extensions/ms-azuretools.vscode-docker-2.0.0-universal/resources/walkthroughs} finished
2026/06/07 01:10:07 walker.go:217: walking of {file:///workspace/code-server/config/extensions/ms-azuretools.vscode-docker-2.0.0-universal/resources} finished
2026/06/07 01:10:07 walker.go:217: walking of {file:///workspace/code-server/config/extensions/ms-azuretools.vscode-docker-2.0.0-universal} finished
2026/06/07 01:10:07 discover.go:26: bus: -> Discover /workspace/code-server/config/extensions/ms-python.debugpy-2026.6.0-linux-x64
2026/06/07 01:10:07 discover.go:26: bus: -> Discover /workspace/code-server/config/extensions/ms-python.debugpy-2026.6.0-linux-x64/.config
2026/06/07 01:10:07 discover.go:26: bus: -> Discover /workspace/code-server/config/extensions/ms-python.debugpy-2026.6.0-linux-x64/.config/1espt
2026/06/07 01:10:07 walker.go:217: walking of {file:///workspace/code-server/config/extensions/ms-python.debugpy-2026.6.0-linux-x64/.config/1espt} finished
2026/06/07 01:10:07 discover.go:26: bus: -> Discover /workspace/code-server/config/extensions/ms-python.debugpy-2026.6.0-linux-x64/.config/guardian
2026/06/07 01:10:07 walker.go:217: walking of {file:///workspace/code-server/config/extensions/ms-python.debugpy-2026.6.0-linux-x64/.config/guardian} finished
2026/06/07 01:10:07 walker.go:217: walking of {file:///workspace/code-server/config/extensions/ms-python.debugpy-2026.6.0-linux-x64/.config} finished
2026/06/07 01:10:07 discover.go:26: bus: -> Discover /workspace/code-server/config/extensions/ms-python.debugpy-2026.6.0-linux-x64/bundled
2026/06/07 01:10:07 discover.go:26: bus: -> Discover /workspace/code-server/config/extensions/ms-python.debugpy-2026.6.0-linux-x64/bundled/libs
2026/06/07 01:10:07 discover.go:26: bus: -> Discover /workspace/code-server/config/extensions/ms-python.debugpy-2026.6.0-linux-x64/bundled/libs/debugpy
2026/06/07 01:10:07 discover.go:26: bus: -> Discover /workspace/code-server/config/extensions/ms-python.debugpy-2026.6.0-linux-x64/bundled/libs/debugpy/_vendored
2026/06/07 01:10:07 discover.go:26: bus: -> Discover /workspace/code-server/config/extensions/ms-python.debugpy-2026.6.0-linux-x64/bundled/libs/debugpy/_vendored/pydevd
2026/06/07 01:10:07 discover.go:26: bus: -> Discover /workspace/code-server/config/extensions/ms-python.debugpy-2026.6.0-linux-x64/bundled/libs/debugpy/_vendored/pydevd/_pydev_bundle
2026/06/07 01:10:07 discover.go:26: bus: -> Discover /workspace/code-server/config/extensions/ms-python.debugpy-2026.6.0-linux-x64/bundled/libs/debugpy/_vendored/pydevd/_pydev_bundle/fsnotify
2026/06/07 01:10:07 walker.go:217: walking of {file:///workspace/code-server/config/extensions/ms-python.debugpy-2026.6.0-linux-x64/bundled/libs/debugpy/_vendored/pydevd/_pydev_bundle/fsnotify} finished
2026/06/07 01:10:07 walker.go:217: walking of {file:///workspace/code-server/config/extensions/ms-python.debugpy-2026.6.0-linux-x64/bundled/libs/debugpy/_vendored/pydevd/_pydev_bundle} finished
2026/06/07 01:10:07 discover.go:26: bus: -> Discover /workspace/code-server/config/extensions/ms-python.debugpy-2026.6.0-linux-x64/bundled/libs/debugpy/_vendored/pydevd/_pydev_runfiles
2026/06/07 01:10:07 walker.go:217: walking of {file:///workspace/code-server/config/extensions/ms-python.debugpy-2026.6.0-linux-x64/bundled/libs/debugpy/_vendored/pydevd/_pydev_runfiles} finished
2026/06/07 01:10:07 discover.go:26: bus: -> Discover /workspace/code-server/config/extensions/ms-python.debugpy-2026.6.0-linux-x64/bundled/libs/debugpy/_vendored/pydevd/_pydevd_bundle
2026/06/07 01:10:07 discover.go:26: bus: -> Discover /workspace/code-server/config/extensions/ms-python.debugpy-2026.6.0-linux-x64/bundled/libs/debugpy/_vendored/pydevd/_pydevd_bundle/_debug_adapter
2026/06/07 01:10:07 walker.go:217: walking of {file:///workspace/code-server/config/extensions/ms-python.debugpy-2026.6.0-linux-x64/bundled/libs/debugpy/_vendored/pydevd/_pydevd_bundle/_debug_adapter} finished
2026/06/07 01:10:07 discover.go:26: bus: -> Discover /workspace/code-server/config/extensions/ms-python.debugpy-2026.6.0-linux-x64/bundled/libs/debugpy/_vendored/pydevd/_pydevd_bundle/pydevd_concurrency_analyser
2026/06/07 01:10:07 walker.go:217: walking of {file:///workspace/code-server/config/extensions/ms-python.debugpy-2026.6.0-linux-x64/bundled/libs/debugpy/_vendored/pydevd/_pydevd_bundle/pydevd_concurrency_analyser} finished
2026/06/07 01:10:07 walker.go:217: walking of {file:///workspace/code-server/config/extensions/ms-python.debugpy-2026.6.0-linux-x64/bundled/libs/debugpy/_vendored/pydevd/_pydevd_bundle} finished
2026/06/07 01:10:07 discover.go:26: bus: -> Discover /workspace/code-server/config/extensions/ms-python.debugpy-2026.6.0-linux-x64/bundled/libs/debugpy/_vendored/pydevd/_pydevd_frame_eval
2026/06/07 01:10:07 opts.go:215: Received response for callback "1"
2026/06/07 01:10:07 discover.go:26: bus: -> Discover /workspace/code-server/config/extensions/ms-python.debugpy-2026.6.0-linux-x64/bundled/libs/debugpy/_vendored/pydevd/_pydevd_frame_eval/vendored
2026/06/07 01:10:07 discover.go:26: bus: -> Discover /workspace/code-server/config/extensions/ms-python.debugpy-2026.6.0-linux-x64/bundled/libs/debugpy/_vendored/pydevd/_pydevd_frame_eval/vendored/bytecode
2026/06/07 01:10:07 discover.go:26: bus: -> Discover /workspace/code-server/config/extensions/ms-python.debugpy-2026.6.0-linux-x64/bundled/libs/debugpy/_vendored/pydevd/_pydevd_frame_eval/vendored/bytecode/tests
2026/06/07 01:10:07 walker.go:217: walking of {file:///workspace/code-server/config/extensions/ms-python.debugpy-2026.6.0-linux-x64/bundled/libs/debugpy/_vendored/pydevd/_pydevd_frame_eval/vendored/bytecode/tests} finished
2026/06/07 01:10:07 walker.go:217: walking of {file:///workspace/code-server/config/extensions/ms-python.debugpy-2026.6.0-linux-x64/bundled/libs/debugpy/_vendored/pydevd/_pydevd_frame_eval/vendored/bytecode} finished
2026/06/07 01:10:07 walker.go:217: walking of {file:///workspace/code-server/config/extensions/ms-python.debugpy-2026.6.0-linux-x64/bundled/libs/debugpy/_vendored/pydevd/_pydevd_frame_eval/vendored} finished
2026/06/07 01:10:07 walker.go:217: walking of {file:///workspace/code-server/config/extensions/ms-python.debugpy-2026.6.0-linux-x64/bundled/libs/debugpy/_vendored/pydevd/_pydevd_frame_eval} finished
2026/06/07 01:10:07 discover.go:26: bus: -> Discover /workspace/code-server/config/extensions/ms-python.debugpy-2026.6.0-linux-x64/bundled/libs/debugpy/_vendored/pydevd/_pydevd_sys_monitoring
2026/06/07 01:10:07 walker.go:217: walking of {file:///workspace/code-server/config/extensions/ms-python.debugpy-2026.6.0-linux-x64/bundled/libs/debugpy/_vendored/pydevd/_pydevd_sys_monitoring} finished
2026/06/07 01:10:07 discover.go:26: bus: -> Discover /workspace/code-server/config/extensions/ms-python.debugpy-2026.6.0-linux-x64/bundled/libs/debugpy/_vendored/pydevd/pydev_ipython
2026/06/07 01:10:07 walker.go:217: walking of {file:///workspace/code-server/config/extensions/ms-python.debugpy-2026.6.0-linux-x64/bundled/libs/debugpy/_vendored/pydevd/pydev_ipython} finished
2026/06/07 01:10:07 discover.go:26: bus: -> Discover /workspace/code-server/config/extensions/ms-python.debugpy-2026.6.0-linux-x64/bundled/libs/debugpy/_vendored/pydevd/pydev_sitecustomize
2026/06/07 01:10:07 walker.go:217: walking of {file:///workspace/code-server/config/extensions/ms-python.debugpy-2026.6.0-linux-x64/bundled/libs/debugpy/_vendored/pydevd/pydev_sitecustomize} finished
2026/06/07 01:10:07 discover.go:26: bus: -> Discover /workspace/code-server/config/extensions/ms-python.debugpy-2026.6.0-linux-x64/bundled/libs/debugpy/_vendored/pydevd/pydevd_attach_to_process
2026/06/07 01:10:07 discover.go:26: bus: -> Discover /workspace/code-server/config/extensions/ms-python.debugpy-2026.6.0-linux-x64/bundled/libs/debugpy/_vendored/pydevd/pydevd_attach_to_process/common
2026/06/07 01:10:07 walker.go:217: walking of {file:///workspace/code-server/config/extensions/ms-python.debugpy-2026.6.0-linux-x64/bundled/libs/debugpy/_vendored/pydevd/pydevd_attach_to_process/common} finished
2026/06/07 01:10:07 discover.go:26: bus: -> Discover /workspace/code-server/config/extensions/ms-python.debugpy-2026.6.0-linux-x64/bundled/libs/debugpy/_vendored/pydevd/pydevd_attach_to_process/linux_and_mac
2026/06/07 01:10:07 walker.go:217: walking of {file:///workspace/code-server/config/extensions/ms-python.debugpy-2026.6.0-linux-x64/bundled/libs/debugpy/_vendored/pydevd/pydevd_attach_to_process/linux_and_mac} finished
2026/06/07 01:10:07 discover.go:26: bus: -> Discover /workspace/code-server/config/extensions/ms-python.debugpy-2026.6.0-linux-x64/bundled/libs/debugpy/_vendored/pydevd/pydevd_attach_to_process/winappdbg
2026/06/07 01:10:07 discover.go:26: bus: -> Discover /workspace/code-server/config/extensions/ms-python.debugpy-2026.6.0-linux-x64/bundled/libs/debugpy/_vendored/pydevd/pydevd_attach_to_process/winappdbg/win32
2026/06/07 01:10:07 walker.go:217: walking of {file:///workspace/code-server/config/extensions/ms-python.debugpy-2026.6.0-linux-x64/bundled/libs/debugpy/_vendored/pydevd/pydevd_attach_to_process/winappdbg/win32} finished
2026/06/07 01:10:07 walker.go:217: walking of {file:///workspace/code-server/config/extensions/ms-python.debugpy-2026.6.0-linux-x64/bundled/libs/debugpy/_vendored/pydevd/pydevd_attach_to_process/winappdbg} finished
2026/06/07 01:10:07 discover.go:26: bus: -> Discover /workspace/code-server/config/extensions/ms-python.debugpy-2026.6.0-linux-x64/bundled/libs/debugpy/_vendored/pydevd/pydevd_attach_to_process/windows
2026/06/07 01:10:07 walker.go:217: walking of {file:///workspace/code-server/config/extensions/ms-python.debugpy-2026.6.0-linux-x64/bundled/libs/debugpy/_vendored/pydevd/pydevd_attach_to_process/windows} finished
2026/06/07 01:10:07 walker.go:217: walking of {file:///workspace/code-server/config/extensions/ms-python.debugpy-2026.6.0-linux-x64/bundled/libs/debugpy/_vendored/pydevd/pydevd_attach_to_process} finished
2026/06/07 01:10:07 discover.go:26: bus: -> Discover /workspace/code-server/config/extensions/ms-python.debugpy-2026.6.0-linux-x64/bundled/libs/debugpy/_vendored/pydevd/pydevd_plugins
2026/06/07 01:10:07 discover.go:26: bus: -> Discover /workspace/code-server/config/extensions/ms-python.debugpy-2026.6.0-linux-x64/bundled/libs/debugpy/_vendored/pydevd/pydevd_plugins/extensions
2026/06/07 01:10:07 discover.go:26: bus: -> Discover /workspace/code-server/config/extensions/ms-python.debugpy-2026.6.0-linux-x64/bundled/libs/debugpy/_vendored/pydevd/pydevd_plugins/extensions/types
2026/06/07 01:10:07 walker.go:217: walking of {file:///workspace/code-server/config/extensions/ms-python.debugpy-2026.6.0-linux-x64/bundled/libs/debugpy/_vendored/pydevd/pydevd_plugins/extensions/types} finished
2026/06/07 01:10:07 walker.go:217: walking of {file:///workspace/code-server/config/extensions/ms-python.debugpy-2026.6.0-linux-x64/bundled/libs/debugpy/_vendored/pydevd/pydevd_plugins/extensions} finished
2026/06/07 01:10:07 walker.go:217: walking of {file:///workspace/code-server/config/extensions/ms-python.debugpy-2026.6.0-linux-x64/bundled/libs/debugpy/_vendored/pydevd/pydevd_plugins} finished
2026/06/07 01:10:07 walker.go:217: walking of {file:///workspace/code-server/config/extensions/ms-python.debugpy-2026.6.0-linux-x64/bundled/libs/debugpy/_vendored/pydevd} finished
2026/06/07 01:10:07 walker.go:217: walking of {file:///workspace/code-server/config/extensions/ms-python.debugpy-2026.6.0-linux-x64/bundled/libs/debugpy/_vendored} finished
2026/06/07 01:10:07 discover.go:26: bus: -> Discover /workspace/code-server/config/extensions/ms-python.debugpy-2026.6.0-linux-x64/bundled/libs/debugpy/adapter
2026/06/07 01:10:07 walker.go:217: walking of {file:///workspace/code-server/config/extensions/ms-python.debugpy-2026.6.0-linux-x64/bundled/libs/debugpy/adapter} finished
2026/06/07 01:10:07 discover.go:26: bus: -> Discover /workspace/code-server/config/extensions/ms-python.debugpy-2026.6.0-linux-x64/bundled/libs/debugpy/common
2026/06/07 01:10:07 walker.go:217: walking of {file:///workspace/code-server/config/extensions/ms-python.debugpy-2026.6.0-linux-x64/bundled/libs/debugpy/common} finished
2026/06/07 01:10:07 discover.go:26: bus: -> Discover /workspace/code-server/config/extensions/ms-python.debugpy-2026.6.0-linux-x64/bundled/libs/debugpy/launcher
2026/06/07 01:10:07 walker.go:217: walking of {file:///workspace/code-server/config/extensions/ms-python.debugpy-2026.6.0-linux-x64/bundled/libs/debugpy/launcher} finished
2026/06/07 01:10:07 discover.go:26: bus: -> Discover /workspace/code-server/config/extensions/ms-python.debugpy-2026.6.0-linux-x64/bundled/libs/debugpy/server
2026/06/07 01:10:07 walker.go:217: walking of {file:///workspace/code-server/config/extensions/ms-python.debugpy-2026.6.0-linux-x64/bundled/libs/debugpy/server} finished
2026/06/07 01:10:07 walker.go:217: walking of {file:///workspace/code-server/config/extensions/ms-python.debugpy-2026.6.0-linux-x64/bundled/libs/debugpy} finished
2026/06/07 01:10:07 discover.go:26: bus: -> Discover /workspace/code-server/config/extensions/ms-python.debugpy-2026.6.0-linux-x64/bundled/libs/debugpy-1.8.20.dist-info
2026/06/07 01:10:07 discover.go:26: bus: -> Discover /workspace/code-server/config/extensions/ms-python.debugpy-2026.6.0-linux-x64/bundled/libs/debugpy-1.8.20.dist-info/licenses
2026/06/07 01:10:07 walker.go:217: walking of {file:///workspace/code-server/config/extensions/ms-python.debugpy-2026.6.0-linux-x64/bundled/libs/debugpy-1.8.20.dist-info/licenses} finished
2026/06/07 01:10:07 walker.go:217: walking of {file:///workspace/code-server/config/extensions/ms-python.debugpy-2026.6.0-linux-x64/bundled/libs/debugpy-1.8.20.dist-info} finished
2026/06/07 01:10:07 discover.go:26: bus: -> Discover /workspace/code-server/config/extensions/ms-python.debugpy-2026.6.0-linux-x64/bundled/libs/packaging
2026/06/07 01:10:07 discover.go:26: bus: -> Discover /workspace/code-server/config/extensions/ms-python.debugpy-2026.6.0-linux-x64/bundled/libs/packaging/licenses
2026/06/07 01:10:07 walker.go:217: walking of {file:///workspace/code-server/config/extensions/ms-python.debugpy-2026.6.0-linux-x64/bundled/libs/packaging/licenses} finished
2026/06/07 01:10:07 walker.go:217: walking of {file:///workspace/code-server/config/extensions/ms-python.debugpy-2026.6.0-linux-x64/bundled/libs/packaging} finished
2026/06/07 01:10:07 discover.go:26: bus: -> Discover /workspace/code-server/config/extensions/ms-python.debugpy-2026.6.0-linux-x64/bundled/libs/packaging-24.2.dist-info
2026/06/07 01:10:07 walker.go:217: walking of {file:///workspace/code-server/config/extensions/ms-python.debugpy-2026.6.0-linux-x64/bundled/libs/packaging-24.2.dist-info} finished
2026/06/07 01:10:07 walker.go:217: walking of {file:///workspace/code-server/config/extensions/ms-python.debugpy-2026.6.0-linux-x64/bundled/libs} finished
2026/06/07 01:10:07 discover.go:26: bus: -> Discover /workspace/code-server/config/extensions/ms-python.debugpy-2026.6.0-linux-x64/bundled/scripts
2026/06/07 01:10:07 discover.go:26: bus: -> Discover /workspace/code-server/config/extensions/ms-python.debugpy-2026.6.0-linux-x64/bundled/scripts/noConfigScripts
2026/06/07 01:10:07 walker.go:217: walking of {file:///workspace/code-server/config/extensions/ms-python.debugpy-2026.6.0-linux-x64/bundled/scripts/noConfigScripts} finished
2026/06/07 01:10:07 walker.go:217: walking of {file:///workspace/code-server/config/extensions/ms-python.debugpy-2026.6.0-linux-x64/bundled/scripts} finished
2026/06/07 01:10:07 walker.go:217: walking of {file:///workspace/code-server/config/extensions/ms-python.debugpy-2026.6.0-linux-x64/bundled} finished
2026/06/07 01:10:07 discover.go:26: bus: -> Discover /workspace/code-server/config/extensions/ms-python.debugpy-2026.6.0-linux-x64/dist
2026/06/07 01:10:07 walker.go:217: walking of {file:///workspace/code-server/config/extensions/ms-python.debugpy-2026.6.0-linux-x64/dist} finished
2026/06/07 01:10:07 discover.go:26: bus: -> Discover /workspace/code-server/config/extensions/ms-python.debugpy-2026.6.0-linux-x64/resources
2026/06/07 01:10:07 walker.go:217: walking of {file:///workspace/code-server/config/extensions/ms-python.debugpy-2026.6.0-linux-x64/resources} finished
2026/06/07 01:10:07 walker.go:217: walking of {file:///workspace/code-server/config/extensions/ms-python.debugpy-2026.6.0-linux-x64} finished
2026/06/07 01:10:07 discover.go:26: bus: -> Discover /workspace/code-server/config/extensions/ms-python.python-2026.4.0-universal
2026/06/07 01:10:07 discover.go:26: bus: -> Discover /workspace/code-server/config/extensions/ms-python.python-2026.4.0-universal/.eslintplugin
2026/06/07 01:10:07 walker.go:217: walking of {file:///workspace/code-server/config/extensions/ms-python.python-2026.4.0-universal/.eslintplugin} finished
2026/06/07 01:10:07 discover.go:26: bus: -> Discover /workspace/code-server/config/extensions/ms-python.python-2026.4.0-universal/dist
2026/06/07 01:10:07 walker.go:217: walking of {file:///workspace/code-server/config/extensions/ms-python.python-2026.4.0-universal/dist} finished
2026/06/07 01:10:07 discover.go:26: bus: -> Discover /workspace/code-server/config/extensions/ms-python.python-2026.4.0-universal/images
2026/06/07 01:10:07 walker.go:217: walking of {file:///workspace/code-server/config/extensions/ms-python.python-2026.4.0-universal/images} finished
2026/06/07 01:10:07 discover.go:26: bus: -> Discover /workspace/code-server/config/extensions/ms-python.python-2026.4.0-universal/languages
2026/06/07 01:10:07 walker.go:217: walking of {file:///workspace/code-server/config/extensions/ms-python.python-2026.4.0-universal/languages} finished
2026/06/07 01:10:07 discover.go:26: bus: -> Discover /workspace/code-server/config/extensions/ms-python.python-2026.4.0-universal/out
2026/06/07 01:10:07 discover.go:26: bus: -> Discover /workspace/code-server/config/extensions/ms-python.python-2026.4.0-universal/out/client
2026/06/07 01:10:07 discover.go:26: bus: -> Discover /workspace/code-server/config/extensions/ms-python.python-2026.4.0-universal/out/client/node_modules
2026/06/07 01:10:07 discover.go:26: bus: -> Discover /workspace/code-server/config/extensions/ms-python.python-2026.4.0-universal/out/client/node_modules/unicode
2026/06/07 01:10:07 discover.go:26: bus: -> Discover /workspace/code-server/config/extensions/ms-python.python-2026.4.0-universal/out/client/node_modules/unicode/category
2026/06/07 01:10:07 walker.go:217: walking of {file:///workspace/code-server/config/extensions/ms-python.python-2026.4.0-universal/out/client/node_modules/unicode/category} finished
2026/06/07 01:10:07 walker.go:217: walking of {file:///workspace/code-server/config/extensions/ms-python.python-2026.4.0-universal/out/client/node_modules/unicode} finished
2026/06/07 01:10:07 walker.go:217: walking of {file:///workspace/code-server/config/extensions/ms-python.python-2026.4.0-universal/out/client/node_modules} finished
2026/06/07 01:10:07 walker.go:217: walking of {file:///workspace/code-server/config/extensions/ms-python.python-2026.4.0-universal/out/client} finished
2026/06/07 01:10:07 walker.go:217: walking of {file:///workspace/code-server/config/extensions/ms-python.python-2026.4.0-universal/out} finished
2026/06/07 01:10:07 discover.go:26: bus: -> Discover /workspace/code-server/config/extensions/ms-python.python-2026.4.0-universal/python_files
2026/06/07 01:10:07 walker.go:204: skipping ignored dir name: .vscode
2026/06/07 01:10:07 discover.go:26: bus: -> Discover /workspace/code-server/config/extensions/ms-python.python-2026.4.0-universal/python_files/deactivate
2026/06/07 01:10:07 discover.go:26: bus: -> Discover /workspace/code-server/config/extensions/ms-python.python-2026.4.0-universal/python_files/deactivate/bash
2026/06/07 01:10:07 walker.go:217: walking of {file:///workspace/code-server/config/extensions/ms-python.python-2026.4.0-universal/python_files/deactivate/bash} finished
2026/06/07 01:10:07 discover.go:26: bus: -> Discover /workspace/code-server/config/extensions/ms-python.python-2026.4.0-universal/python_files/deactivate/fish
2026/06/07 01:10:07 walker.go:217: walking of {file:///workspace/code-server/config/extensions/ms-python.python-2026.4.0-universal/python_files/deactivate/fish} finished
2026/06/07 01:10:07 discover.go:26: bus: -> Discover /workspace/code-server/config/extensions/ms-python.python-2026.4.0-universal/python_files/deactivate/powershell
2026/06/07 01:10:07 walker.go:217: walking of {file:///workspace/code-server/config/extensions/ms-python.python-2026.4.0-universal/python_files/deactivate/powershell} finished
2026/06/07 01:10:07 discover.go:26: bus: -> Discover /workspace/code-server/config/extensions/ms-python.python-2026.4.0-universal/python_files/deactivate/zsh
2026/06/07 01:10:07 walker.go:217: walking of {file:///workspace/code-server/config/extensions/ms-python.python-2026.4.0-universal/python_files/deactivate/zsh} finished
2026/06/07 01:10:07 walker.go:217: walking of {file:///workspace/code-server/config/extensions/ms-python.python-2026.4.0-universal/python_files/deactivate} finished
2026/06/07 01:10:07 discover.go:26: bus: -> Discover /workspace/code-server/config/extensions/ms-python.python-2026.4.0-universal/python_files/jedilsp_requirements
2026/06/07 01:10:07 walker.go:217: walking of {file:///workspace/code-server/config/extensions/ms-python.python-2026.4.0-universal/python_files/jedilsp_requirements} finished
2026/06/07 01:10:07 discover.go:26: bus: -> Discover /workspace/code-server/config/extensions/ms-python.python-2026.4.0-universal/python_files/lib
2026/06/07 01:10:07 discover.go:26: bus: -> Discover /workspace/code-server/config/extensions/ms-python.python-2026.4.0-universal/python_files/lib/jedilsp
2026/06/07 01:10:07 discover.go:26: bus: -> Discover /workspace/code-server/config/extensions/ms-python.python-2026.4.0-universal/python_files/lib/jedilsp/attr
2026/06/07 01:10:07 walker.go:217: walking of {file:///workspace/code-server/config/extensions/ms-python.python-2026.4.0-universal/python_files/lib/jedilsp/attr} finished
2026/06/07 01:10:07 discover.go:26: bus: -> Discover /workspace/code-server/config/extensions/ms-python.python-2026.4.0-universal/python_files/lib/jedilsp/attrs
2026/06/07 01:10:07 walker.go:217: walking of {file:///workspace/code-server/config/extensions/ms-python.python-2026.4.0-universal/python_files/lib/jedilsp/attrs} finished
2026/06/07 01:10:07 discover.go:26: bus: -> Discover /workspace/code-server/config/extensions/ms-python.python-2026.4.0-universal/python_files/lib/jedilsp/attrs-25.3.0.dist-info
2026/06/07 01:10:07 discover.go:26: bus: -> Discover /workspace/code-server/config/extensions/ms-python.python-2026.4.0-universal/python_files/lib/jedilsp/attrs-25.3.0.dist-info/licenses
2026/06/07 01:10:07 walker.go:217: walking of {file:///workspace/code-server/config/extensions/ms-python.python-2026.4.0-universal/python_files/lib/jedilsp/attrs-25.3.0.dist-info/licenses} finished
2026/06/07 01:10:07 walker.go:217: walking of {file:///workspace/code-server/config/extensions/ms-python.python-2026.4.0-universal/python_files/lib/jedilsp/attrs-25.3.0.dist-info} finished
2026/06/07 01:10:07 discover.go:26: bus: -> Discover /workspace/code-server/config/extensions/ms-python.python-2026.4.0-universal/python_files/lib/jedilsp/cattr
2026/06/07 01:10:07 discover.go:26: bus: -> Discover /workspace/code-server/config/extensions/ms-python.python-2026.4.0-universal/python_files/lib/jedilsp/cattr/preconf
2026/06/07 01:10:07 walker.go:217: walking of {file:///workspace/code-server/config/extensions/ms-python.python-2026.4.0-universal/python_files/lib/jedilsp/cattr/preconf} finished
2026/06/07 01:10:07 walker.go:217: walking of {file:///workspace/code-server/config/extensions/ms-python.python-2026.4.0-universal/python_files/lib/jedilsp/cattr} finished
2026/06/07 01:10:07 discover.go:26: bus: -> Discover /workspace/code-server/config/extensions/ms-python.python-2026.4.0-universal/python_files/lib/jedilsp/cattrs
2026/06/07 01:10:07 discover.go:26: bus: -> Discover /workspace/code-server/config/extensions/ms-python.python-2026.4.0-universal/python_files/lib/jedilsp/cattrs/gen
2026/06/07 01:10:07 walker.go:217: walking of {file:///workspace/code-server/config/extensions/ms-python.python-2026.4.0-universal/python_files/lib/jedilsp/cattrs/gen} finished
2026/06/07 01:10:07 discover.go:26: bus: -> Discover /workspace/code-server/config/extensions/ms-python.python-2026.4.0-universal/python_files/lib/jedilsp/cattrs/preconf
2026/06/07 01:10:07 walker.go:217: walking of {file:///workspace/code-server/config/extensions/ms-python.python-2026.4.0-universal/python_files/lib/jedilsp/cattrs/preconf} finished
2026/06/07 01:10:07 discover.go:26: bus: -> Discover /workspace/code-server/config/extensions/ms-python.python-2026.4.0-universal/python_files/lib/jedilsp/cattrs/strategies
2026/06/07 01:10:07 walker.go:217: walking of {file:///workspace/code-server/config/extensions/ms-python.python-2026.4.0-universal/python_files/lib/jedilsp/cattrs/strategies} finished
2026/06/07 01:10:07 walker.go:217: walking of {file:///workspace/code-server/config/extensions/ms-python.python-2026.4.0-universal/python_files/lib/jedilsp/cattrs} finished
2026/06/07 01:10:07 discover.go:26: bus: -> Discover /workspace/code-server/config/extensions/ms-python.python-2026.4.0-universal/python_files/lib/jedilsp/cattrs-25.2.0.dist-info
2026/06/07 01:10:07 discover.go:26: bus: -> Discover /workspace/code-server/config/extensions/ms-python.python-2026.4.0-universal/python_files/lib/jedilsp/cattrs-25.2.0.dist-info/licenses
2026/06/07 01:10:07 walker.go:217: walking of {file:///workspace/code-server/config/extensions/ms-python.python-2026.4.0-universal/python_files/lib/jedilsp/cattrs-25.2.0.dist-info/licenses} finished
2026/06/07 01:10:07 walker.go:217: walking of {file:///workspace/code-server/config/extensions/ms-python.python-2026.4.0-universal/python_files/lib/jedilsp/cattrs-25.2.0.dist-info} finished
2026/06/07 01:10:07 discover.go:26: bus: -> Discover /workspace/code-server/config/extensions/ms-python.python-2026.4.0-universal/python_files/lib/jedilsp/docstring_to_markdown
2026/06/07 01:10:07 walker.go:217: walking of {file:///workspace/code-server/config/extensions/ms-python.python-2026.4.0-universal/python_files/lib/jedilsp/docstring_to_markdown} finished
2026/06/07 01:10:07 discover.go:26: bus: -> Discover /workspace/code-server/config/extensions/ms-python.python-2026.4.0-universal/python_files/lib/jedilsp/docstring_to_markdown-0.17.dist-info
2026/06/07 01:10:07 discover.go:26: bus: -> Discover /workspace/code-server/config/extensions/ms-python.python-2026.4.0-universal/python_files/lib/jedilsp/docstring_to_markdown-0.17.dist-info/licenses
2026/06/07 01:10:07 walker.go:217: walking of {file:///workspace/code-server/config/extensions/ms-python.python-2026.4.0-universal/python_files/lib/jedilsp/docstring_to_markdown-0.17.dist-info/licenses} finished
2026/06/07 01:10:07 walker.go:217: walking of {file:///workspace/code-server/config/extensions/ms-python.python-2026.4.0-universal/python_files/lib/jedilsp/docstring_to_markdown-0.17.dist-info} finished
2026/06/07 01:10:07 discover.go:26: bus: -> Discover /workspace/code-server/config/extensions/ms-python.python-2026.4.0-universal/python_files/lib/jedilsp/exceptiongroup
2026/06/07 01:10:07 walker.go:217: walking of {file:///workspace/code-server/config/extensions/ms-python.python-2026.4.0-universal/python_files/lib/jedilsp/exceptiongroup} finished
2026/06/07 01:10:07 discover.go:26: bus: -> Discover /workspace/code-server/config/extensions/ms-python.python-2026.4.0-universal/python_files/lib/jedilsp/exceptiongroup-1.3.0.dist-info
2026/06/07 01:10:07 discover.go:26: bus: -> Discover /workspace/code-server/config/extensions/ms-python.python-2026.4.0-universal/python_files/lib/jedilsp/exceptiongroup-1.3.0.dist-info/licenses
2026/06/07 01:10:07 walker.go:217: walking of {file:///workspace/code-server/config/extensions/ms-python.python-2026.4.0-universal/python_files/lib/jedilsp/exceptiongroup-1.3.0.dist-info/licenses} finished
2026/06/07 01:10:07 walker.go:217: walking of {file:///workspace/code-server/config/extensions/ms-python.python-2026.4.0-universal/python_files/lib/jedilsp/exceptiongroup-1.3.0.dist-info} finished
2026/06/07 01:10:07 discover.go:26: bus: -> Discover /workspace/code-server/config/extensions/ms-python.python-2026.4.0-universal/python_files/lib/jedilsp/importlib_metadata
2026/06/07 01:10:07 discover.go:26: bus: -> Discover /workspace/code-server/config/extensions/ms-python.python-2026.4.0-universal/python_files/lib/jedilsp/importlib_metadata/compat
2026/06/07 01:10:07 walker.go:217: walking of {file:///workspace/code-server/config/extensions/ms-python.python-2026.4.0-universal/python_files/lib/jedilsp/importlib_metadata/compat} finished
2026/06/07 01:10:07 walker.go:217: walking of {file:///workspace/code-server/config/extensions/ms-python.python-2026.4.0-universal/python_files/lib/jedilsp/importlib_metadata} finished
2026/06/07 01:10:07 discover.go:26: bus: -> Discover /workspace/code-server/config/extensions/ms-python.python-2026.4.0-universal/python_files/lib/jedilsp/importlib_metadata-8.7.0.dist-info
2026/06/07 01:10:07 discover.go:26: bus: -> Discover /workspace/code-server/config/extensions/ms-python.python-2026.4.0-universal/python_files/lib/jedilsp/importlib_metadata-8.7.0.dist-info/licenses
2026/06/07 01:10:07 walker.go:217: walking of {file:///workspace/code-server/config/extensions/ms-python.python-2026.4.0-universal/python_files/lib/jedilsp/importlib_metadata-8.7.0.dist-info/licenses} finished
2026/06/07 01:10:07 walker.go:217: walking of {file:///workspace/code-server/config/extensions/ms-python.python-2026.4.0-universal/python_files/lib/jedilsp/importlib_metadata-8.7.0.dist-info} finished
2026/06/07 01:10:07 discover.go:26: bus: -> Discover /workspace/code-server/config/extensions/ms-python.python-2026.4.0-universal/python_files/lib/jedilsp/jedi
2026/06/07 01:10:07 discover.go:26: bus: -> Discover /workspace/code-server/config/extensions/ms-python.python-2026.4.0-universal/python_files/lib/jedilsp/jedi/api
2026/06/07 01:10:07 discover.go:26: bus: -> Discover /workspace/code-server/config/extensions/ms-python.python-2026.4.0-universal/python_files/lib/jedilsp/jedi/api/refactoring
2026/06/07 01:10:07 walker.go:217: walking of {file:///workspace/code-server/config/extensions/ms-python.python-2026.4.0-universal/python_files/lib/jedilsp/jedi/api/refactoring} finished
2026/06/07 01:10:07 walker.go:217: walking of {file:///workspace/code-server/config/extensions/ms-python.python-2026.4.0-universal/python_files/lib/jedilsp/jedi/api} finished
2026/06/07 01:10:07 discover.go:26: bus: -> Discover /workspace/code-server/config/extensions/ms-python.python-2026.4.0-universal/python_files/lib/jedilsp/jedi/inference
2026/06/07 01:10:07 discover.go:26: bus: -> Discover /workspace/code-server/config/extensions/ms-python.python-2026.4.0-universal/python_files/lib/jedilsp/jedi/inference/compiled
2026/06/07 01:10:07 discover.go:26: bus: -> Discover /workspace/code-server/config/extensions/ms-python.python-2026.4.0-universal/python_files/lib/jedilsp/jedi/inference/compiled/subprocess
2026/06/07 01:10:07 walker.go:217: walking of {file:///workspace/code-server/config/extensions/ms-python.python-2026.4.0-universal/python_files/lib/jedilsp/jedi/inference/compiled/subprocess} finished
2026/06/07 01:10:07 walker.go:217: walking of {file:///workspace/code-server/config/extensions/ms-python.python-2026.4.0-universal/python_files/lib/jedilsp/jedi/inference/compiled} finished
2026/06/07 01:10:07 discover.go:26: bus: -> Discover /workspace/code-server/config/extensions/ms-python.python-2026.4.0-universal/python_files/lib/jedilsp/jedi/inference/gradual
2026/06/07 01:10:07 walker.go:217: walking of {file:///workspace/code-server/config/extensions/ms-python.python-2026.4.0-universal/python_files/lib/jedilsp/jedi/inference/gradual} finished
2026/06/07 01:10:07 discover.go:26: bus: -> Discover /workspace/code-server/config/extensions/ms-python.python-2026.4.0-universal/python_files/lib/jedilsp/jedi/inference/value
2026/06/07 01:10:07 walker.go:217: walking of {file:///workspace/code-server/config/extensions/ms-python.python-2026.4.0-universal/python_files/lib/jedilsp/jedi/inference/value} finished
2026/06/07 01:10:07 walker.go:217: walking of {file:///workspace/code-server/config/extensions/ms-python.python-2026.4.0-universal/python_files/lib/jedilsp/jedi/inference} finished
2026/06/07 01:10:07 discover.go:26: bus: -> Discover /workspace/code-server/config/extensions/ms-python.python-2026.4.0-universal/python_files/lib/jedilsp/jedi/plugins
2026/06/07 01:10:07 walker.go:217: walking of {file:///workspace/code-server/config/extensions/ms-python.python-2026.4.0-universal/python_files/lib/jedilsp/jedi/plugins} finished
2026/06/07 01:10:07 discover.go:26: bus: -> Discover /workspace/code-server/config/extensions/ms-python.python-2026.4.0-universal/python_files/lib/jedilsp/jedi/third_party
2026/06/07 01:10:07 discover.go:26: bus: -> Discover /workspace/code-server/config/extensions/ms-python.python-2026.4.0-universal/python_files/lib/jedilsp/jedi/third_party/django-stubs
2026/06/07 01:10:07 discover.go:26: bus: -> Discover /workspace/code-server/config/extensions/ms-python.python-2026.4.0-universal/python_files/lib/jedilsp/jedi/third_party/django-stubs/django-stubs
2026/06/07 01:10:07 discover.go:26: bus: -> Discover /workspace/code-server/config/extensions/ms-python.python-2026.4.0-universal/python_files/lib/jedilsp/jedi/third_party/django-stubs/django-stubs/apps
2026/06/07 01:10:07 walker.go:217: walking of {file:///workspace/code-server/config/extensions/ms-python.python-2026.4.0-universal/python_files/lib/jedilsp/jedi/third_party/django-stubs/django-stubs/apps} finished
2026/06/07 01:10:07 discover.go:26: bus: -> Discover /workspace/code-server/config/extensions/ms-python.python-2026.4.0-universal/python_files/lib/jedilsp/jedi/third_party/django-stubs/django-stubs/conf
2026/06/07 01:10:07 discover.go:26: bus: -> Discover /workspace/code-server/config/extensions/ms-python.python-2026.4.0-universal/python_files/lib/jedilsp/jedi/third_party/django-stubs/django-stubs/conf/locale
2026/06/07 01:10:07 walker.go:217: walking of {file:///workspace/code-server/config/extensions/ms-python.python-2026.4.0-universal/python_files/lib/jedilsp/jedi/third_party/django-stubs/django-stubs/conf/locale} finished
2026/06/07 01:10:07 discover.go:26: bus: -> Discover /workspace/code-server/config/extensions/ms-python.python-2026.4.0-universal/python_files/lib/jedilsp/jedi/third_party/django-stubs/django-stubs/conf/urls
2026/06/07 01:10:07 walker.go:217: walking of {file:///workspace/code-server/config/extensions/ms-python.python-2026.4.0-universal/python_files/lib/jedilsp/jedi/third_party/django-stubs/django-stubs/conf/urls} finished
2026/06/07 01:10:07 walker.go:217: walking of {file:///workspace/code-server/config/extensions/ms-python.python-2026.4.0-universal/python_files/lib/jedilsp/jedi/third_party/django-stubs/django-stubs/conf} finished
2026/06/07 01:10:07 discover.go:26: bus: -> Discover /workspace/code-server/config/extensions/ms-python.python-2026.4.0-universal/python_files/lib/jedilsp/jedi/third_party/django-stubs/django-stubs/contrib
2026/06/07 01:10:07 discover.go:26: bus: -> Discover /workspace/code-server/config/extensions/ms-python.python-2026.4.0-universal/python_files/lib/jedilsp/jedi/third_party/django-stubs/django-stubs/contrib/admin
2026/06/07 01:10:07 discover.go:26: bus: -> Discover /workspace/code-server/config/extensions/ms-python.python-2026.4.0-universal/python_files/lib/jedilsp/jedi/third_party/django-stubs/django-stubs/contrib/admin/templatetags
2026/06/07 01:10:07 walker.go:217: walking of {file:///workspace/code-server/config/extensions/ms-python.python-2026.4.0-universal/python_files/lib/jedilsp/jedi/third_party/django-stubs/django-stubs/contrib/admin/templatetags} finished
2026/06/07 01:10:07 discover.go:26: bus: -> Discover /workspace/code-server/config/extensions/ms-python.python-2026.4.0-universal/python_files/lib/jedilsp/jedi/third_party/django-stubs/django-stubs/contrib/admin/views
2026/06/07 01:10:07 walker.go:217: walking of {file:///workspace/code-server/config/extensions/ms-python.python-2026.4.0-universal/python_files/lib/jedilsp/jedi/third_party/django-stubs/django-stubs/contrib/admin/views} finished
2026/06/07 01:10:07 walker.go:217: walking of {file:///workspace/code-server/config/extensions/ms-python.python-2026.4.0-universal/python_files/lib/jedilsp/jedi/third_party/django-stubs/django-stubs/contrib/admin} finished
2026/06/07 01:10:07 discover.go:26: bus: -> Discover /workspace/code-server/config/extensions/ms-python.python-2026.4.0-universal/python_files/lib/jedilsp/jedi/third_party/django-stubs/django-stubs/contrib/admindocs
2026/06/07 01:10:07 walker.go:217: walking of {file:///workspace/code-server/config/extensions/ms-python.python-2026.4.0-universal/python_files/lib/jedilsp/jedi/third_party/django-stubs/django-stubs/contrib/admindocs} finished
2026/06/07 01:10:07 discover.go:26: bus: -> Discover /workspace/code-server/config/extensions/ms-python.python-2026.4.0-universal/python_files/lib/jedilsp/jedi/third_party/django-stubs/django-stubs/contrib/auth
2026/06/07 01:10:07 discover.go:26: bus: -> Discover /workspace/code-server/config/extensions/ms-python.python-2026.4.0-universal/python_files/lib/jedilsp/jedi/third_party/django-stubs/django-stubs/contrib/auth/handlers
2026/06/07 01:10:07 walker.go:217: walking of {file:///workspace/code-server/config/extensions/ms-python.python-2026.4.0-universal/python_files/lib/jedilsp/jedi/third_party/django-stubs/django-stubs/contrib/auth/handlers} finished
2026/06/07 01:10:07 discover.go:26: bus: -> Discover /workspace/code-server/config/extensions/ms-python.python-2026.4.0-universal/python_files/lib/jedilsp/jedi/third_party/django-stubs/django-stubs/contrib/auth/management
2026/06/07 01:10:07 discover.go:26: bus: -> Discover /workspace/code-server/config/extensions/ms-python.python-2026.4.0-universal/python_files/lib/jedilsp/jedi/third_party/django-stubs/django-stubs/contrib/auth/management/commands
2026/06/07 01:10:07 walker.go:217: walking of {file:///workspace/code-server/config/extensions/ms-python.python-2026.4.0-universal/python_files/lib/jedilsp/jedi/third_party/django-stubs/django-stubs/contrib/auth/management/commands} finished
2026/06/07 01:10:07 walker.go:217: walking of {file:///workspace/code-server/config/extensions/ms-python.python-2026.4.0-universal/python_files/lib/jedilsp/jedi/third_party/django-stubs/django-stubs/contrib/auth/management} finished
2026/06/07 01:10:07 walker.go:217: walking of {file:///workspace/code-server/config/extensions/ms-python.python-2026.4.0-universal/python_files/lib/jedilsp/jedi/third_party/django-stubs/django-stubs/contrib/auth} finished
2026/06/07 01:10:07 discover.go:26: bus: -> Discover /workspace/code-server/config/extensions/ms-python.python-2026.4.0-universal/python_files/lib/jedilsp/jedi/third_party/django-stubs/django-stubs/contrib/contenttypes
2026/06/07 01:10:07 discover.go:26: bus: -> Discover /workspace/code-server/config/extensions/ms-python.python-2026.4.0-universal/python_files/lib/jedilsp/jedi/third_party/django-stubs/django-stubs/contrib/contenttypes/management
2026/06/07 01:10:07 discover.go:26: bus: -> Discover /workspace/code-server/config/extensions/ms-python.python-2026.4.0-universal/python_files/lib/jedilsp/jedi/third_party/django-stubs/django-stubs/contrib/contenttypes/management/commands
2026/06/07 01:10:07 walker.go:217: walking of {file:///workspace/code-server/config/extensions/ms-python.python-2026.4.0-universal/python_files/lib/jedilsp/jedi/third_party/django-stubs/django-stubs/contrib/contenttypes/management/commands} finished
2026/06/07 01:10:07 walker.go:217: walking of {file:///workspace/code-server/config/extensions/ms-python.python-2026.4.0-universal/python_files/lib/jedilsp/jedi/third_party/django-stubs/django-stubs/contrib/contenttypes/management} finished
2026/06/07 01:10:07 walker.go:217: walking of {file:///workspace/code-server/config/extensions/ms-python.python-2026.4.0-universal/python_files/lib/jedilsp/jedi/third_party/django-stubs/django-stubs/contrib/contenttypes} finished
2026/06/07 01:10:07 discover.go:26: bus: -> Discover /workspace/code-server/config/extensions/ms-python.python-2026.4.0-universal/python_files/lib/jedilsp/jedi/third_party/django-stubs/django-stubs/contrib/flatpages
2026/06/07 01:10:07 discover.go:26: bus: -> Discover /workspace/code-server/config/extensions/ms-python.python-2026.4.0-universal/python_files/lib/jedilsp/jedi/third_party/django-stubs/django-stubs/contrib/flatpages/templatetags
2026/06/07 01:10:07 walker.go:217: walking of {file:///workspace/code-server/config/extensions/ms-python.python-2026.4.0-universal/python_files/lib/jedilsp/jedi/third_party/django-stubs/django-stubs/contrib/flatpages/templatetags} finished
2026/06/07 01:10:07 walker.go:217: walking of {file:///workspace/code-server/config/extensions/ms-python.python-2026.4.0-universal/python_files/lib/jedilsp/jedi/third_party/django-stubs/django-stubs/contrib/flatpages} finished
2026/06/07 01:10:07 discover.go:26: bus: -> Discover /workspace/code-server/config/extensions/ms-python.python-2026.4.0-universal/python_files/lib/jedilsp/jedi/third_party/django-stubs/django-stubs/contrib/gis
2026/06/07 01:10:07 discover.go:26: bus: -> Discover /workspace/code-server/config/extensions/ms-python.python-2026.4.0-universal/python_files/lib/jedilsp/jedi/third_party/django-stubs/django-stubs/contrib/gis/db
2026/06/07 01:10:07 discover.go:26: bus: -> Discover /workspace/code-server/config/extensions/ms-python.python-2026.4.0-universal/python_files/lib/jedilsp/jedi/third_party/django-stubs/django-stubs/contrib/gis/db/models
2026/06/07 01:10:07 walker.go:217: walking of {file:///workspace/code-server/config/extensions/ms-python.python-2026.4.0-universal/python_files/lib/jedilsp/jedi/third_party/django-stubs/django-stubs/contrib/gis/db/models} finished
2026/06/07 01:10:07 walker.go:217: walking of {file:///workspace/code-server/config/extensions/ms-python.python-2026.4.0-universal/python_files/lib/jedilsp/jedi/third_party/django-stubs/django-stubs/contrib/gis/db} finished
2026/06/07 01:10:07 walker.go:217: walking of {file:///workspace/code-server/config/extensions/ms-python.python-2026.4.0-universal/python_files/lib/jedilsp/jedi/third_party/django-stubs/django-stubs/contrib/gis} finished
2026/06/07 01:10:07 discover.go:26: bus: -> Discover /workspace/code-server/config/extensions/ms-python.python-2026.4.0-universal/python_files/lib/jedilsp/jedi/third_party/django-stubs/django-stubs/contrib/humanize
2026/06/07 01:10:07 discover.go:26: bus: -> Discover /workspace/code-server/config/extensions/ms-python.python-2026.4.0-universal/python_files/lib/jedilsp/jedi/third_party/django-stubs/django-stubs/contrib/humanize/templatetags
2026/06/07 01:10:07 walker.go:217: walking of {file:///workspace/code-server/config/extensions/ms-python.python-2026.4.0-universal/python_files/lib/jedilsp/jedi/third_party/django-stubs/django-stubs/contrib/humanize/templatetags} finished
2026/06/07 01:10:07 walker.go:217: walking of {file:///workspace/code-server/config/extensions/ms-python.python-2026.4.0-universal/python_files/lib/jedilsp/jedi/third_party/django-stubs/django-stubs/contrib/humanize} finished
2026/06/07 01:10:07 discover.go:26: bus: -> Discover /workspace/code-server/config/extensions/ms-python.python-2026.4.0-universal/python_files/lib/jedilsp/jedi/third_party/django-stubs/django-stubs/contrib/messages
2026/06/07 01:10:07 discover.go:26: bus: -> Discover /workspace/code-server/config/extensions/ms-python.python-2026.4.0-universal/python_files/lib/jedilsp/jedi/third_party/django-stubs/django-stubs/contrib/messages/storage
2026/06/07 01:10:07 walker.go:217: walking of {file:///workspace/code-server/config/extensions/ms-python.python-2026.4.0-universal/python_files/lib/jedilsp/jedi/third_party/django-stubs/django-stubs/contrib/messages/storage} finished
2026/06/07 01:10:07 walker.go:217: walking of {file:///workspace/code-server/config/extensions/ms-python.python-2026.4.0-universal/python_files/lib/jedilsp/jedi/third_party/django-stubs/django-stubs/contrib/messages} finished
2026/06/07 01:10:07 discover.go:26: bus: -> Discover /workspace/code-server/config/extensions/ms-python.python-2026.4.0-universal/python_files/lib/jedilsp/jedi/third_party/django-stubs/django-stubs/contrib/postgres
2026/06/07 01:10:07 discover.go:26: bus: -> Discover /workspace/code-server/config/extensions/ms-python.python-2026.4.0-universal/python_files/lib/jedilsp/jedi/third_party/django-stubs/django-stubs/contrib/postgres/aggregates
2026/06/07 01:10:07 walker.go:217: walking of {file:///workspace/code-server/config/extensions/ms-python.python-2026.4.0-universal/python_files/lib/jedilsp/jedi/third_party/django-stubs/django-stubs/contrib/postgres/aggregates} finished
2026/06/07 01:10:07 discover.go:26: bus: -> Discover /workspace/code-server/config/extensions/ms-python.python-2026.4.0-universal/python_files/lib/jedilsp/jedi/third_party/django-stubs/django-stubs/contrib/postgres/fields
2026/06/07 01:10:07 walker.go:217: walking of {file:///workspace/code-server/config/extensions/ms-python.python-2026.4.0-universal/python_files/lib/jedilsp/jedi/third_party/django-stubs/django-stubs/contrib/postgres/fields} finished
2026/06/07 01:10:07 walker.go:217: walking of {file:///workspace/code-server/config/extensions/ms-python.python-2026.4.0-universal/python_files/lib/jedilsp/jedi/third_party/django-stubs/django-stubs/contrib/postgres} finished
2026/06/07 01:10:07 discover.go:26: bus: -> Discover /workspace/code-server/config/extensions/ms-python.python-2026.4.0-universal/python_files/lib/jedilsp/jedi/third_party/django-stubs/django-stubs/contrib/redirects
2026/06/07 01:10:07 walker.go:217: walking of {file:///workspace/code-server/config/extensions/ms-python.python-2026.4.0-universal/python_files/lib/jedilsp/jedi/third_party/django-stubs/django-stubs/contrib/redirects} finished
2026/06/07 01:10:07 discover.go:26: bus: -> Discover /workspace/code-server/config/extensions/ms-python.python-2026.4.0-universal/python_files/lib/jedilsp/jedi/third_party/django-stubs/django-stubs/contrib/sessions
2026/06/07 01:10:07 discover.go:26: bus: -> Discover /workspace/code-server/config/extensions/ms-python.python-2026.4.0-universal/python_files/lib/jedilsp/jedi/third_party/django-stubs/django-stubs/contrib/sessions/backends
2026/06/07 01:10:07 walker.go:217: walking of {file:///workspace/code-server/config/extensions/ms-python.python-2026.4.0-universal/python_files/lib/jedilsp/jedi/third_party/django-stubs/django-stubs/contrib/sessions/backends} finished
2026/06/07 01:10:07 discover.go:26: bus: -> Discover /workspace/code-server/config/extensions/ms-python.python-2026.4.0-universal/python_files/lib/jedilsp/jedi/third_party/django-stubs/django-stubs/contrib/sessions/management
2026/06/07 01:10:07 discover.go:26: bus: -> Discover /workspace/code-server/config/extensions/ms-python.python-2026.4.0-universal/python_files/lib/jedilsp/jedi/third_party/django-stubs/django-stubs/contrib/sessions/management/commands
2026/06/07 01:10:07 walker.go:217: walking of {file:///workspace/code-server/config/extensions/ms-python.python-2026.4.0-universal/python_files/lib/jedilsp/jedi/third_party/django-stubs/django-stubs/contrib/sessions/management/commands} finished
2026/06/07 01:10:07 walker.go:217: walking of {file:///workspace/code-server/config/extensions/ms-python.python-2026.4.0-universal/python_files/lib/jedilsp/jedi/third_party/django-stubs/django-stubs/contrib/sessions/management} finished
2026/06/07 01:10:07 walker.go:217: walking of {file:///workspace/code-server/config/extensions/ms-python.python-2026.4.0-universal/python_files/lib/jedilsp/jedi/third_party/django-stubs/django-stubs/contrib/sessions} finished
2026/06/07 01:10:07 discover.go:26: bus: -> Discover /workspace/code-server/config/extensions/ms-python.python-2026.4.0-universal/python_files/lib/jedilsp/jedi/third_party/django-stubs/django-stubs/contrib/sitemaps
2026/06/07 01:10:07 discover.go:26: bus: -> Discover /workspace/code-server/config/extensions/ms-python.python-2026.4.0-universal/python_files/lib/jedilsp/jedi/third_party/django-stubs/django-stubs/contrib/sitemaps/management
2026/06/07 01:10:07 discover.go:26: bus: -> Discover /workspace/code-server/config/extensions/ms-python.python-2026.4.0-universal/python_files/lib/jedilsp/jedi/third_party/django-stubs/django-stubs/contrib/sitemaps/management/commands
2026/06/07 01:10:07 walker.go:217: walking of {file:///workspace/code-server/config/extensions/ms-python.python-2026.4.0-universal/python_files/lib/jedilsp/jedi/third_party/django-stubs/django-stubs/contrib/sitemaps/management/commands} finished
2026/06/07 01:10:07 walker.go:217: walking of {file:///workspace/code-server/config/extensions/ms-python.python-2026.4.0-universal/python_files/lib/jedilsp/jedi/third_party/django-stubs/django-stubs/contrib/sitemaps/management} finished
2026/06/07 01:10:07 walker.go:217: walking of {file:///workspace/code-server/config/extensions/ms-python.python-2026.4.0-universal/python_files/lib/jedilsp/jedi/third_party/django-stubs/django-stubs/contrib/sitemaps} finished
2026/06/07 01:10:07 discover.go:26: bus: -> Discover /workspace/code-server/config/extensions/ms-python.python-2026.4.0-universal/python_files/lib/jedilsp/jedi/third_party/django-stubs/django-stubs/contrib/sites
2026/06/07 01:10:07 walker.go:217: walking of {file:///workspace/code-server/config/extensions/ms-python.python-2026.4.0-universal/python_files/lib/jedilsp/jedi/third_party/django-stubs/django-stubs/contrib/sites} finished
2026/06/07 01:10:07 discover.go:26: bus: -> Discover /workspace/code-server/config/extensions/ms-python.python-2026.4.0-universal/python_files/lib/jedilsp/jedi/third_party/django-stubs/django-stubs/contrib/staticfiles
2026/06/07 01:10:07 discover.go:26: bus: -> Discover /workspace/code-server/config/extensions/ms-python.python-2026.4.0-universal/python_files/lib/jedilsp/jedi/third_party/django-stubs/django-stubs/contrib/staticfiles/management
2026/06/07 01:10:07 discover.go:26: bus: -> Discover /workspace/code-server/config/extensions/ms-python.python-2026.4.0-universal/python_files/lib/jedilsp/jedi/third_party/django-stubs/django-stubs/contrib/staticfiles/management/commands
2026/06/07 01:10:07 walker.go:217: walking of {file:///workspace/code-server/config/extensions/ms-python.python-2026.4.0-universal/python_files/lib/jedilsp/jedi/third_party/django-stubs/django-stubs/contrib/staticfiles/management/commands} finished
2026/06/07 01:10:07 walker.go:217: walking of {file:///workspace/code-server/config/extensions/ms-python.python-2026.4.0-universal/python_files/lib/jedilsp/jedi/third_party/django-stubs/django-stubs/contrib/staticfiles/management} finished
2026/06/07 01:10:07 discover.go:26: bus: -> Discover /workspace/code-server/config/extensions/ms-python.python-2026.4.0-universal/python_files/lib/jedilsp/jedi/third_party/django-stubs/django-stubs/contrib/staticfiles/templatetags
2026/06/07 01:10:07 walker.go:217: walking of {file:///workspace/code-server/config/extensions/ms-python.python-2026.4.0-universal/python_files/lib/jedilsp/jedi/third_party/django-stubs/django-stubs/contrib/staticfiles/templatetags} finished
2026/06/07 01:10:07 walker.go:217: walking of {file:///workspace/code-server/config/extensions/ms-python.python-2026.4.0-universal/python_files/lib/jedilsp/jedi/third_party/django-stubs/django-stubs/contrib/staticfiles} finished
2026/06/07 01:10:07 discover.go:26: bus: -> Discover /workspace/code-server/config/extensions/ms-python.python-2026.4.0-universal/python_files/lib/jedilsp/jedi/third_party/django-stubs/django-stubs/contrib/syndication
2026/06/07 01:10:07 walker.go:217: walking of {file:///workspace/code-server/config/extensions/ms-python.python-2026.4.0-universal/python_files/lib/jedilsp/jedi/third_party/django-stubs/django-stubs/contrib/syndication} finished
2026/06/07 01:10:07 walker.go:217: walking of {file:///workspace/code-server/config/extensions/ms-python.python-2026.4.0-universal/python_files/lib/jedilsp/jedi/third_party/django-stubs/django-stubs/contrib} finished
2026/06/07 01:10:07 discover.go:26: bus: -> Discover /workspace/code-server/config/extensions/ms-python.python-2026.4.0-universal/python_files/lib/jedilsp/jedi/third_party/django-stubs/django-stubs/core
2026/06/07 01:10:07 discover.go:26: bus: -> Discover /workspace/code-server/config/extensions/ms-python.python-2026.4.0-universal/python_files/lib/jedilsp/jedi/third_party/django-stubs/django-stubs/core/cache
2026/06/07 01:10:07 discover.go:26: bus: -> Discover /workspace/code-server/config/extensions/ms-python.python-2026.4.0-universal/python_files/lib/jedilsp/jedi/third_party/django-stubs/django-stubs/core/cache/backends
2026/06/07 01:10:07 walker.go:217: walking of {file:///workspace/code-server/config/extensions/ms-python.python-2026.4.0-universal/python_files/lib/jedilsp/jedi/third_party/django-stubs/django-stubs/core/cache/backends} finished
2026/06/07 01:10:07 walker.go:217: walking of {file:///workspace/code-server/config/extensions/ms-python.python-2026.4.0-universal/python_files/lib/jedilsp/jedi/third_party/django-stubs/django-stubs/core/cache} finished
2026/06/07 01:10:07 discover.go:26: bus: -> Discover /workspace/code-server/config/extensions/ms-python.python-2026.4.0-universal/python_files/lib/jedilsp/jedi/third_party/django-stubs/django-stubs/core/checks
2026/06/07 01:10:07 discover.go:26: bus: -> Discover /workspace/code-server/config/extensions/ms-python.python-2026.4.0-universal/python_files/lib/jedilsp/jedi/third_party/django-stubs/django-stubs/core/checks/security
2026/06/07 01:10:07 walker.go:217: walking of {file:///workspace/code-server/config/extensions/ms-python.python-2026.4.0-universal/python_files/lib/jedilsp/jedi/third_party/django-stubs/django-stubs/core/checks/security} finished
2026/06/07 01:10:07 walker.go:217: walking of {file:///workspace/code-server/config/extensions/ms-python.python-2026.4.0-universal/python_files/lib/jedilsp/jedi/third_party/django-stubs/django-stubs/core/checks} finished
2026/06/07 01:10:07 discover.go:26: bus: -> Discover /workspace/code-server/config/extensions/ms-python.python-2026.4.0-universal/python_files/lib/jedilsp/jedi/third_party/django-stubs/django-stubs/core/files
2026/06/07 01:10:07 walker.go:217: walking of {file:///workspace/code-server/config/extensions/ms-python.python-2026.4.0-universal/python_files/lib/jedilsp/jedi/third_party/django-stubs/django-stubs/core/files} finished
2026/06/07 01:10:07 discover.go:26: bus: -> Discover /workspace/code-server/config/extensions/ms-python.python-2026.4.0-universal/python_files/lib/jedilsp/jedi/third_party/django-stubs/django-stubs/core/handlers
2026/06/07 01:10:07 walker.go:217: walking of {file:///workspace/code-server/config/extensions/ms-python.python-2026.4.0-universal/python_files/lib/jedilsp/jedi/third_party/django-stubs/django-stubs/core/handlers} finished
2026/06/07 01:10:07 discover.go:26: bus: -> Discover /workspace/code-server/config/extensions/ms-python.python-2026.4.0-universal/python_files/lib/jedilsp/jedi/third_party/django-stubs/django-stubs/core/mail
2026/06/07 01:10:07 discover.go:26: bus: -> Discover /workspace/code-server/config/extensions/ms-python.python-2026.4.0-universal/python_files/lib/jedilsp/jedi/third_party/django-stubs/django-stubs/core/mail/backends
2026/06/07 01:10:07 walker.go:217: walking of {file:///workspace/code-server/config/extensions/ms-python.python-2026.4.0-universal/python_files/lib/jedilsp/jedi/third_party/django-stubs/django-stubs/core/mail/backends} finished
2026/06/07 01:10:07 walker.go:217: walking of {file:///workspace/code-server/config/extensions/ms-python.python-2026.4.0-universal/python_files/lib/jedilsp/jedi/third_party/django-stubs/django-stubs/core/mail} finished
2026/06/07 01:10:07 discover.go:26: bus: -> Discover /workspace/code-server/config/extensions/ms-python.python-2026.4.0-universal/python_files/lib/jedilsp/jedi/third_party/django-stubs/django-stubs/core/management
2026/06/07 01:10:07 discover.go:26: bus: -> Discover /workspace/code-server/config/extensions/ms-python.python-2026.4.0-universal/python_files/lib/jedilsp/jedi/third_party/django-stubs/django-stubs/core/management/commands
2026/06/07 01:10:07 walker.go:217: walking of {file:///workspace/code-server/config/extensions/ms-python.python-2026.4.0-universal/python_files/lib/jedilsp/jedi/third_party/django-stubs/django-stubs/core/management/commands} finished
2026/06/07 01:10:07 walker.go:217: walking of {file:///workspace/code-server/config/extensions/ms-python.python-2026.4.0-universal/python_files/lib/jedilsp/jedi/third_party/django-stubs/django-stubs/core/management} finished
2026/06/07 01:10:07 discover.go:26: bus: -> Discover /workspace/code-server/config/extensions/ms-python.python-2026.4.0-universal/python_files/lib/jedilsp/jedi/third_party/django-stubs/django-stubs/core/serializers
2026/06/07 01:10:07 walker.go:217: walking of {file:///workspace/code-server/config/extensions/ms-python.python-2026.4.0-universal/python_files/lib/jedilsp/jedi/third_party/django-stubs/django-stubs/core/serializers} finished
2026/06/07 01:10:07 discover.go:26: bus: -> Discover /workspace/code-server/config/extensions/ms-python.python-2026.4.0-universal/python_files/lib/jedilsp/jedi/third_party/django-stubs/django-stubs/core/servers
2026/06/07 01:10:07 walker.go:217: walking of {file:///workspace/code-server/config/extensions/ms-python.python-2026.4.0-universal/python_files/lib/jedilsp/jedi/third_party/django-stubs/django-stubs/core/servers} finished
2026/06/07 01:10:07 walker.go:217: walking of {file:///workspace/code-server/config/extensions/ms-python.python-2026.4.0-universal/python_files/lib/jedilsp/jedi/third_party/django-stubs/django-stubs/core} finished
2026/06/07 01:10:07 discover.go:26: bus: -> Discover /workspace/code-server/config/extensions/ms-python.python-2026.4.0-universal/python_files/lib/jedilsp/jedi/third_party/django-stubs/django-stubs/db
2026/06/07 01:10:07 discover.go:26: bus: -> Discover /workspace/code-server/config/extensions/ms-python.python-2026.4.0-universal/python_files/lib/jedilsp/jedi/third_party/django-stubs/django-stubs/db/backends
2026/06/07 01:10:07 discover.go:26: bus: -> Discover /workspace/code-server/config/extensions/ms-python.python-2026.4.0-universal/python_files/lib/jedilsp/jedi/third_party/django-stubs/django-stubs/db/backends/base
2026/06/07 01:10:07 walker.go:217: walking of {file:///workspace/code-server/config/extensions/ms-python.python-2026.4.0-universal/python_files/lib/jedilsp/jedi/third_party/django-stubs/django-stubs/db/backends/base} finished
2026/06/07 01:10:07 discover.go:26: bus: -> Discover /workspace/code-server/config/extensions/ms-python.python-2026.4.0-universal/python_files/lib/jedilsp/jedi/third_party/django-stubs/django-stubs/db/backends/dummy
2026/06/07 01:10:07 walker.go:217: walking of {file:///workspace/code-server/config/extensions/ms-python.python-2026.4.0-universal/python_files/lib/jedilsp/jedi/third_party/django-stubs/django-stubs/db/backends/dummy} finished
2026/06/07 01:10:07 discover.go:26: bus: -> Discover /workspace/code-server/config/extensions/ms-python.python-2026.4.0-universal/python_files/lib/jedilsp/jedi/third_party/django-stubs/django-stubs/db/backends/mysql
2026/06/07 01:10:07 walker.go:217: walking of {file:///workspace/code-server/config/extensions/ms-python.python-2026.4.0-universal/python_files/lib/jedilsp/jedi/third_party/django-stubs/django-stubs/db/backends/mysql} finished
2026/06/07 01:10:07 discover.go:26: bus: -> Discover /workspace/code-server/config/extensions/ms-python.python-2026.4.0-universal/python_files/lib/jedilsp/jedi/third_party/django-stubs/django-stubs/db/backends/postgresql
2026/06/07 01:10:07 walker.go:217: walking of {file:///workspace/code-server/config/extensions/ms-python.python-2026.4.0-universal/python_files/lib/jedilsp/jedi/third_party/django-stubs/django-stubs/db/backends/postgresql} finished
2026/06/07 01:10:07 discover.go:26: bus: -> Discover /workspace/code-server/config/extensions/ms-python.python-2026.4.0-universal/python_files/lib/jedilsp/jedi/third_party/django-stubs/django-stubs/db/backends/sqlite3
2026/06/07 01:10:07 walker.go:217: walking of {file:///workspace/code-server/config/extensions/ms-python.python-2026.4.0-universal/python_files/lib/jedilsp/jedi/third_party/django-stubs/django-stubs/db/backends/sqlite3} finished
2026/06/07 01:10:07 walker.go:217: walking of {file:///workspace/code-server/config/extensions/ms-python.python-2026.4.0-universal/python_files/lib/jedilsp/jedi/third_party/django-stubs/django-stubs/db/backends} finished
2026/06/07 01:10:07 discover.go:26: bus: -> Discover /workspace/code-server/config/extensions/ms-python.python-2026.4.0-universal/python_files/lib/jedilsp/jedi/third_party/django-stubs/django-stubs/db/migrations
2026/06/07 01:10:07 discover.go:26: bus: -> Discover /workspace/code-server/config/extensions/ms-python.python-2026.4.0-universal/python_files/lib/jedilsp/jedi/third_party/django-stubs/django-stubs/db/migrations/operations
2026/06/07 01:10:07 walker.go:217: walking of {file:///workspace/code-server/config/extensions/ms-python.python-2026.4.0-universal/python_files/lib/jedilsp/jedi/third_party/django-stubs/django-stubs/db/migrations/operations} finished
2026/06/07 01:10:07 walker.go:217: walking of {file:///workspace/code-server/config/extensions/ms-python.python-2026.4.0-universal/python_files/lib/jedilsp/jedi/third_party/django-stubs/django-stubs/db/migrations} finished
2026/06/07 01:10:07 discover.go:26: bus: -> Discover /workspace/code-server/config/extensions/ms-python.python-2026.4.0-universal/python_files/lib/jedilsp/jedi/third_party/django-stubs/django-stubs/db/models
2026/06/07 01:10:07 discover.go:26: bus: -> Discover /workspace/code-server/config/extensions/ms-python.python-2026.4.0-universal/python_files/lib/jedilsp/jedi/third_party/django-stubs/django-stubs/db/models/fields
2026/06/07 01:10:07 walker.go:217: walking of {file:///workspace/code-server/config/extensions/ms-python.python-2026.4.0-universal/python_files/lib/jedilsp/jedi/third_party/django-stubs/django-stubs/db/models/fields} finished
2026/06/07 01:10:07 discover.go:26: bus: -> Discover /workspace/code-server/config/extensions/ms-python.python-2026.4.0-universal/python_files/lib/jedilsp/jedi/third_party/django-stubs/django-stubs/db/models/functions
2026/06/07 01:10:07 walker.go:217: walking of {file:///workspace/code-server/config/extensions/ms-python.python-2026.4.0-universal/python_files/lib/jedilsp/jedi/third_party/django-stubs/django-stubs/db/models/functions} finished
2026/06/07 01:10:07 discover.go:26: bus: -> Discover /workspace/code-server/config/extensions/ms-python.python-2026.4.0-universal/python_files/lib/jedilsp/jedi/third_party/django-stubs/django-stubs/db/models/sql
2026/06/07 01:10:07 walker.go:217: walking of {file:///workspace/code-server/config/extensions/ms-python.python-2026.4.0-universal/python_files/lib/jedilsp/jedi/third_party/django-stubs/django-stubs/db/models/sql} finished
2026/06/07 01:10:07 walker.go:217: walking of {file:///workspace/code-server/config/extensions/ms-python.python-2026.4.0-universal/python_files/lib/jedilsp/jedi/third_party/django-stubs/django-stubs/db/models} finished
2026/06/07 01:10:07 walker.go:217: walking of {file:///workspace/code-server/config/extensions/ms-python.python-2026.4.0-universal/python_files/lib/jedilsp/jedi/third_party/django-stubs/django-stubs/db} finished
2026/06/07 01:10:07 discover.go:26: bus: -> Discover /workspace/code-server/config/extensions/ms-python.python-2026.4.0-universal/python_files/lib/jedilsp/jedi/third_party/django-stubs/django-stubs/dispatch
2026/06/07 01:10:07 walker.go:217: walking of {file:///workspace/code-server/config/extensions/ms-python.python-2026.4.0-universal/python_files/lib/jedilsp/jedi/third_party/django-stubs/django-stubs/dispatch} finished
2026/06/07 01:10:07 discover.go:26: bus: -> Discover /workspace/code-server/config/extensions/ms-python.python-2026.4.0-universal/python_files/lib/jedilsp/jedi/third_party/django-stubs/django-stubs/forms
2026/06/07 01:10:07 walker.go:217: walking of {file:///workspace/code-server/config/extensions/ms-python.python-2026.4.0-universal/python_files/lib/jedilsp/jedi/third_party/django-stubs/django-stubs/forms} finished
2026/06/07 01:10:07 discover.go:26: bus: -> Discover /workspace/code-server/config/extensions/ms-python.python-2026.4.0-universal/python_files/lib/jedilsp/jedi/third_party/django-stubs/django-stubs/http
2026/06/07 01:10:07 walker.go:217: walking of {file:///workspace/code-server/config/extensions/ms-python.python-2026.4.0-universal/python_files/lib/jedilsp/jedi/third_party/django-stubs/django-stubs/http} finished
2026/06/07 01:10:07 discover.go:26: bus: -> Discover /workspace/code-server/config/extensions/ms-python.python-2026.4.0-universal/python_files/lib/jedilsp/jedi/third_party/django-stubs/django-stubs/middleware
2026/06/07 01:10:07 walker.go:217: walking of {file:///workspace/code-server/config/extensions/ms-python.python-2026.4.0-universal/python_files/lib/jedilsp/jedi/third_party/django-stubs/django-stubs/middleware} finished
2026/06/07 01:10:07 discover.go:26: bus: -> Discover /workspace/code-server/config/extensions/ms-python.python-2026.4.0-universal/python_files/lib/jedilsp/jedi/third_party/django-stubs/django-stubs/template
2026/06/07 01:10:07 discover.go:26: bus: -> Discover /workspace/code-server/config/extensions/ms-python.python-2026.4.0-universal/python_files/lib/jedilsp/jedi/third_party/django-stubs/django-stubs/template/backends
2026/06/07 01:10:07 walker.go:217: walking of {file:///workspace/code-server/config/extensions/ms-python.python-2026.4.0-universal/python_files/lib/jedilsp/jedi/third_party/django-stubs/django-stubs/template/backends} finished
2026/06/07 01:10:07 discover.go:26: bus: -> Discover /workspace/code-server/config/extensions/ms-python.python-2026.4.0-universal/python_files/lib/jedilsp/jedi/third_party/django-stubs/django-stubs/template/loaders
2026/06/07 01:10:07 walker.go:217: walking of {file:///workspace/code-server/config/extensions/ms-python.python-2026.4.0-universal/python_files/lib/jedilsp/jedi/third_party/django-stubs/django-stubs/template/loaders} finished
2026/06/07 01:10:07 walker.go:217: walking of {file:///workspace/code-server/config/extensions/ms-python.python-2026.4.0-universal/python_files/lib/jedilsp/jedi/third_party/django-stubs/django-stubs/template} finished
2026/06/07 01:10:07 discover.go:26: bus: -> Discover /workspace/code-server/config/extensions/ms-python.python-2026.4.0-universal/python_files/lib/jedilsp/jedi/third_party/django-stubs/django-stubs/templatetags
2026/06/07 01:10:07 walker.go:217: walking of {file:///workspace/code-server/config/extensions/ms-python.python-2026.4.0-universal/python_files/lib/jedilsp/jedi/third_party/django-stubs/django-stubs/templatetags} finished
2026/06/07 01:10:07 discover.go:26: bus: -> Discover /workspace/code-server/config/extensions/ms-python.python-2026.4.0-universal/python_files/lib/jedilsp/jedi/third_party/django-stubs/django-stubs/test
2026/06/07 01:10:07 walker.go:217: walking of {file:///workspace/code-server/config/extensions/ms-python.python-2026.4.0-universal/python_files/lib/jedilsp/jedi/third_party/django-stubs/django-stubs/test} finished
2026/06/07 01:10:07 discover.go:26: bus: -> Discover /workspace/code-server/config/extensions/ms-python.python-2026.4.0-universal/python_files/lib/jedilsp/jedi/third_party/django-stubs/django-stubs/urls
2026/06/07 01:10:07 walker.go:217: walking of {file:///workspace/code-server/config/extensions/ms-python.python-2026.4.0-universal/python_files/lib/jedilsp/jedi/third_party/django-stubs/django-stubs/urls} finished
2026/06/07 01:10:07 discover.go:26: bus: -> Discover /workspace/code-server/config/extensions/ms-python.python-2026.4.0-universal/python_files/lib/jedilsp/jedi/third_party/django-stubs/django-stubs/utils
2026/06/07 01:10:07 discover.go:26: bus: -> Discover /workspace/code-server/config/extensions/ms-python.python-2026.4.0-universal/python_files/lib/jedilsp/jedi/third_party/django-stubs/django-stubs/utils/translation
2026/06/07 01:10:07 walker.go:217: walking of {file:///workspace/code-server/config/extensions/ms-python.python-2026.4.0-universal/python_files/lib/jedilsp/jedi/third_party/django-stubs/django-stubs/utils/translation} finished
2026/06/07 01:10:07 walker.go:217: walking of {file:///workspace/code-server/config/extensions/ms-python.python-2026.4.0-universal/python_files/lib/jedilsp/jedi/third_party/django-stubs/django-stubs/utils} finished
2026/06/07 01:10:07 discover.go:26: bus: -> Discover /workspace/code-server/config/extensions/ms-python.python-2026.4.0-universal/python_files/lib/jedilsp/jedi/third_party/django-stubs/django-stubs/views
2026/06/07 01:10:07 discover.go:26: bus: -> Discover /workspace/code-server/config/extensions/ms-python.python-2026.4.0-universal/python_files/lib/jedilsp/jedi/third_party/django-stubs/django-stubs/views/decorators
2026/06/07 01:10:07 walker.go:217: walking of {file:///workspace/code-server/config/extensions/ms-python.python-2026.4.0-universal/python_files/lib/jedilsp/jedi/third_party/django-stubs/django-stubs/views/decorators} finished
2026/06/07 01:10:07 discover.go:26: bus: -> Discover /workspace/code-server/config/extensions/ms-python.python-2026.4.0-universal/python_files/lib/jedilsp/jedi/third_party/django-stubs/django-stubs/views/generic
2026/06/07 01:10:07 walker.go:217: walking of {file:///workspace/code-server/config/extensions/ms-python.python-2026.4.0-universal/python_files/lib/jedilsp/jedi/third_party/django-stubs/django-stubs/views/generic} finished
2026/06/07 01:10:07 walker.go:217: walking of {file:///workspace/code-server/config/extensions/ms-python.python-2026.4.0-universal/python_files/lib/jedilsp/jedi/third_party/django-stubs/django-stubs/views} finished
2026/06/07 01:10:07 walker.go:217: walking of {file:///workspace/code-server/config/extensions/ms-python.python-2026.4.0-universal/python_files/lib/jedilsp/jedi/third_party/django-stubs/django-stubs} finished
2026/06/07 01:10:07 walker.go:217: walking of {file:///workspace/code-server/config/extensions/ms-python.python-2026.4.0-universal/python_files/lib/jedilsp/jedi/third_party/django-stubs} finished
2026/06/07 01:10:07 discover.go:26: bus: -> Discover /workspace/code-server/config/extensions/ms-python.python-2026.4.0-universal/python_files/lib/jedilsp/jedi/third_party/typeshed
2026/06/07 01:10:07 discover.go:26: bus: -> Discover /workspace/code-server/config/extensions/ms-python.python-2026.4.0-universal/python_files/lib/jedilsp/jedi/third_party/typeshed/stdlib
2026/06/07 01:10:07 discover.go:26: bus: -> Discover /workspace/code-server/config/extensions/ms-python.python-2026.4.0-universal/python_files/lib/jedilsp/jedi/third_party/typeshed/stdlib/2
2026/06/07 01:10:07 discover.go:26: bus: -> Discover /workspace/code-server/config/extensions/ms-python.python-2026.4.0-universal/python_files/lib/jedilsp/jedi/third_party/typeshed/stdlib/2/distutils
2026/06/07 01:10:07 discover.go:26: bus: -> Discover /workspace/code-server/config/extensions/ms-python.python-2026.4.0-universal/python_files/lib/jedilsp/jedi/third_party/typeshed/stdlib/2/distutils/command
2026/06/07 01:10:07 walker.go:217: walking of {file:///workspace/code-server/config/extensions/ms-python.python-2026.4.0-universal/python_files/lib/jedilsp/jedi/third_party/typeshed/stdlib/2/distutils/command} finished
2026/06/07 01:10:07 walker.go:217: walking of {file:///workspace/code-server/config/extensions/ms-python.python-2026.4.0-universal/python_files/lib/jedilsp/jedi/third_party/typeshed/stdlib/2/distutils} finished
2026/06/07 01:10:07 discover.go:26: bus: -> Discover /workspace/code-server/config/extensions/ms-python.python-2026.4.0-universal/python_files/lib/jedilsp/jedi/third_party/typeshed/stdlib/2/email
2026/06/07 01:10:07 discover.go:26: bus: -> Discover /workspace/code-server/config/extensions/ms-python.python-2026.4.0-universal/python_files/lib/jedilsp/jedi/third_party/typeshed/stdlib/2/email/mime
2026/06/07 01:10:07 walker.go:217: walking of {file:///workspace/code-server/config/extensions/ms-python.python-2026.4.0-universal/python_files/lib/jedilsp/jedi/third_party/typeshed/stdlib/2/email/mime} finished
2026/06/07 01:10:07 walker.go:217: walking of {file:///workspace/code-server/config/extensions/ms-python.python-2026.4.0-universal/python_files/lib/jedilsp/jedi/third_party/typeshed/stdlib/2/email} finished
2026/06/07 01:10:07 discover.go:26: bus: -> Discover /workspace/code-server/config/extensions/ms-python.python-2026.4.0-universal/python_files/lib/jedilsp/jedi/third_party/typeshed/stdlib/2/encodings
2026/06/07 01:10:07 walker.go:217: walking of {file:///workspace/code-server/config/extensions/ms-python.python-2026.4.0-universal/python_files/lib/jedilsp/jedi/third_party/typeshed/stdlib/2/encodings} finished
2026/06/07 01:10:07 discover.go:26: bus: -> Discover /workspace/code-server/config/extensions/ms-python.python-2026.4.0-universal/python_files/lib/jedilsp/jedi/third_party/typeshed/stdlib/2/multiprocessing
2026/06/07 01:10:07 discover.go:26: bus: -> Discover /workspace/code-server/config/extensions/ms-python.python-2026.4.0-universal/python_files/lib/jedilsp/jedi/third_party/typeshed/stdlib/2/multiprocessing/dummy
2026/06/07 01:10:07 walker.go:217: walking of {file:///workspace/code-server/config/extensions/ms-python.python-2026.4.0-universal/python_files/lib/jedilsp/jedi/third_party/typeshed/stdlib/2/multiprocessing/dummy} finished
2026/06/07 01:10:07 walker.go:217: walking of {file:///workspace/code-server/config/extensions/ms-python.python-2026.4.0-universal/python_files/lib/jedilsp/jedi/third_party/typeshed/stdlib/2/multiprocessing} finished
2026/06/07 01:10:07 discover.go:26: bus: -> Discover /workspace/code-server/config/extensions/ms-python.python-2026.4.0-universal/python_files/lib/jedilsp/jedi/third_party/typeshed/stdlib/2/os
2026/06/07 01:10:07 walker.go:217: walking of {file:///workspace/code-server/config/extensions/ms-python.python-2026.4.0-universal/python_files/lib/jedilsp/jedi/third_party/typeshed/stdlib/2/os} finished
2026/06/07 01:10:07 walker.go:217: walking of {file:///workspace/code-server/config/extensions/ms-python.python-2026.4.0-universal/python_files/lib/jedilsp/jedi/third_party/typeshed/stdlib/2} finished
2026/06/07 01:10:07 discover.go:26: bus: -> Discover /workspace/code-server/config/extensions/ms-python.python-2026.4.0-universal/python_files/lib/jedilsp/jedi/third_party/typeshed/stdlib/2and3
2026/06/07 01:10:07 discover.go:26: bus: -> Discover /workspace/code-server/config/extensions/ms-python.python-2026.4.0-universal/python_files/lib/jedilsp/jedi/third_party/typeshed/stdlib/2and3/_typeshed
2026/06/07 01:10:07 walker.go:217: walking of {file:///workspace/code-server/config/extensions/ms-python.python-2026.4.0-universal/python_files/lib/jedilsp/jedi/third_party/typeshed/stdlib/2and3/_typeshed} finished
2026/06/07 01:10:07 discover.go:26: bus: -> Discover /workspace/code-server/config/extensions/ms-python.python-2026.4.0-universal/python_files/lib/jedilsp/jedi/third_party/typeshed/stdlib/2and3/ctypes
2026/06/07 01:10:07 walker.go:217: walking of {file:///workspace/code-server/config/extensions/ms-python.python-2026.4.0-universal/python_files/lib/jedilsp/jedi/third_party/typeshed/stdlib/2and3/ctypes} finished
2026/06/07 01:10:07 discover.go:26: bus: -> Discover /workspace/code-server/config/extensions/ms-python.python-2026.4.0-universal/python_files/lib/jedilsp/jedi/third_party/typeshed/stdlib/2and3/curses
2026/06/07 01:10:07 walker.go:217: walking of {file:///workspace/code-server/config/extensions/ms-python.python-2026.4.0-universal/python_files/lib/jedilsp/jedi/third_party/typeshed/stdlib/2and3/curses} finished
2026/06/07 01:10:07 discover.go:26: bus: -> Discover /workspace/code-server/config/extensions/ms-python.python-2026.4.0-universal/python_files/lib/jedilsp/jedi/third_party/typeshed/stdlib/2and3/ensurepip
2026/06/07 01:10:07 walker.go:217: walking of {file:///workspace/code-server/config/extensions/ms-python.python-2026.4.0-universal/python_files/lib/jedilsp/jedi/third_party/typeshed/stdlib/2and3/ensurepip} finished
2026/06/07 01:10:07 discover.go:26: bus: -> Discover /workspace/code-server/config/extensions/ms-python.python-2026.4.0-universal/python_files/lib/jedilsp/jedi/third_party/typeshed/stdlib/2and3/lib2to3
2026/06/07 01:10:07 discover.go:26: bus: -> Discover /workspace/code-server/config/extensions/ms-python.python-2026.4.0-universal/python_files/lib/jedilsp/jedi/third_party/typeshed/stdlib/2and3/lib2to3/pgen2
2026/06/07 01:10:07 walker.go:217: walking of {file:///workspace/code-server/config/extensions/ms-python.python-2026.4.0-universal/python_files/lib/jedilsp/jedi/third_party/typeshed/stdlib/2and3/lib2to3/pgen2} finished
2026/06/07 01:10:07 walker.go:217: walking of {file:///workspace/code-server/config/extensions/ms-python.python-2026.4.0-universal/python_files/lib/jedilsp/jedi/third_party/typeshed/stdlib/2and3/lib2to3} finished
2026/06/07 01:10:07 discover.go:26: bus: -> Discover /workspace/code-server/config/extensions/ms-python.python-2026.4.0-universal/python_files/lib/jedilsp/jedi/third_party/typeshed/stdlib/2and3/logging
2026/06/07 01:10:07 walker.go:217: walking of {file:///workspace/code-server/config/extensions/ms-python.python-2026.4.0-universal/python_files/lib/jedilsp/jedi/third_party/typeshed/stdlib/2and3/logging} finished
2026/06/07 01:10:07 discover.go:26: bus: -> Discover /workspace/code-server/config/extensions/ms-python.python-2026.4.0-universal/python_files/lib/jedilsp/jedi/third_party/typeshed/stdlib/2and3/msilib
2026/06/07 01:10:07 walker.go:217: walking of {file:///workspace/code-server/config/extensions/ms-python.python-2026.4.0-universal/python_files/lib/jedilsp/jedi/third_party/typeshed/stdlib/2and3/msilib} finished
2026/06/07 01:10:07 discover.go:26: bus: -> Discover /workspace/code-server/config/extensions/ms-python.python-2026.4.0-universal/python_files/lib/jedilsp/jedi/third_party/typeshed/stdlib/2and3/pydoc_data
2026/06/07 01:10:07 walker.go:217: walking of {file:///workspace/code-server/config/extensions/ms-python.python-2026.4.0-universal/python_files/lib/jedilsp/jedi/third_party/typeshed/stdlib/2and3/pydoc_data} finished
2026/06/07 01:10:07 discover.go:26: bus: -> Discover /workspace/code-server/config/extensions/ms-python.python-2026.4.0-universal/python_files/lib/jedilsp/jedi/third_party/typeshed/stdlib/2and3/pyexpat
2026/06/07 01:10:07 walker.go:217: walking of {file:///workspace/code-server/config/extensions/ms-python.python-2026.4.0-universal/python_files/lib/jedilsp/jedi/third_party/typeshed/stdlib/2and3/pyexpat} finished
2026/06/07 01:10:07 discover.go:26: bus: -> Discover /workspace/code-server/config/extensions/ms-python.python-2026.4.0-universal/python_files/lib/jedilsp/jedi/third_party/typeshed/stdlib/2and3/sqlite3
2026/06/07 01:10:07 walker.go:217: walking of {file:///workspace/code-server/config/extensions/ms-python.python-2026.4.0-universal/python_files/lib/jedilsp/jedi/third_party/typeshed/stdlib/2and3/sqlite3} finished
2026/06/07 01:10:07 discover.go:26: bus: -> Discover /workspace/code-server/config/extensions/ms-python.python-2026.4.0-universal/python_files/lib/jedilsp/jedi/third_party/typeshed/stdlib/2and3/wsgiref
2026/06/07 01:10:07 walker.go:217: walking of {file:///workspace/code-server/config/extensions/ms-python.python-2026.4.0-universal/python_files/lib/jedilsp/jedi/third_party/typeshed/stdlib/2and3/wsgiref} finished
2026/06/07 01:10:07 discover.go:26: bus: -> Discover /workspace/code-server/config/extensions/ms-python.python-2026.4.0-universal/python_files/lib/jedilsp/jedi/third_party/typeshed/stdlib/2and3/xml
2026/06/07 01:10:07 discover.go:26: bus: -> Discover /workspace/code-server/config/extensions/ms-python.python-2026.4.0-universal/python_files/lib/jedilsp/jedi/third_party/typeshed/stdlib/2and3/xml/dom
2026/06/07 01:10:07 walker.go:217: walking of {file:///workspace/code-server/config/extensions/ms-python.python-2026.4.0-universal/python_files/lib/jedilsp/jedi/third_party/typeshed/stdlib/2and3/xml/dom} finished
2026/06/07 01:10:07 discover.go:26: bus: -> Discover /workspace/code-server/config/extensions/ms-python.python-2026.4.0-universal/python_files/lib/jedilsp/jedi/third_party/typeshed/stdlib/2and3/xml/etree
2026/06/07 01:10:07 walker.go:217: walking of {file:///workspace/code-server/config/extensions/ms-python.python-2026.4.0-universal/python_files/lib/jedilsp/jedi/third_party/typeshed/stdlib/2and3/xml/etree} finished
2026/06/07 01:10:07 discover.go:26: bus: -> Discover /workspace/code-server/config/extensions/ms-python.python-2026.4.0-universal/python_files/lib/jedilsp/jedi/third_party/typeshed/stdlib/2and3/xml/parsers
2026/06/07 01:10:07 discover.go:26: bus: -> Discover /workspace/code-server/config/extensions/ms-python.python-2026.4.0-universal/python_files/lib/jedilsp/jedi/third_party/typeshed/stdlib/2and3/xml/parsers/expat
2026/06/07 01:10:07 walker.go:217: walking of {file:///workspace/code-server/config/extensions/ms-python.python-2026.4.0-universal/python_files/lib/jedilsp/jedi/third_party/typeshed/stdlib/2and3/xml/parsers/expat} finished
2026/06/07 01:10:07 walker.go:217: walking of {file:///workspace/code-server/config/extensions/ms-python.python-2026.4.0-universal/python_files/lib/jedilsp/jedi/third_party/typeshed/stdlib/2and3/xml/parsers} finished
2026/06/07 01:10:07 discover.go:26: bus: -> Discover /workspace/code-server/config/extensions/ms-python.python-2026.4.0-universal/python_files/lib/jedilsp/jedi/third_party/typeshed/stdlib/2and3/xml/sax
2026/06/07 01:10:07 walker.go:217: walking of {file:///workspace/code-server/config/extensions/ms-python.python-2026.4.0-universal/python_files/lib/jedilsp/jedi/third_party/typeshed/stdlib/2and3/xml/sax} finished
2026/06/07 01:10:07 walker.go:217: walking of {file:///workspace/code-server/config/extensions/ms-python.python-2026.4.0-universal/python_files/lib/jedilsp/jedi/third_party/typeshed/stdlib/2and3/xml} finished
2026/06/07 01:10:07 walker.go:217: walking of {file:///workspace/code-server/config/extensions/ms-python.python-2026.4.0-universal/python_files/lib/jedilsp/jedi/third_party/typeshed/stdlib/2and3} finished
2026/06/07 01:10:07 discover.go:26: bus: -> Discover /workspace/code-server/config/extensions/ms-python.python-2026.4.0-universal/python_files/lib/jedilsp/jedi/third_party/typeshed/stdlib/3
2026/06/07 01:10:07 discover.go:26: bus: -> Discover /workspace/code-server/config/extensions/ms-python.python-2026.4.0-universal/python_files/lib/jedilsp/jedi/third_party/typeshed/stdlib/3/asyncio
2026/06/07 01:10:07 walker.go:217: walking of {file:///workspace/code-server/config/extensions/ms-python.python-2026.4.0-universal/python_files/lib/jedilsp/jedi/third_party/typeshed/stdlib/3/asyncio} finished
2026/06/07 01:10:07 discover.go:26: bus: -> Discover /workspace/code-server/config/extensions/ms-python.python-2026.4.0-universal/python_files/lib/jedilsp/jedi/third_party/typeshed/stdlib/3/collections
2026/06/07 01:10:07 walker.go:217: walking of {file:///workspace/code-server/config/extensions/ms-python.python-2026.4.0-universal/python_files/lib/jedilsp/jedi/third_party/typeshed/stdlib/3/collections} finished
2026/06/07 01:10:07 discover.go:26: bus: -> Discover /workspace/code-server/config/extensions/ms-python.python-2026.4.0-universal/python_files/lib/jedilsp/jedi/third_party/typeshed/stdlib/3/concurrent
2026/06/07 01:10:07 discover.go:26: bus: -> Discover /workspace/code-server/config/extensions/ms-python.python-2026.4.0-universal/python_files/lib/jedilsp/jedi/third_party/typeshed/stdlib/3/concurrent/futures
2026/06/07 01:10:07 walker.go:217: walking of {file:///workspace/code-server/config/extensions/ms-python.python-2026.4.0-universal/python_files/lib/jedilsp/jedi/third_party/typeshed/stdlib/3/concurrent/futures} finished
2026/06/07 01:10:07 walker.go:217: walking of {file:///workspace/code-server/config/extensions/ms-python.python-2026.4.0-universal/python_files/lib/jedilsp/jedi/third_party/typeshed/stdlib/3/concurrent} finished
2026/06/07 01:10:07 discover.go:26: bus: -> Discover /workspace/code-server/config/extensions/ms-python.python-2026.4.0-universal/python_files/lib/jedilsp/jedi/third_party/typeshed/stdlib/3/dbm
2026/06/07 01:10:07 walker.go:217: walking of {file:///workspace/code-server/config/extensions/ms-python.python-2026.4.0-universal/python_files/lib/jedilsp/jedi/third_party/typeshed/stdlib/3/dbm} finished
2026/06/07 01:10:07 discover.go:26: bus: -> Discover /workspace/code-server/config/extensions/ms-python.python-2026.4.0-universal/python_files/lib/jedilsp/jedi/third_party/typeshed/stdlib/3/distutils
2026/06/07 01:10:07 discover.go:26: bus: -> Discover /workspace/code-server/config/extensions/ms-python.python-2026.4.0-universal/python_files/lib/jedilsp/jedi/third_party/typeshed/stdlib/3/distutils/command
2026/06/07 01:10:07 walker.go:217: walking of {file:///workspace/code-server/config/extensions/ms-python.python-2026.4.0-universal/python_files/lib/jedilsp/jedi/third_party/typeshed/stdlib/3/distutils/command} finished
2026/06/07 01:10:07 walker.go:217: walking of {file:///workspace/code-server/config/extensions/ms-python.python-2026.4.0-universal/python_files/lib/jedilsp/jedi/third_party/typeshed/stdlib/3/distutils} finished
2026/06/07 01:10:07 discover.go:26: bus: -> Discover /workspace/code-server/config/extensions/ms-python.python-2026.4.0-universal/python_files/lib/jedilsp/jedi/third_party/typeshed/stdlib/3/email
2026/06/07 01:10:07 discover.go:26: bus: -> Discover /workspace/code-server/config/extensions/ms-python.python-2026.4.0-universal/python_files/lib/jedilsp/jedi/third_party/typeshed/stdlib/3/email/mime
2026/06/07 01:10:07 walker.go:217: walking of {file:///workspace/code-server/config/extensions/ms-python.python-2026.4.0-universal/python_files/lib/jedilsp/jedi/third_party/typeshed/stdlib/3/email/mime} finished
2026/06/07 01:10:07 walker.go:217: walking of {file:///workspace/code-server/config/extensions/ms-python.python-2026.4.0-universal/python_files/lib/jedilsp/jedi/third_party/typeshed/stdlib/3/email} finished
2026/06/07 01:10:07 discover.go:26: bus: -> Discover /workspace/code-server/config/extensions/ms-python.python-2026.4.0-universal/python_files/lib/jedilsp/jedi/third_party/typeshed/stdlib/3/encodings
2026/06/07 01:10:07 walker.go:217: walking of {file:///workspace/code-server/config/extensions/ms-python.python-2026.4.0-universal/python_files/lib/jedilsp/jedi/third_party/typeshed/stdlib/3/encodings} finished
2026/06/07 01:10:07 discover.go:26: bus: -> Discover /workspace/code-server/config/extensions/ms-python.python-2026.4.0-universal/python_files/lib/jedilsp/jedi/third_party/typeshed/stdlib/3/html
2026/06/07 01:10:07 walker.go:217: walking of {file:///workspace/code-server/config/extensions/ms-python.python-2026.4.0-universal/python_files/lib/jedilsp/jedi/third_party/typeshed/stdlib/3/html} finished
2026/06/07 01:10:07 discover.go:26: bus: -> Discover /workspace/code-server/config/extensions/ms-python.python-2026.4.0-universal/python_files/lib/jedilsp/jedi/third_party/typeshed/stdlib/3/http
2026/06/07 01:10:07 walker.go:217: walking of {file:///workspace/code-server/config/extensions/ms-python.python-2026.4.0-universal/python_files/lib/jedilsp/jedi/third_party/typeshed/stdlib/3/http} finished
2026/06/07 01:10:07 discover.go:26: bus: -> Discover /workspace/code-server/config/extensions/ms-python.python-2026.4.0-universal/python_files/lib/jedilsp/jedi/third_party/typeshed/stdlib/3/importlib
2026/06/07 01:10:07 walker.go:217: walking of {file:///workspace/code-server/config/extensions/ms-python.python-2026.4.0-universal/python_files/lib/jedilsp/jedi/third_party/typeshed/stdlib/3/importlib} finished
2026/06/07 01:10:07 discover.go:26: bus: -> Discover /workspace/code-server/config/extensions/ms-python.python-2026.4.0-universal/python_files/lib/jedilsp/jedi/third_party/typeshed/stdlib/3/json
2026/06/07 01:10:07 walker.go:217: walking of {file:///workspace/code-server/config/extensions/ms-python.python-2026.4.0-universal/python_files/lib/jedilsp/jedi/third_party/typeshed/stdlib/3/json} finished
2026/06/07 01:10:07 discover.go:26: bus: -> Discover /workspace/code-server/config/extensions/ms-python.python-2026.4.0-universal/python_files/lib/jedilsp/jedi/third_party/typeshed/stdlib/3/multiprocessing
2026/06/07 01:10:07 discover.go:26: bus: -> Discover /workspace/code-server/config/extensions/ms-python.python-2026.4.0-universal/python_files/lib/jedilsp/jedi/third_party/typeshed/stdlib/3/multiprocessing/dummy
2026/06/07 01:10:07 walker.go:217: walking of {file:///workspace/code-server/config/extensions/ms-python.python-2026.4.0-universal/python_files/lib/jedilsp/jedi/third_party/typeshed/stdlib/3/multiprocessing/dummy} finished
2026/06/07 01:10:07 walker.go:217: walking of {file:///workspace/code-server/config/extensions/ms-python.python-2026.4.0-universal/python_files/lib/jedilsp/jedi/third_party/typeshed/stdlib/3/multiprocessing} finished
2026/06/07 01:10:07 discover.go:26: bus: -> Discover /workspace/code-server/config/extensions/ms-python.python-2026.4.0-universal/python_files/lib/jedilsp/jedi/third_party/typeshed/stdlib/3/os
2026/06/07 01:10:07 walker.go:217: walking of {file:///workspace/code-server/config/extensions/ms-python.python-2026.4.0-universal/python_files/lib/jedilsp/jedi/third_party/typeshed/stdlib/3/os} finished
2026/06/07 01:10:07 discover.go:26: bus: -> Discover /workspace/code-server/config/extensions/ms-python.python-2026.4.0-universal/python_files/lib/jedilsp/jedi/third_party/typeshed/stdlib/3/tkinter
2026/06/07 01:10:07 walker.go:217: walking of {file:///workspace/code-server/config/extensions/ms-python.python-2026.4.0-universal/python_files/lib/jedilsp/jedi/third_party/typeshed/stdlib/3/tkinter} finished
2026/06/07 01:10:07 discover.go:26: bus: -> Discover /workspace/code-server/config/extensions/ms-python.python-2026.4.0-universal/python_files/lib/jedilsp/jedi/third_party/typeshed/stdlib/3/unittest
2026/06/07 01:10:07 walker.go:217: walking of {file:///workspace/code-server/config/extensions/ms-python.python-2026.4.0-universal/python_files/lib/jedilsp/jedi/third_party/typeshed/stdlib/3/unittest} finished
2026/06/07 01:10:07 discover.go:26: bus: -> Discover /workspace/code-server/config/extensions/ms-python.python-2026.4.0-universal/python_files/lib/jedilsp/jedi/third_party/typeshed/stdlib/3/urllib
2026/06/07 01:10:07 walker.go:217: walking of {file:///workspace/code-server/config/extensions/ms-python.python-2026.4.0-universal/python_files/lib/jedilsp/jedi/third_party/typeshed/stdlib/3/urllib} finished
2026/06/07 01:10:07 discover.go:26: bus: -> Discover /workspace/code-server/config/extensions/ms-python.python-2026.4.0-universal/python_files/lib/jedilsp/jedi/third_party/typeshed/stdlib/3/venv
2026/06/07 01:10:07 walker.go:217: walking of {file:///workspace/code-server/config/extensions/ms-python.python-2026.4.0-universal/python_files/lib/jedilsp/jedi/third_party/typeshed/stdlib/3/venv} finished
2026/06/07 01:10:07 discover.go:26: bus: -> Discover /workspace/code-server/config/extensions/ms-python.python-2026.4.0-universal/python_files/lib/jedilsp/jedi/third_party/typeshed/stdlib/3/xmlrpc
2026/06/07 01:10:07 walker.go:217: walking of {file:///workspace/code-server/config/extensions/ms-python.python-2026.4.0-universal/python_files/lib/jedilsp/jedi/third_party/typeshed/stdlib/3/xmlrpc} finished
2026/06/07 01:10:07 walker.go:217: walking of {file:///workspace/code-server/config/extensions/ms-python.python-2026.4.0-universal/python_files/lib/jedilsp/jedi/third_party/typeshed/stdlib/3} finished
2026/06/07 01:10:07 discover.go:26: bus: -> Discover /workspace/code-server/config/extensions/ms-python.python-2026.4.0-universal/python_files/lib/jedilsp/jedi/third_party/typeshed/stdlib/3.7
2026/06/07 01:10:07 walker.go:217: walking of {file:///workspace/code-server/config/extensions/ms-python.python-2026.4.0-universal/python_files/lib/jedilsp/jedi/third_party/typeshed/stdlib/3.7} finished
2026/06/07 01:10:07 discover.go:26: bus: -> Discover /workspace/code-server/config/extensions/ms-python.python-2026.4.0-universal/python_files/lib/jedilsp/jedi/third_party/typeshed/stdlib/3.9
2026/06/07 01:10:07 discover.go:26: bus: -> Discover /workspace/code-server/config/extensions/ms-python.python-2026.4.0-universal/python_files/lib/jedilsp/jedi/third_party/typeshed/stdlib/3.9/zoneinfo
2026/06/07 01:10:07 walker.go:217: walking of {file:///workspace/code-server/config/extensions/ms-python.python-2026.4.0-universal/python_files/lib/jedilsp/jedi/third_party/typeshed/stdlib/3.9/zoneinfo} finished
2026/06/07 01:10:07 walker.go:217: walking of {file:///workspace/code-server/config/extensions/ms-python.python-2026.4.0-universal/python_files/lib/jedilsp/jedi/third_party/typeshed/stdlib/3.9} finished
2026/06/07 01:10:07 walker.go:217: walking of {file:///workspace/code-server/config/extensions/ms-python.python-2026.4.0-universal/python_files/lib/jedilsp/jedi/third_party/typeshed/stdlib} finished
2026/06/07 01:10:07 discover.go:26: bus: -> Discover /workspace/code-server/config/extensions/ms-python.python-2026.4.0-universal/python_files/lib/jedilsp/jedi/third_party/typeshed/third_party
2026/06/07 01:10:07 discover.go:26: bus: -> Discover /workspace/code-server/config/extensions/ms-python.python-2026.4.0-universal/python_files/lib/jedilsp/jedi/third_party/typeshed/third_party/2
2026/06/07 01:10:07 discover.go:26: bus: -> Discover /workspace/code-server/config/extensions/ms-python.python-2026.4.0-universal/python_files/lib/jedilsp/jedi/third_party/typeshed/third_party/2/OpenSSL
2026/06/07 01:10:07 walker.go:217: walking of {file:///workspace/code-server/config/extensions/ms-python.python-2026.4.0-universal/python_files/lib/jedilsp/jedi/third_party/typeshed/third_party/2/OpenSSL} finished
2026/06/07 01:10:07 discover.go:26: bus: -> Discover /workspace/code-server/config/extensions/ms-python.python-2026.4.0-universal/python_files/lib/jedilsp/jedi/third_party/typeshed/third_party/2/concurrent
2026/06/07 01:10:07 discover.go:26: bus: -> Discover /workspace/code-server/config/extensions/ms-python.python-2026.4.0-universal/python_files/lib/jedilsp/jedi/third_party/typeshed/third_party/2/concurrent/futures
2026/06/07 01:10:07 walker.go:217: walking of {file:///workspace/code-server/config/extensions/ms-python.python-2026.4.0-universal/python_files/lib/jedilsp/jedi/third_party/typeshed/third_party/2/concurrent/futures} finished
2026/06/07 01:10:07 walker.go:217: walking of {file:///workspace/code-server/config/extensions/ms-python.python-2026.4.0-universal/python_files/lib/jedilsp/jedi/third_party/typeshed/third_party/2/concurrent} finished
2026/06/07 01:10:07 discover.go:26: bus: -> Discover /workspace/code-server/config/extensions/ms-python.python-2026.4.0-universal/python_files/lib/jedilsp/jedi/third_party/typeshed/third_party/2/fb303
2026/06/07 01:10:07 walker.go:217: walking of {file:///workspace/code-server/config/extensions/ms-python.python-2026.4.0-universal/python_files/lib/jedilsp/jedi/third_party/typeshed/third_party/2/fb303} finished
2026/06/07 01:10:07 discover.go:26: bus: -> Discover /workspace/code-server/config/extensions/ms-python.python-2026.4.0-universal/python_files/lib/jedilsp/jedi/third_party/typeshed/third_party/2/kazoo
2026/06/07 01:10:07 discover.go:26: bus: -> Discover /workspace/code-server/config/extensions/ms-python.python-2026.4.0-universal/python_files/lib/jedilsp/jedi/third_party/typeshed/third_party/2/kazoo/recipe
2026/06/07 01:10:07 walker.go:217: walking of {file:///workspace/code-server/config/extensions/ms-python.python-2026.4.0-universal/python_files/lib/jedilsp/jedi/third_party/typeshed/third_party/2/kazoo/recipe} finished
2026/06/07 01:10:07 walker.go:217: walking of {file:///workspace/code-server/config/extensions/ms-python.python-2026.4.0-universal/python_files/lib/jedilsp/jedi/third_party/typeshed/third_party/2/kazoo} finished
2026/06/07 01:10:07 discover.go:26: bus: -> Discover /workspace/code-server/config/extensions/ms-python.python-2026.4.0-universal/python_files/lib/jedilsp/jedi/third_party/typeshed/third_party/2/routes
2026/06/07 01:10:07 walker.go:217: walking of {file:///workspace/code-server/config/extensions/ms-python.python-2026.4.0-universal/python_files/lib/jedilsp/jedi/third_party/typeshed/third_party/2/routes} finished
2026/06/07 01:10:07 discover.go:26: bus: -> Discover /workspace/code-server/config/extensions/ms-python.python-2026.4.0-universal/python_files/lib/jedilsp/jedi/third_party/typeshed/third_party/2/scribe
2026/06/07 01:10:07 walker.go:217: walking of {file:///workspace/code-server/config/extensions/ms-python.python-2026.4.0-universal/python_files/lib/jedilsp/jedi/third_party/typeshed/third_party/2/scribe} finished
2026/06/07 01:10:07 discover.go:26: bus: -> Discover /workspace/code-server/config/extensions/ms-python.python-2026.4.0-universal/python_files/lib/jedilsp/jedi/third_party/typeshed/third_party/2/six
2026/06/07 01:10:07 discover.go:26: bus: -> Discover /workspace/code-server/config/extensions/ms-python.python-2026.4.0-universal/python_files/lib/jedilsp/jedi/third_party/typeshed/third_party/2/six/moves
2026/06/07 01:10:07 discover.go:26: bus: -> Discover /workspace/code-server/config/extensions/ms-python.python-2026.4.0-universal/python_files/lib/jedilsp/jedi/third_party/typeshed/third_party/2/six/moves/urllib
2026/06/07 01:10:07 walker.go:217: walking of {file:///workspace/code-server/config/extensions/ms-python.python-2026.4.0-universal/python_files/lib/jedilsp/jedi/third_party/typeshed/third_party/2/six/moves/urllib} finished
2026/06/07 01:10:07 walker.go:217: walking of {file:///workspace/code-server/config/extensions/ms-python.python-2026.4.0-universal/python_files/lib/jedilsp/jedi/third_party/typeshed/third_party/2/six/moves} finished
2026/06/07 01:10:07 walker.go:217: walking of {file:///workspace/code-server/config/extensions/ms-python.python-2026.4.0-universal/python_files/lib/jedilsp/jedi/third_party/typeshed/third_party/2/six} finished
2026/06/07 01:10:07 discover.go:26: bus: -> Discover /workspace/code-server/config/extensions/ms-python.python-2026.4.0-universal/python_files/lib/jedilsp/jedi/third_party/typeshed/third_party/2/tornado
2026/06/07 01:10:07 walker.go:217: walking of {file:///workspace/code-server/config/extensions/ms-python.python-2026.4.0-universal/python_files/lib/jedilsp/jedi/third_party/typeshed/third_party/2/tornado} finished
2026/06/07 01:10:07 walker.go:217: walking of {file:///workspace/code-server/config/extensions/ms-python.python-2026.4.0-universal/python_files/lib/jedilsp/jedi/third_party/typeshed/third_party/2} finished
2026/06/07 01:10:07 discover.go:26: bus: -> Discover /workspace/code-server/config/extensions/ms-python.python-2026.4.0-universal/python_files/lib/jedilsp/jedi/third_party/typeshed/third_party/2and3
2026/06/07 01:10:07 discover.go:26: bus: -> Discover /workspace/code-server/config/extensions/ms-python.python-2026.4.0-universal/python_files/lib/jedilsp/jedi/third_party/typeshed/third_party/2and3/atomicwrites
2026/06/07 01:10:07 walker.go:217: walking of {file:///workspace/code-server/config/extensions/ms-python.python-2026.4.0-universal/python_files/lib/jedilsp/jedi/third_party/typeshed/third_party/2and3/atomicwrites} finished
2026/06/07 01:10:07 discover.go:26: bus: -> Discover /workspace/code-server/config/extensions/ms-python.python-2026.4.0-universal/python_files/lib/jedilsp/jedi/third_party/typeshed/third_party/2and3/attr
2026/06/07 01:10:07 walker.go:217: walking of {file:///workspace/code-server/config/extensions/ms-python.python-2026.4.0-universal/python_files/lib/jedilsp/jedi/third_party/typeshed/third_party/2and3/attr} finished
2026/06/07 01:10:07 discover.go:26: bus: -> Discover /workspace/code-server/config/extensions/ms-python.python-2026.4.0-universal/python_files/lib/jedilsp/jedi/third_party/typeshed/third_party/2and3/backports
2026/06/07 01:10:07 walker.go:217: walking of {file:///workspace/code-server/config/extensions/ms-python.python-2026.4.0-universal/python_files/lib/jedilsp/jedi/third_party/typeshed/third_party/2and3/backports} finished
2026/06/07 01:10:07 discover.go:26: bus: -> Discover /workspace/code-server/config/extensions/ms-python.python-2026.4.0-universal/python_files/lib/jedilsp/jedi/third_party/typeshed/third_party/2and3/bleach
2026/06/07 01:10:07 walker.go:217: walking of {file:///workspace/code-server/config/extensions/ms-python.python-2026.4.0-universal/python_files/lib/jedilsp/jedi/third_party/typeshed/third_party/2and3/bleach} finished
2026/06/07 01:10:07 discover.go:26: bus: -> Discover /workspace/code-server/config/extensions/ms-python.python-2026.4.0-universal/python_files/lib/jedilsp/jedi/third_party/typeshed/third_party/2and3/boto
2026/06/07 01:10:07 discover.go:26: bus: -> Discover /workspace/code-server/config/extensions/ms-python.python-2026.4.0-universal/python_files/lib/jedilsp/jedi/third_party/typeshed/third_party/2and3/boto/ec2
2026/06/07 01:10:07 walker.go:217: walking of {file:///workspace/code-server/config/extensions/ms-python.python-2026.4.0-universal/python_files/lib/jedilsp/jedi/third_party/typeshed/third_party/2and3/boto/ec2} finished
2026/06/07 01:10:07 discover.go:26: bus: -> Discover /workspace/code-server/config/extensions/ms-python.python-2026.4.0-universal/python_files/lib/jedilsp/jedi/third_party/typeshed/third_party/2and3/boto/elb
2026/06/07 01:10:07 walker.go:217: walking of {file:///workspace/code-server/config/extensions/ms-python.python-2026.4.0-universal/python_files/lib/jedilsp/jedi/third_party/typeshed/third_party/2and3/boto/elb} finished
2026/06/07 01:10:07 discover.go:26: bus: -> Discover /workspace/code-server/config/extensions/ms-python.python-2026.4.0-universal/python_files/lib/jedilsp/jedi/third_party/typeshed/third_party/2and3/boto/kms
2026/06/07 01:10:07 walker.go:217: walking of {file:///workspace/code-server/config/extensions/ms-python.python-2026.4.0-universal/python_files/lib/jedilsp/jedi/third_party/typeshed/third_party/2and3/boto/kms} finished
2026/06/07 01:10:07 discover.go:26: bus: -> Discover /workspace/code-server/config/extensions/ms-python.python-2026.4.0-universal/python_files/lib/jedilsp/jedi/third_party/typeshed/third_party/2and3/boto/s3
2026/06/07 01:10:07 walker.go:217: walking of {file:///workspace/code-server/config/extensions/ms-python.python-2026.4.0-universal/python_files/lib/jedilsp/jedi/third_party/typeshed/third_party/2and3/boto/s3} finished
2026/06/07 01:10:07 walker.go:217: walking of {file:///workspace/code-server/config/extensions/ms-python.python-2026.4.0-universal/python_files/lib/jedilsp/jedi/third_party/typeshed/third_party/2and3/boto} finished
2026/06/07 01:10:07 discover.go:26: bus: -> Discover /workspace/code-server/config/extensions/ms-python.python-2026.4.0-universal/python_files/lib/jedilsp/jedi/third_party/typeshed/third_party/2and3/cachetools
2026/06/07 01:10:07 walker.go:217: walking of {file:///workspace/code-server/config/extensions/ms-python.python-2026.4.0-universal/python_files/lib/jedilsp/jedi/third_party/typeshed/third_party/2and3/cachetools} finished
2026/06/07 01:10:07 discover.go:26: bus: -> Discover /workspace/code-server/config/extensions/ms-python.python-2026.4.0-universal/python_files/lib/jedilsp/jedi/third_party/typeshed/third_party/2and3/characteristic
2026/06/07 01:10:07 walker.go:217: walking of {file:///workspace/code-server/config/extensions/ms-python.python-2026.4.0-universal/python_files/lib/jedilsp/jedi/third_party/typeshed/third_party/2and3/characteristic} finished
2026/06/07 01:10:07 discover.go:26: bus: -> Discover /workspace/code-server/config/extensions/ms-python.python-2026.4.0-universal/python_files/lib/jedilsp/jedi/third_party/typeshed/third_party/2and3/chardet
2026/06/07 01:10:07 walker.go:217: walking of {file:///workspace/code-server/config/extensions/ms-python.python-2026.4.0-universal/python_files/lib/jedilsp/jedi/third_party/typeshed/third_party/2and3/chardet} finished
2026/06/07 01:10:07 discover.go:26: bus: -> Discover /workspace/code-server/config/extensions/ms-python.python-2026.4.0-universal/python_files/lib/jedilsp/jedi/third_party/typeshed/third_party/2and3/click
2026/06/07 01:10:07 walker.go:217: walking of {file:///workspace/code-server/config/extensions/ms-python.python-2026.4.0-universal/python_files/lib/jedilsp/jedi/third_party/typeshed/third_party/2and3/click} finished
2026/06/07 01:10:07 discover.go:26: bus: -> Discover /workspace/code-server/config/extensions/ms-python.python-2026.4.0-universal/python_files/lib/jedilsp/jedi/third_party/typeshed/third_party/2and3/cryptography
2026/06/07 01:10:07 discover.go:26: bus: -> Discover /workspace/code-server/config/extensions/ms-python.python-2026.4.0-universal/python_files/lib/jedilsp/jedi/third_party/typeshed/third_party/2and3/cryptography/hazmat
2026/06/07 01:10:07 discover.go:26: bus: -> Discover /workspace/code-server/config/extensions/ms-python.python-2026.4.0-universal/python_files/lib/jedilsp/jedi/third_party/typeshed/third_party/2and3/cryptography/hazmat/backends
2026/06/07 01:10:07 walker.go:217: walking of {file:///workspace/code-server/config/extensions/ms-python.python-2026.4.0-universal/python_files/lib/jedilsp/jedi/third_party/typeshed/third_party/2and3/cryptography/hazmat/backends} finished
2026/06/07 01:10:07 discover.go:26: bus: -> Discover /workspace/code-server/config/extensions/ms-python.python-2026.4.0-universal/python_files/lib/jedilsp/jedi/third_party/typeshed/third_party/2and3/cryptography/hazmat/bindings
2026/06/07 01:10:07 discover.go:26: bus: -> Discover /workspace/code-server/config/extensions/ms-python.python-2026.4.0-universal/python_files/lib/jedilsp/jedi/third_party/typeshed/third_party/2and3/cryptography/hazmat/bindings/openssl
2026/06/07 01:10:07 walker.go:217: walking of {file:///workspace/code-server/config/extensions/ms-python.python-2026.4.0-universal/python_files/lib/jedilsp/jedi/third_party/typeshed/third_party/2and3/cryptography/hazmat/bindings/openssl} finished
2026/06/07 01:10:07 walker.go:217: walking of {file:///workspace/code-server/config/extensions/ms-python.python-2026.4.0-universal/python_files/lib/jedilsp/jedi/third_party/typeshed/third_party/2and3/cryptography/hazmat/bindings} finished
2026/06/07 01:10:07 discover.go:26: bus: -> Discover /workspace/code-server/config/extensions/ms-python.python-2026.4.0-universal/python_files/lib/jedilsp/jedi/third_party/typeshed/third_party/2and3/cryptography/hazmat/primitives
2026/06/07 01:10:07 discover.go:26: bus: -> Discover /workspace/code-server/config/extensions/ms-python.python-2026.4.0-universal/python_files/lib/jedilsp/jedi/third_party/typeshed/third_party/2and3/cryptography/hazmat/primitives/asymmetric
2026/06/07 01:10:07 walker.go:217: walking of {file:///workspace/code-server/config/extensions/ms-python.python-2026.4.0-universal/python_files/lib/jedilsp/jedi/third_party/typeshed/third_party/2and3/cryptography/hazmat/primitives/asymmetric} finished
2026/06/07 01:10:07 discover.go:26: bus: -> Discover /workspace/code-server/config/extensions/ms-python.python-2026.4.0-universal/python_files/lib/jedilsp/jedi/third_party/typeshed/third_party/2and3/cryptography/hazmat/primitives/ciphers
2026/06/07 01:10:07 walker.go:217: walking of {file:///workspace/code-server/config/extensions/ms-python.python-2026.4.0-universal/python_files/lib/jedilsp/jedi/third_party/typeshed/third_party/2and3/cryptography/hazmat/primitives/ciphers} finished
2026/06/07 01:10:07 discover.go:26: bus: -> Discover /workspace/code-server/config/extensions/ms-python.python-2026.4.0-universal/python_files/lib/jedilsp/jedi/third_party/typeshed/third_party/2and3/cryptography/hazmat/primitives/kdf
2026/06/07 01:10:07 walker.go:217: walking of {file:///workspace/code-server/config/extensions/ms-python.python-2026.4.0-universal/python_files/lib/jedilsp/jedi/third_party/typeshed/third_party/2and3/cryptography/hazmat/primitives/kdf} finished
2026/06/07 01:10:07 discover.go:26: bus: -> Discover /workspace/code-server/config/extensions/ms-python.python-2026.4.0-universal/python_files/lib/jedilsp/jedi/third_party/typeshed/third_party/2and3/cryptography/hazmat/primitives/serialization
2026/06/07 01:10:07 walker.go:217: walking of {file:///workspace/code-server/config/extensions/ms-python.python-2026.4.0-universal/python_files/lib/jedilsp/jedi/third_party/typeshed/third_party/2and3/cryptography/hazmat/primitives/serialization} finished
2026/06/07 01:10:07 discover.go:26: bus: -> Discover /workspace/code-server/config/extensions/ms-python.python-2026.4.0-universal/python_files/lib/jedilsp/jedi/third_party/typeshed/third_party/2and3/cryptography/hazmat/primitives/twofactor
2026/06/07 01:10:07 walker.go:217: walking of {file:///workspace/code-server/config/extensions/ms-python.python-2026.4.0-universal/python_files/lib/jedilsp/jedi/third_party/typeshed/third_party/2and3/cryptography/hazmat/primitives/twofactor} finished
2026/06/07 01:10:07 walker.go:217: walking of {file:///workspace/code-server/config/extensions/ms-python.python-2026.4.0-universal/python_files/lib/jedilsp/jedi/third_party/typeshed/third_party/2and3/cryptography/hazmat/primitives} finished
2026/06/07 01:10:07 walker.go:217: walking of {file:///workspace/code-server/config/extensions/ms-python.python-2026.4.0-universal/python_files/lib/jedilsp/jedi/third_party/typeshed/third_party/2and3/cryptography/hazmat} finished
2026/06/07 01:10:07 discover.go:26: bus: -> Discover /workspace/code-server/config/extensions/ms-python.python-2026.4.0-universal/python_files/lib/jedilsp/jedi/third_party/typeshed/third_party/2and3/cryptography/x509
2026/06/07 01:10:07 walker.go:217: walking of {file:///workspace/code-server/config/extensions/ms-python.python-2026.4.0-universal/python_files/lib/jedilsp/jedi/third_party/typeshed/third_party/2and3/cryptography/x509} finished
2026/06/07 01:10:07 walker.go:217: walking of {file:///workspace/code-server/config/extensions/ms-python.python-2026.4.0-universal/python_files/lib/jedilsp/jedi/third_party/typeshed/third_party/2and3/cryptography} finished
2026/06/07 01:10:07 discover.go:26: bus: -> Discover /workspace/code-server/config/extensions/ms-python.python-2026.4.0-universal/python_files/lib/jedilsp/jedi/third_party/typeshed/third_party/2and3/datetimerange
2026/06/07 01:10:07 walker.go:217: walking of {file:///workspace/code-server/config/extensions/ms-python.python-2026.4.0-universal/python_files/lib/jedilsp/jedi/third_party/typeshed/third_party/2and3/datetimerange} finished
2026/06/07 01:10:07 discover.go:26: bus: -> Discover /workspace/code-server/config/extensions/ms-python.python-2026.4.0-universal/python_files/lib/jedilsp/jedi/third_party/typeshed/third_party/2and3/dateutil
2026/06/07 01:10:07 discover.go:26: bus: -> Discover /workspace/code-server/config/extensions/ms-python.python-2026.4.0-universal/python_files/lib/jedilsp/jedi/third_party/typeshed/third_party/2and3/dateutil/tz
2026/06/07 01:10:07 walker.go:217: walking of {file:///workspace/code-server/config/extensions/ms-python.python-2026.4.0-universal/python_files/lib/jedilsp/jedi/third_party/typeshed/third_party/2and3/dateutil/tz} finished
2026/06/07 01:10:07 walker.go:217: walking of {file:///workspace/code-server/config/extensions/ms-python.python-2026.4.0-universal/python_files/lib/jedilsp/jedi/third_party/typeshed/third_party/2and3/dateutil} finished
2026/06/07 01:10:07 discover.go:26: bus: -> Discover /workspace/code-server/config/extensions/ms-python.python-2026.4.0-universal/python_files/lib/jedilsp/jedi/third_party/typeshed/third_party/2and3/deprecated
2026/06/07 01:10:07 walker.go:217: walking of {file:///workspace/code-server/config/extensions/ms-python.python-2026.4.0-universal/python_files/lib/jedilsp/jedi/third_party/typeshed/third_party/2and3/deprecated} finished
2026/06/07 01:10:07 discover.go:26: bus: -> Discover /workspace/code-server/config/extensions/ms-python.python-2026.4.0-universal/python_files/lib/jedilsp/jedi/third_party/typeshed/third_party/2and3/emoji
2026/06/07 01:10:07 walker.go:217: walking of {file:///workspace/code-server/config/extensions/ms-python.python-2026.4.0-universal/python_files/lib/jedilsp/jedi/third_party/typeshed/third_party/2and3/emoji} finished
2026/06/07 01:10:07 discover.go:26: bus: -> Discover /workspace/code-server/config/extensions/ms-python.python-2026.4.0-universal/python_files/lib/jedilsp/jedi/third_party/typeshed/third_party/2and3/flask
2026/06/07 01:10:07 discover.go:26: bus: -> Discover /workspace/code-server/config/extensions/ms-python.python-2026.4.0-universal/python_files/lib/jedilsp/jedi/third_party/typeshed/third_party/2and3/flask/json
2026/06/07 01:10:07 walker.go:217: walking of {file:///workspace/code-server/config/extensions/ms-python.python-2026.4.0-universal/python_files/lib/jedilsp/jedi/third_party/typeshed/third_party/2and3/flask/json} finished
2026/06/07 01:10:07 walker.go:217: walking of {file:///workspace/code-server/config/extensions/ms-python.python-2026.4.0-universal/python_files/lib/jedilsp/jedi/third_party/typeshed/third_party/2and3/flask} finished
2026/06/07 01:10:07 discover.go:26: bus: -> Discover /workspace/code-server/config/extensions/ms-python.python-2026.4.0-universal/python_files/lib/jedilsp/jedi/third_party/typeshed/third_party/2and3/geoip2
2026/06/07 01:10:07 walker.go:217: walking of {file:///workspace/code-server/config/extensions/ms-python.python-2026.4.0-universal/python_files/lib/jedilsp/jedi/third_party/typeshed/third_party/2and3/geoip2} finished
2026/06/07 01:10:07 discover.go:26: bus: -> Discover /workspace/code-server/config/extensions/ms-python.python-2026.4.0-universal/python_files/lib/jedilsp/jedi/third_party/typeshed/third_party/2and3/google
2026/06/07 01:10:07 discover.go:26: bus: -> Discover /workspace/code-server/config/extensions/ms-python.python-2026.4.0-universal/python_files/lib/jedilsp/jedi/third_party/typeshed/third_party/2and3/google/protobuf
2026/06/07 01:10:07 discover.go:26: bus: -> Discover /workspace/code-server/config/extensions/ms-python.python-2026.4.0-universal/python_files/lib/jedilsp/jedi/third_party/typeshed/third_party/2and3/google/protobuf/compiler
2026/06/07 01:10:07 walker.go:217: walking of {file:///workspace/code-server/config/extensions/ms-python.python-2026.4.0-universal/python_files/lib/jedilsp/jedi/third_party/typeshed/third_party/2and3/google/protobuf/compiler} finished
2026/06/07 01:10:07 discover.go:26: bus: -> Discover /workspace/code-server/config/extensions/ms-python.python-2026.4.0-universal/python_files/lib/jedilsp/jedi/third_party/typeshed/third_party/2and3/google/protobuf/internal
2026/06/07 01:10:07 walker.go:217: walking of {file:///workspace/code-server/config/extensions/ms-python.python-2026.4.0-universal/python_files/lib/jedilsp/jedi/third_party/typeshed/third_party/2and3/google/protobuf/internal} finished
2026/06/07 01:10:07 discover.go:26: bus: -> Discover /workspace/code-server/config/extensions/ms-python.python-2026.4.0-universal/python_files/lib/jedilsp/jedi/third_party/typeshed/third_party/2and3/google/protobuf/util
2026/06/07 01:10:07 walker.go:217: walking of {file:///workspace/code-server/config/extensions/ms-python.python-2026.4.0-universal/python_files/lib/jedilsp/jedi/third_party/typeshed/third_party/2and3/google/protobuf/util} finished
2026/06/07 01:10:07 walker.go:217: walking of {file:///workspace/code-server/config/extensions/ms-python.python-2026.4.0-universal/python_files/lib/jedilsp/jedi/third_party/typeshed/third_party/2and3/google/protobuf} finished
2026/06/07 01:10:07 walker.go:217: walking of {file:///workspace/code-server/config/extensions/ms-python.python-2026.4.0-universal/python_files/lib/jedilsp/jedi/third_party/typeshed/third_party/2and3/google} finished
2026/06/07 01:10:07 discover.go:26: bus: -> Discover /workspace/code-server/config/extensions/ms-python.python-2026.4.0-universal/python_files/lib/jedilsp/jedi/third_party/typeshed/third_party/2and3/jinja2
2026/06/07 01:10:07 walker.go:217: walking of {file:///workspace/code-server/config/extensions/ms-python.python-2026.4.0-universal/python_files/lib/jedilsp/jedi/third_party/typeshed/third_party/2and3/jinja2} finished
2026/06/07 01:10:07 discover.go:26: bus: -> Discover /workspace/code-server/config/extensions/ms-python.python-2026.4.0-universal/python_files/lib/jedilsp/jedi/third_party/typeshed/third_party/2and3/markdown
2026/06/07 01:10:07 discover.go:26: bus: -> Discover /workspace/code-server/config/extensions/ms-python.python-2026.4.0-universal/python_files/lib/jedilsp/jedi/third_party/typeshed/third_party/2and3/markdown/extensions
2026/06/07 01:10:07 walker.go:217: walking of {file:///workspace/code-server/config/extensions/ms-python.python-2026.4.0-universal/python_files/lib/jedilsp/jedi/third_party/typeshed/third_party/2and3/markdown/extensions} finished
2026/06/07 01:10:07 walker.go:217: walking of {file:///workspace/code-server/config/extensions/ms-python.python-2026.4.0-universal/python_files/lib/jedilsp/jedi/third_party/typeshed/third_party/2and3/markdown} finished
2026/06/07 01:10:07 discover.go:26: bus: -> Discover /workspace/code-server/config/extensions/ms-python.python-2026.4.0-universal/python_files/lib/jedilsp/jedi/third_party/typeshed/third_party/2and3/markupsafe
2026/06/07 01:10:07 walker.go:217: walking of {file:///workspace/code-server/config/extensions/ms-python.python-2026.4.0-universal/python_files/lib/jedilsp/jedi/third_party/typeshed/third_party/2and3/markupsafe} finished
2026/06/07 01:10:07 discover.go:26: bus: -> Discover /workspace/code-server/config/extensions/ms-python.python-2026.4.0-universal/python_files/lib/jedilsp/jedi/third_party/typeshed/third_party/2and3/maxminddb
2026/06/07 01:10:07 walker.go:217: walking of {file:///workspace/code-server/config/extensions/ms-python.python-2026.4.0-universal/python_files/lib/jedilsp/jedi/third_party/typeshed/third_party/2and3/maxminddb} finished
2026/06/07 01:10:07 discover.go:26: bus: -> Discover /workspace/code-server/config/extensions/ms-python.python-2026.4.0-universal/python_files/lib/jedilsp/jedi/third_party/typeshed/third_party/2and3/nmap
2026/06/07 01:10:07 walker.go:217: walking of {file:///workspace/code-server/config/extensions/ms-python.python-2026.4.0-universal/python_files/lib/jedilsp/jedi/third_party/typeshed/third_party/2and3/nmap} finished
2026/06/07 01:10:07 discover.go:26: bus: -> Discover /workspace/code-server/config/extensions/ms-python.python-2026.4.0-universal/python_files/lib/jedilsp/jedi/third_party/typeshed/third_party/2and3/paramiko
2026/06/07 01:10:07 walker.go:217: walking of {file:///workspace/code-server/config/extensions/ms-python.python-2026.4.0-universal/python_files/lib/jedilsp/jedi/third_party/typeshed/third_party/2and3/paramiko} finished
2026/06/07 01:10:07 discover.go:26: bus: -> Discover /workspace/code-server/config/extensions/ms-python.python-2026.4.0-universal/python_files/lib/jedilsp/jedi/third_party/typeshed/third_party/2and3/pyVmomi
2026/06/07 01:10:07 discover.go:26: bus: -> Discover /workspace/code-server/config/extensions/ms-python.python-2026.4.0-universal/python_files/lib/jedilsp/jedi/third_party/typeshed/third_party/2and3/pyVmomi/vim
2026/06/07 01:10:07 walker.go:217: walking of {file:///workspace/code-server/config/extensions/ms-python.python-2026.4.0-universal/python_files/lib/jedilsp/jedi/third_party/typeshed/third_party/2and3/pyVmomi/vim} finished
2026/06/07 01:10:07 discover.go:26: bus: -> Discover /workspace/code-server/config/extensions/ms-python.python-2026.4.0-universal/python_files/lib/jedilsp/jedi/third_party/typeshed/third_party/2and3/pyVmomi/vmodl
2026/06/07 01:10:07 walker.go:217: walking of {file:///workspace/code-server/config/extensions/ms-python.python-2026.4.0-universal/python_files/lib/jedilsp/jedi/third_party/typeshed/third_party/2and3/pyVmomi/vmodl} finished
2026/06/07 01:10:07 walker.go:217: walking of {file:///workspace/code-server/config/extensions/ms-python.python-2026.4.0-universal/python_files/lib/jedilsp/jedi/third_party/typeshed/third_party/2and3/pyVmomi} finished
2026/06/07 01:10:07 discover.go:26: bus: -> Discover /workspace/code-server/config/extensions/ms-python.python-2026.4.0-universal/python_files/lib/jedilsp/jedi/third_party/typeshed/third_party/2and3/pymysql
2026/06/07 01:10:07 discover.go:26: bus: -> Discover /workspace/code-server/config/extensions/ms-python.python-2026.4.0-universal/python_files/lib/jedilsp/jedi/third_party/typeshed/third_party/2and3/pymysql/constants
2026/06/07 01:10:07 walker.go:217: walking of {file:///workspace/code-server/config/extensions/ms-python.python-2026.4.0-universal/python_files/lib/jedilsp/jedi/third_party/typeshed/third_party/2and3/pymysql/constants} finished
2026/06/07 01:10:07 walker.go:217: walking of {file:///workspace/code-server/config/extensions/ms-python.python-2026.4.0-universal/python_files/lib/jedilsp/jedi/third_party/typeshed/third_party/2and3/pymysql} finished
2026/06/07 01:10:07 discover.go:26: bus: -> Discover /workspace/code-server/config/extensions/ms-python.python-2026.4.0-universal/python_files/lib/jedilsp/jedi/third_party/typeshed/third_party/2and3/pynamodb
2026/06/07 01:10:07 discover.go:26: bus: -> Discover /workspace/code-server/config/extensions/ms-python.python-2026.4.0-universal/python_files/lib/jedilsp/jedi/third_party/typeshed/third_party/2and3/pynamodb/connection
2026/06/07 01:10:07 walker.go:217: walking of {file:///workspace/code-server/config/extensions/ms-python.python-2026.4.0-universal/python_files/lib/jedilsp/jedi/third_party/typeshed/third_party/2and3/pynamodb/connection} finished
2026/06/07 01:10:07 walker.go:217: walking of {file:///workspace/code-server/config/extensions/ms-python.python-2026.4.0-universal/python_files/lib/jedilsp/jedi/third_party/typeshed/third_party/2and3/pynamodb} finished
2026/06/07 01:10:07 discover.go:26: bus: -> Discover /workspace/code-server/config/extensions/ms-python.python-2026.4.0-universal/python_files/lib/jedilsp/jedi/third_party/typeshed/third_party/2and3/pytz
2026/06/07 01:10:07 walker.go:217: walking of {file:///workspace/code-server/config/extensions/ms-python.python-2026.4.0-universal/python_files/lib/jedilsp/jedi/third_party/typeshed/third_party/2and3/pytz} finished
2026/06/07 01:10:07 discover.go:26: bus: -> Discover /workspace/code-server/config/extensions/ms-python.python-2026.4.0-universal/python_files/lib/jedilsp/jedi/third_party/typeshed/third_party/2and3/redis
2026/06/07 01:10:07 walker.go:217: walking of {file:///workspace/code-server/config/extensions/ms-python.python-2026.4.0-universal/python_files/lib/jedilsp/jedi/third_party/typeshed/third_party/2and3/redis} finished
2026/06/07 01:10:07 discover.go:26: bus: -> Discover /workspace/code-server/config/extensions/ms-python.python-2026.4.0-universal/python_files/lib/jedilsp/jedi/third_party/typeshed/third_party/2and3/requests
2026/06/07 01:10:07 discover.go:26: bus: -> Discover /workspace/code-server/config/extensions/ms-python.python-2026.4.0-universal/python_files/lib/jedilsp/jedi/third_party/typeshed/third_party/2and3/requests/packages
2026/06/07 01:10:07 discover.go:26: bus: -> Discover /workspace/code-server/config/extensions/ms-python.python-2026.4.0-universal/python_files/lib/jedilsp/jedi/third_party/typeshed/third_party/2and3/requests/packages/urllib3
2026/06/07 01:10:07 discover.go:26: bus: -> Discover /workspace/code-server/config/extensions/ms-python.python-2026.4.0-universal/python_files/lib/jedilsp/jedi/third_party/typeshed/third_party/2and3/requests/packages/urllib3/contrib
2026/06/07 01:10:07 walker.go:217: walking of {file:///workspace/code-server/config/extensions/ms-python.python-2026.4.0-universal/python_files/lib/jedilsp/jedi/third_party/typeshed/third_party/2and3/requests/packages/urllib3/contrib} finished
2026/06/07 01:10:07 discover.go:26: bus: -> Discover /workspace/code-server/config/extensions/ms-python.python-2026.4.0-universal/python_files/lib/jedilsp/jedi/third_party/typeshed/third_party/2and3/requests/packages/urllib3/packages
2026/06/07 01:10:07 discover.go:26: bus: -> Discover /workspace/code-server/config/extensions/ms-python.python-2026.4.0-universal/python_files/lib/jedilsp/jedi/third_party/typeshed/third_party/2and3/requests/packages/urllib3/packages/ssl_match_hostname
2026/06/07 01:10:07 walker.go:217: walking of {file:///workspace/code-server/config/extensions/ms-python.python-2026.4.0-universal/python_files/lib/jedilsp/jedi/third_party/typeshed/third_party/2and3/requests/packages/urllib3/packages/ssl_match_hostname} finished
2026/06/07 01:10:07 walker.go:217: walking of {file:///workspace/code-server/config/extensions/ms-python.python-2026.4.0-universal/python_files/lib/jedilsp/jedi/third_party/typeshed/third_party/2and3/requests/packages/urllib3/packages} finished
2026/06/07 01:10:07 discover.go:26: bus: -> Discover /workspace/code-server/config/extensions/ms-python.python-2026.4.0-universal/python_files/lib/jedilsp/jedi/third_party/typeshed/third_party/2and3/requests/packages/urllib3/util
2026/06/07 01:10:07 walker.go:217: walking of {file:///workspace/code-server/config/extensions/ms-python.python-2026.4.0-universal/python_files/lib/jedilsp/jedi/third_party/typeshed/third_party/2and3/requests/packages/urllib3/util} finished
2026/06/07 01:10:07 walker.go:217: walking of {file:///workspace/code-server/config/extensions/ms-python.python-2026.4.0-universal/python_files/lib/jedilsp/jedi/third_party/typeshed/third_party/2and3/requests/packages/urllib3} finished
2026/06/07 01:10:07 walker.go:217: walking of {file:///workspace/code-server/config/extensions/ms-python.python-2026.4.0-universal/python_files/lib/jedilsp/jedi/third_party/typeshed/third_party/2and3/requests/packages} finished
2026/06/07 01:10:07 walker.go:217: walking of {file:///workspace/code-server/config/extensions/ms-python.python-2026.4.0-universal/python_files/lib/jedilsp/jedi/third_party/typeshed/third_party/2and3/requests} finished
2026/06/07 01:10:07 discover.go:26: bus: -> Discover /workspace/code-server/config/extensions/ms-python.python-2026.4.0-universal/python_files/lib/jedilsp/jedi/third_party/typeshed/third_party/2and3/retry
2026/06/07 01:10:07 walker.go:217: walking of {file:///workspace/code-server/config/extensions/ms-python.python-2026.4.0-universal/python_files/lib/jedilsp/jedi/third_party/typeshed/third_party/2and3/retry} finished
2026/06/07 01:10:07 discover.go:26: bus: -> Discover /workspace/code-server/config/extensions/ms-python.python-2026.4.0-universal/python_files/lib/jedilsp/jedi/third_party/typeshed/third_party/2and3/simplejson
2026/06/07 01:10:07 walker.go:217: walking of {file:///workspace/code-server/config/extensions/ms-python.python-2026.4.0-universal/python_files/lib/jedilsp/jedi/third_party/typeshed/third_party/2and3/simplejson} finished
2026/06/07 01:10:07 discover.go:26: bus: -> Discover /workspace/code-server/config/extensions/ms-python.python-2026.4.0-universal/python_files/lib/jedilsp/jedi/third_party/typeshed/third_party/2and3/slugify
2026/06/07 01:10:07 walker.go:217: walking of {file:///workspace/code-server/config/extensions/ms-python.python-2026.4.0-universal/python_files/lib/jedilsp/jedi/third_party/typeshed/third_party/2and3/slugify} finished
2026/06/07 01:10:07 discover.go:26: bus: -> Discover /workspace/code-server/config/extensions/ms-python.python-2026.4.0-universal/python_files/lib/jedilsp/jedi/third_party/typeshed/third_party/2and3/tzlocal
2026/06/07 01:10:07 walker.go:217: walking of {file:///workspace/code-server/config/extensions/ms-python.python-2026.4.0-universal/python_files/lib/jedilsp/jedi/third_party/typeshed/third_party/2and3/tzlocal} finished
2026/06/07 01:10:07 discover.go:26: bus: -> Discover /workspace/code-server/config/extensions/ms-python.python-2026.4.0-universal/python_files/lib/jedilsp/jedi/third_party/typeshed/third_party/2and3/werkzeug
2026/06/07 01:10:07 discover.go:26: bus: -> Discover /workspace/code-server/config/extensions/ms-python.python-2026.4.0-universal/python_files/lib/jedilsp/jedi/third_party/typeshed/third_party/2and3/werkzeug/contrib
2026/06/07 01:10:07 walker.go:217: walking of {file:///workspace/code-server/config/extensions/ms-python.python-2026.4.0-universal/python_files/lib/jedilsp/jedi/third_party/typeshed/third_party/2and3/werkzeug/contrib} finished
2026/06/07 01:10:07 discover.go:26: bus: -> Discover /workspace/code-server/config/extensions/ms-python.python-2026.4.0-universal/python_files/lib/jedilsp/jedi/third_party/typeshed/third_party/2and3/werkzeug/debug
2026/06/07 01:10:07 walker.go:217: walking of {file:///workspace/code-server/config/extensions/ms-python.python-2026.4.0-universal/python_files/lib/jedilsp/jedi/third_party/typeshed/third_party/2and3/werkzeug/debug} finished
2026/06/07 01:10:07 discover.go:26: bus: -> Discover /workspace/code-server/config/extensions/ms-python.python-2026.4.0-universal/python_files/lib/jedilsp/jedi/third_party/typeshed/third_party/2and3/werkzeug/middleware
2026/06/07 01:10:07 walker.go:217: walking of {file:///workspace/code-server/config/extensions/ms-python.python-2026.4.0-universal/python_files/lib/jedilsp/jedi/third_party/typeshed/third_party/2and3/werkzeug/middleware} finished
2026/06/07 01:10:07 walker.go:217: walking of {file:///workspace/code-server/config/extensions/ms-python.python-2026.4.0-universal/python_files/lib/jedilsp/jedi/third_party/typeshed/third_party/2and3/werkzeug} finished
2026/06/07 01:10:07 discover.go:26: bus: -> Discover /workspace/code-server/config/extensions/ms-python.python-2026.4.0-universal/python_files/lib/jedilsp/jedi/third_party/typeshed/third_party/2and3/yaml
2026/06/07 01:10:07 walker.go:217: walking of {file:///workspace/code-server/config/extensions/ms-python.python-2026.4.0-universal/python_files/lib/jedilsp/jedi/third_party/typeshed/third_party/2and3/yaml} finished
2026/06/07 01:10:07 walker.go:217: walking of {file:///workspace/code-server/config/extensions/ms-python.python-2026.4.0-universal/python_files/lib/jedilsp/jedi/third_party/typeshed/third_party/2and3} finished
2026/06/07 01:10:07 discover.go:26: bus: -> Discover /workspace/code-server/config/extensions/ms-python.python-2026.4.0-universal/python_files/lib/jedilsp/jedi/third_party/typeshed/third_party/3
2026/06/07 01:10:07 discover.go:26: bus: -> Discover /workspace/code-server/config/extensions/ms-python.python-2026.4.0-universal/python_files/lib/jedilsp/jedi/third_party/typeshed/third_party/3/aiofiles
2026/06/07 01:10:07 discover.go:26: bus: -> Discover /workspace/code-server/config/extensions/ms-python.python-2026.4.0-universal/python_files/lib/jedilsp/jedi/third_party/typeshed/third_party/3/aiofiles/threadpool
2026/06/07 01:10:07 walker.go:217: walking of {file:///workspace/code-server/config/extensions/ms-python.python-2026.4.0-universal/python_files/lib/jedilsp/jedi/third_party/typeshed/third_party/3/aiofiles/threadpool} finished
2026/06/07 01:10:07 walker.go:217: walking of {file:///workspace/code-server/config/extensions/ms-python.python-2026.4.0-universal/python_files/lib/jedilsp/jedi/third_party/typeshed/third_party/3/aiofiles} finished
2026/06/07 01:10:07 discover.go:26: bus: -> Discover /workspace/code-server/config/extensions/ms-python.python-2026.4.0-universal/python_files/lib/jedilsp/jedi/third_party/typeshed/third_party/3/docutils
2026/06/07 01:10:07 discover.go:26: bus: -> Discover /workspace/code-server/config/extensions/ms-python.python-2026.4.0-universal/python_files/lib/jedilsp/jedi/third_party/typeshed/third_party/3/docutils/parsers
2026/06/07 01:10:07 discover.go:26: bus: -> Discover /workspace/code-server/config/extensions/ms-python.python-2026.4.0-universal/python_files/lib/jedilsp/jedi/third_party/typeshed/third_party/3/docutils/parsers/rst
2026/06/07 01:10:07 walker.go:217: walking of {file:///workspace/code-server/config/extensions/ms-python.python-2026.4.0-universal/python_files/lib/jedilsp/jedi/third_party/typeshed/third_party/3/docutils/parsers/rst} finished
2026/06/07 01:10:07 walker.go:217: walking of {file:///workspace/code-server/config/extensions/ms-python.python-2026.4.0-universal/python_files/lib/jedilsp/jedi/third_party/typeshed/third_party/3/docutils/parsers} finished
2026/06/07 01:10:07 walker.go:217: walking of {file:///workspace/code-server/config/extensions/ms-python.python-2026.4.0-universal/python_files/lib/jedilsp/jedi/third_party/typeshed/third_party/3/docutils} finished
2026/06/07 01:10:07 discover.go:26: bus: -> Discover /workspace/code-server/config/extensions/ms-python.python-2026.4.0-universal/python_files/lib/jedilsp/jedi/third_party/typeshed/third_party/3/filelock
2026/06/07 01:10:07 walker.go:217: walking of {file:///workspace/code-server/config/extensions/ms-python.python-2026.4.0-universal/python_files/lib/jedilsp/jedi/third_party/typeshed/third_party/3/filelock} finished
2026/06/07 01:10:07 discover.go:26: bus: -> Discover /workspace/code-server/config/extensions/ms-python.python-2026.4.0-universal/python_files/lib/jedilsp/jedi/third_party/typeshed/third_party/3/freezegun
2026/06/07 01:10:07 walker.go:217: walking of {file:///workspace/code-server/config/extensions/ms-python.python-2026.4.0-universal/python_files/lib/jedilsp/jedi/third_party/typeshed/third_party/3/freezegun} finished
2026/06/07 01:10:07 discover.go:26: bus: -> Discover /workspace/code-server/config/extensions/ms-python.python-2026.4.0-universal/python_files/lib/jedilsp/jedi/third_party/typeshed/third_party/3/jwt
2026/06/07 01:10:07 discover.go:26: bus: -> Discover /workspace/code-server/config/extensions/ms-python.python-2026.4.0-universal/python_files/lib/jedilsp/jedi/third_party/typeshed/third_party/3/jwt/contrib
2026/06/07 01:10:07 discover.go:26: bus: -> Discover /workspace/code-server/config/extensions/ms-python.python-2026.4.0-universal/python_files/lib/jedilsp/jedi/third_party/typeshed/third_party/3/jwt/contrib/algorithms
2026/06/07 01:10:07 walker.go:217: walking of {file:///workspace/code-server/config/extensions/ms-python.python-2026.4.0-universal/python_files/lib/jedilsp/jedi/third_party/typeshed/third_party/3/jwt/contrib/algorithms} finished
2026/06/07 01:10:07 walker.go:217: walking of {file:///workspace/code-server/config/extensions/ms-python.python-2026.4.0-universal/python_files/lib/jedilsp/jedi/third_party/typeshed/third_party/3/jwt/contrib} finished
2026/06/07 01:10:07 walker.go:217: walking of {file:///workspace/code-server/config/extensions/ms-python.python-2026.4.0-universal/python_files/lib/jedilsp/jedi/third_party/typeshed/third_party/3/jwt} finished
2026/06/07 01:10:07 discover.go:26: bus: -> Discover /workspace/code-server/config/extensions/ms-python.python-2026.4.0-universal/python_files/lib/jedilsp/jedi/third_party/typeshed/third_party/3/pkg_resources
2026/06/07 01:10:07 walker.go:217: walking of {file:///workspace/code-server/config/extensions/ms-python.python-2026.4.0-universal/python_files/lib/jedilsp/jedi/third_party/typeshed/third_party/3/pkg_resources} finished
2026/06/07 01:10:07 discover.go:26: bus: -> Discover /workspace/code-server/config/extensions/ms-python.python-2026.4.0-universal/python_files/lib/jedilsp/jedi/third_party/typeshed/third_party/3/pyrfc3339
2026/06/07 01:10:07 walker.go:217: walking of {file:///workspace/code-server/config/extensions/ms-python.python-2026.4.0-universal/python_files/lib/jedilsp/jedi/third_party/typeshed/third_party/3/pyrfc3339} finished
2026/06/07 01:10:07 discover.go:26: bus: -> Discover /workspace/code-server/config/extensions/ms-python.python-2026.4.0-universal/python_files/lib/jedilsp/jedi/third_party/typeshed/third_party/3/six
2026/06/07 01:10:07 discover.go:26: bus: -> Discover /workspace/code-server/config/extensions/ms-python.python-2026.4.0-universal/python_files/lib/jedilsp/jedi/third_party/typeshed/third_party/3/six/moves
2026/06/07 01:10:07 discover.go:26: bus: -> Discover /workspace/code-server/config/extensions/ms-python.python-2026.4.0-universal/python_files/lib/jedilsp/jedi/third_party/typeshed/third_party/3/six/moves/urllib
2026/06/07 01:10:07 walker.go:217: walking of {file:///workspace/code-server/config/extensions/ms-python.python-2026.4.0-universal/python_files/lib/jedilsp/jedi/third_party/typeshed/third_party/3/six/moves/urllib} finished
2026/06/07 01:10:07 walker.go:217: walking of {file:///workspace/code-server/config/extensions/ms-python.python-2026.4.0-universal/python_files/lib/jedilsp/jedi/third_party/typeshed/third_party/3/six/moves} finished
2026/06/07 01:10:07 walker.go:217: walking of {file:///workspace/code-server/config/extensions/ms-python.python-2026.4.0-universal/python_files/lib/jedilsp/jedi/third_party/typeshed/third_party/3/six} finished
2026/06/07 01:10:07 discover.go:26: bus: -> Discover /workspace/code-server/config/extensions/ms-python.python-2026.4.0-universal/python_files/lib/jedilsp/jedi/third_party/typeshed/third_party/3/typed_ast
2026/06/07 01:10:07 walker.go:217: walking of {file:///workspace/code-server/config/extensions/ms-python.python-2026.4.0-universal/python_files/lib/jedilsp/jedi/third_party/typeshed/third_party/3/typed_ast} finished
2026/06/07 01:10:07 discover.go:26: bus: -> Discover /workspace/code-server/config/extensions/ms-python.python-2026.4.0-universal/python_files/lib/jedilsp/jedi/third_party/typeshed/third_party/3/waitress
2026/06/07 01:10:07 walker.go:217: walking of {file:///workspace/code-server/config/extensions/ms-python.python-2026.4.0-universal/python_files/lib/jedilsp/jedi/third_party/typeshed/third_party/3/waitress} finished
2026/06/07 01:10:07 walker.go:217: walking of {file:///workspace/code-server/config/extensions/ms-python.python-2026.4.0-universal/python_files/lib/jedilsp/jedi/third_party/typeshed/third_party/3} finished
2026/06/07 01:10:07 walker.go:217: walking of {file:///workspace/code-server/config/extensions/ms-python.python-2026.4.0-universal/python_files/lib/jedilsp/jedi/third_party/typeshed/third_party} finished
2026/06/07 01:10:07 walker.go:217: walking of {file:///workspace/code-server/config/extensions/ms-python.python-2026.4.0-universal/python_files/lib/jedilsp/jedi/third_party/typeshed} finished
2026/06/07 01:10:07 walker.go:217: walking of {file:///workspace/code-server/config/extensions/ms-python.python-2026.4.0-universal/python_files/lib/jedilsp/jedi/third_party} finished
2026/06/07 01:10:07 walker.go:217: walking of {file:///workspace/code-server/config/extensions/ms-python.python-2026.4.0-universal/python_files/lib/jedilsp/jedi} finished
2026/06/07 01:10:07 discover.go:26: bus: -> Discover /workspace/code-server/config/extensions/ms-python.python-2026.4.0-universal/python_files/lib/jedilsp/jedi-0.19.2.dist-info
2026/06/07 01:10:07 walker.go:217: walking of {file:///workspace/code-server/config/extensions/ms-python.python-2026.4.0-universal/python_files/lib/jedilsp/jedi-0.19.2.dist-info} finished
2026/06/07 01:10:07 discover.go:26: bus: -> Discover /workspace/code-server/config/extensions/ms-python.python-2026.4.0-universal/python_files/lib/jedilsp/jedi_language_server
2026/06/07 01:10:07 walker.go:217: walking of {file:///workspace/code-server/config/extensions/ms-python.python-2026.4.0-universal/python_files/lib/jedilsp/jedi_language_server} finished
2026/06/07 01:10:07 discover.go:26: bus: -> Discover /workspace/code-server/config/extensions/ms-python.python-2026.4.0-universal/python_files/lib/jedilsp/jedi_language_server-0.45.1.dist-info
2026/06/07 01:10:07 walker.go:217: walking of {file:///workspace/code-server/config/extensions/ms-python.python-2026.4.0-universal/python_files/lib/jedilsp/jedi_language_server-0.45.1.dist-info} finished
2026/06/07 01:10:07 discover.go:26: bus: -> Discover /workspace/code-server/config/extensions/ms-python.python-2026.4.0-universal/python_files/lib/jedilsp/lsprotocol
2026/06/07 01:10:07 walker.go:217: walking of {file:///workspace/code-server/config/extensions/ms-python.python-2026.4.0-universal/python_files/lib/jedilsp/lsprotocol} finished
2026/06/07 01:10:07 discover.go:26: bus: -> Discover /workspace/code-server/config/extensions/ms-python.python-2026.4.0-universal/python_files/lib/jedilsp/lsprotocol-2023.0.1.dist-info
2026/06/07 01:10:07 walker.go:217: walking of {file:///workspace/code-server/config/extensions/ms-python.python-2026.4.0-universal/python_files/lib/jedilsp/lsprotocol-2023.0.1.dist-info} finished
2026/06/07 01:10:07 discover.go:26: bus: -> Discover /workspace/code-server/config/extensions/ms-python.python-2026.4.0-universal/python_files/lib/jedilsp/parso
2026/06/07 01:10:07 discover.go:26: bus: -> Discover /workspace/code-server/config/extensions/ms-python.python-2026.4.0-universal/python_files/lib/jedilsp/parso/pgen2
2026/06/07 01:10:07 walker.go:217: walking of {file:///workspace/code-server/config/extensions/ms-python.python-2026.4.0-universal/python_files/lib/jedilsp/parso/pgen2} finished
2026/06/07 01:10:07 discover.go:26: bus: -> Discover /workspace/code-server/config/extensions/ms-python.python-2026.4.0-universal/python_files/lib/jedilsp/parso/python
2026/06/07 01:10:07 walker.go:217: walking of {file:///workspace/code-server/config/extensions/ms-python.python-2026.4.0-universal/python_files/lib/jedilsp/parso/python} finished
2026/06/07 01:10:07 walker.go:217: walking of {file:///workspace/code-server/config/extensions/ms-python.python-2026.4.0-universal/python_files/lib/jedilsp/parso} finished
2026/06/07 01:10:07 discover.go:26: bus: -> Discover /workspace/code-server/config/extensions/ms-python.python-2026.4.0-universal/python_files/lib/jedilsp/parso-0.8.5.dist-info
2026/06/07 01:10:07 discover.go:26: bus: -> Discover /workspace/code-server/config/extensions/ms-python.python-2026.4.0-universal/python_files/lib/jedilsp/parso-0.8.5.dist-info/licenses
2026/06/07 01:10:07 walker.go:217: walking of {file:///workspace/code-server/config/extensions/ms-python.python-2026.4.0-universal/python_files/lib/jedilsp/parso-0.8.5.dist-info/licenses} finished
2026/06/07 01:10:07 walker.go:217: walking of {file:///workspace/code-server/config/extensions/ms-python.python-2026.4.0-universal/python_files/lib/jedilsp/parso-0.8.5.dist-info} finished
2026/06/07 01:10:07 discover.go:26: bus: -> Discover /workspace/code-server/config/extensions/ms-python.python-2026.4.0-universal/python_files/lib/jedilsp/pygls
2026/06/07 01:10:07 discover.go:26: bus: -> Discover /workspace/code-server/config/extensions/ms-python.python-2026.4.0-universal/python_files/lib/jedilsp/pygls/lsp
2026/06/07 01:10:07 walker.go:217: walking of {file:///workspace/code-server/config/extensions/ms-python.python-2026.4.0-universal/python_files/lib/jedilsp/pygls/lsp} finished
2026/06/07 01:10:07 discover.go:26: bus: -> Discover /workspace/code-server/config/extensions/ms-python.python-2026.4.0-universal/python_files/lib/jedilsp/pygls/protocol
2026/06/07 01:10:07 walker.go:217: walking of {file:///workspace/code-server/config/extensions/ms-python.python-2026.4.0-universal/python_files/lib/jedilsp/pygls/protocol} finished
2026/06/07 01:10:07 discover.go:26: bus: -> Discover /workspace/code-server/config/extensions/ms-python.python-2026.4.0-universal/python_files/lib/jedilsp/pygls/workspace
2026/06/07 01:10:07 walker.go:217: walking of {file:///workspace/code-server/config/extensions/ms-python.python-2026.4.0-universal/python_files/lib/jedilsp/pygls/workspace} finished
2026/06/07 01:10:07 walker.go:217: walking of {file:///workspace/code-server/config/extensions/ms-python.python-2026.4.0-universal/python_files/lib/jedilsp/pygls} finished
2026/06/07 01:10:07 discover.go:26: bus: -> Discover /workspace/code-server/config/extensions/ms-python.python-2026.4.0-universal/python_files/lib/jedilsp/pygls-1.3.1.dist-info
2026/06/07 01:10:07 walker.go:217: walking of {file:///workspace/code-server/config/extensions/ms-python.python-2026.4.0-universal/python_files/lib/jedilsp/pygls-1.3.1.dist-info} finished
2026/06/07 01:10:07 discover.go:26: bus: -> Discover /workspace/code-server/config/extensions/ms-python.python-2026.4.0-universal/python_files/lib/jedilsp/typing_extensions-4.15.0.dist-info
2026/06/07 01:10:07 discover.go:26: bus: -> Discover /workspace/code-server/config/extensions/ms-python.python-2026.4.0-universal/python_files/lib/jedilsp/typing_extensions-4.15.0.dist-info/licenses
2026/06/07 01:10:07 walker.go:217: walking of {file:///workspace/code-server/config/extensions/ms-python.python-2026.4.0-universal/python_files/lib/jedilsp/typing_extensions-4.15.0.dist-info/licenses} finished
2026/06/07 01:10:07 walker.go:217: walking of {file:///workspace/code-server/config/extensions/ms-python.python-2026.4.0-universal/python_files/lib/jedilsp/typing_extensions-4.15.0.dist-info} finished
2026/06/07 01:10:07 discover.go:26: bus: -> Discover /workspace/code-server/config/extensions/ms-python.python-2026.4.0-universal/python_files/lib/jedilsp/zipp
2026/06/07 01:10:07 discover.go:26: bus: -> Discover /workspace/code-server/config/extensions/ms-python.python-2026.4.0-universal/python_files/lib/jedilsp/zipp/compat
2026/06/07 01:10:07 walker.go:217: walking of {file:///workspace/code-server/config/extensions/ms-python.python-2026.4.0-universal/python_files/lib/jedilsp/zipp/compat} finished
2026/06/07 01:10:07 walker.go:217: walking of {file:///workspace/code-server/config/extensions/ms-python.python-2026.4.0-universal/python_files/lib/jedilsp/zipp} finished
2026/06/07 01:10:07 discover.go:26: bus: -> Discover /workspace/code-server/config/extensions/ms-python.python-2026.4.0-universal/python_files/lib/jedilsp/zipp-3.23.0.dist-info
2026/06/07 01:10:07 discover.go:26: bus: -> Discover /workspace/code-server/config/extensions/ms-python.python-2026.4.0-universal/python_files/lib/jedilsp/zipp-3.23.0.dist-info/licenses
2026/06/07 01:10:07 walker.go:217: walking of {file:///workspace/code-server/config/extensions/ms-python.python-2026.4.0-universal/python_files/lib/jedilsp/zipp-3.23.0.dist-info/licenses} finished
2026/06/07 01:10:07 walker.go:217: walking of {file:///workspace/code-server/config/extensions/ms-python.python-2026.4.0-universal/python_files/lib/jedilsp/zipp-3.23.0.dist-info} finished
2026/06/07 01:10:07 walker.go:217: walking of {file:///workspace/code-server/config/extensions/ms-python.python-2026.4.0-universal/python_files/lib/jedilsp} finished
2026/06/07 01:10:07 discover.go:26: bus: -> Discover /workspace/code-server/config/extensions/ms-python.python-2026.4.0-universal/python_files/lib/python
2026/06/07 01:10:07 discover.go:26: bus: -> Discover /workspace/code-server/config/extensions/ms-python.python-2026.4.0-universal/python_files/lib/python/importlib_metadata
2026/06/07 01:10:07 discover.go:26: bus: -> Discover /workspace/code-server/config/extensions/ms-python.python-2026.4.0-universal/python_files/lib/python/importlib_metadata/compat
2026/06/07 01:10:07 walker.go:217: walking of {file:///workspace/code-server/config/extensions/ms-python.python-2026.4.0-universal/python_files/lib/python/importlib_metadata/compat} finished
2026/06/07 01:10:07 walker.go:217: walking of {file:///workspace/code-server/config/extensions/ms-python.python-2026.4.0-universal/python_files/lib/python/importlib_metadata} finished
2026/06/07 01:10:07 discover.go:26: bus: -> Discover /workspace/code-server/config/extensions/ms-python.python-2026.4.0-universal/python_files/lib/python/importlib_metadata-8.7.1.dist-info
2026/06/07 01:10:07 discover.go:26: bus: -> Discover /workspace/code-server/config/extensions/ms-python.python-2026.4.0-universal/python_files/lib/python/importlib_metadata-8.7.1.dist-info/licenses
2026/06/07 01:10:07 walker.go:217: walking of {file:///workspace/code-server/config/extensions/ms-python.python-2026.4.0-universal/python_files/lib/python/importlib_metadata-8.7.1.dist-info/licenses} finished
2026/06/07 01:10:07 walker.go:217: walking of {file:///workspace/code-server/config/extensions/ms-python.python-2026.4.0-universal/python_files/lib/python/importlib_metadata-8.7.1.dist-info} finished
2026/06/07 01:10:07 discover.go:26: bus: -> Discover /workspace/code-server/config/extensions/ms-python.python-2026.4.0-universal/python_files/lib/python/microvenv
2026/06/07 01:10:07 walker.go:217: walking of {file:///workspace/code-server/config/extensions/ms-python.python-2026.4.0-universal/python_files/lib/python/microvenv} finished
2026/06/07 01:10:07 discover.go:26: bus: -> Discover /workspace/code-server/config/extensions/ms-python.python-2026.4.0-universal/python_files/lib/python/microvenv-2025.0.dist-info
2026/06/07 01:10:07 discover.go:26: bus: -> Discover /workspace/code-server/config/extensions/ms-python.python-2026.4.0-universal/python_files/lib/python/microvenv-2025.0.dist-info/licenses
2026/06/07 01:10:07 walker.go:217: walking of {file:///workspace/code-server/config/extensions/ms-python.python-2026.4.0-universal/python_files/lib/python/microvenv-2025.0.dist-info/licenses} finished
2026/06/07 01:10:07 walker.go:217: walking of {file:///workspace/code-server/config/extensions/ms-python.python-2026.4.0-universal/python_files/lib/python/microvenv-2025.0.dist-info} finished
2026/06/07 01:10:07 discover.go:26: bus: -> Discover /workspace/code-server/config/extensions/ms-python.python-2026.4.0-universal/python_files/lib/python/packaging
2026/06/07 01:10:07 discover.go:26: bus: -> Discover /workspace/code-server/config/extensions/ms-python.python-2026.4.0-universal/python_files/lib/python/packaging/licenses
2026/06/07 01:10:07 walker.go:217: walking of {file:///workspace/code-server/config/extensions/ms-python.python-2026.4.0-universal/python_files/lib/python/packaging/licenses} finished
2026/06/07 01:10:07 walker.go:217: walking of {file:///workspace/code-server/config/extensions/ms-python.python-2026.4.0-universal/python_files/lib/python/packaging} finished
2026/06/07 01:10:07 discover.go:26: bus: -> Discover /workspace/code-server/config/extensions/ms-python.python-2026.4.0-universal/python_files/lib/python/packaging-26.0.dist-info
2026/06/07 01:10:07 discover.go:26: bus: -> Discover /workspace/code-server/config/extensions/ms-python.python-2026.4.0-universal/python_files/lib/python/packaging-26.0.dist-info/licenses
2026/06/07 01:10:07 walker.go:217: walking of {file:///workspace/code-server/config/extensions/ms-python.python-2026.4.0-universal/python_files/lib/python/packaging-26.0.dist-info/licenses} finished
2026/06/07 01:10:07 walker.go:217: walking of {file:///workspace/code-server/config/extensions/ms-python.python-2026.4.0-universal/python_files/lib/python/packaging-26.0.dist-info} finished
2026/06/07 01:10:07 discover.go:26: bus: -> Discover /workspace/code-server/config/extensions/ms-python.python-2026.4.0-universal/python_files/lib/python/tomli
2026/06/07 01:10:07 walker.go:217: walking of {file:///workspace/code-server/config/extensions/ms-python.python-2026.4.0-universal/python_files/lib/python/tomli} finished
2026/06/07 01:10:07 discover.go:26: bus: -> Discover /workspace/code-server/config/extensions/ms-python.python-2026.4.0-universal/python_files/lib/python/tomli-2.4.0.dist-info
2026/06/07 01:10:07 discover.go:26: bus: -> Discover /workspace/code-server/config/extensions/ms-python.python-2026.4.0-universal/python_files/lib/python/tomli-2.4.0.dist-info/licenses
2026/06/07 01:10:07 walker.go:217: walking of {file:///workspace/code-server/config/extensions/ms-python.python-2026.4.0-universal/python_files/lib/python/tomli-2.4.0.dist-info/licenses} finished
2026/06/07 01:10:07 walker.go:217: walking of {file:///workspace/code-server/config/extensions/ms-python.python-2026.4.0-universal/python_files/lib/python/tomli-2.4.0.dist-info} finished
2026/06/07 01:10:07 discover.go:26: bus: -> Discover /workspace/code-server/config/extensions/ms-python.python-2026.4.0-universal/python_files/lib/python/typing_extensions-4.15.0.dist-info
2026/06/07 01:10:07 discover.go:26: bus: -> Discover /workspace/code-server/config/extensions/ms-python.python-2026.4.0-universal/python_files/lib/python/typing_extensions-4.15.0.dist-info/licenses
2026/06/07 01:10:07 walker.go:217: walking of {file:///workspace/code-server/config/extensions/ms-python.python-2026.4.0-universal/python_files/lib/python/typing_extensions-4.15.0.dist-info/licenses} finished
2026/06/07 01:10:07 walker.go:217: walking of {file:///workspace/code-server/config/extensions/ms-python.python-2026.4.0-universal/python_files/lib/python/typing_extensions-4.15.0.dist-info} finished
2026/06/07 01:10:07 discover.go:26: bus: -> Discover /workspace/code-server/config/extensions/ms-python.python-2026.4.0-universal/python_files/lib/python/zipp
2026/06/07 01:10:07 discover.go:26: bus: -> Discover /workspace/code-server/config/extensions/ms-python.python-2026.4.0-universal/python_files/lib/python/zipp/compat
2026/06/07 01:10:07 walker.go:217: walking of {file:///workspace/code-server/config/extensions/ms-python.python-2026.4.0-universal/python_files/lib/python/zipp/compat} finished
2026/06/07 01:10:07 walker.go:217: walking of {file:///workspace/code-server/config/extensions/ms-python.python-2026.4.0-universal/python_files/lib/python/zipp} finished
2026/06/07 01:10:07 discover.go:26: bus: -> Discover /workspace/code-server/config/extensions/ms-python.python-2026.4.0-universal/python_files/lib/python/zipp-3.21.0.dist-info
2026/06/07 01:10:07 walker.go:217: walking of {file:///workspace/code-server/config/extensions/ms-python.python-2026.4.0-universal/python_files/lib/python/zipp-3.21.0.dist-info} finished
2026/06/07 01:10:07 walker.go:217: walking of {file:///workspace/code-server/config/extensions/ms-python.python-2026.4.0-universal/python_files/lib/python} finished
2026/06/07 01:10:07 walker.go:217: walking of {file:///workspace/code-server/config/extensions/ms-python.python-2026.4.0-universal/python_files/lib} finished
2026/06/07 01:10:07 discover.go:26: bus: -> Discover /workspace/code-server/config/extensions/ms-python.python-2026.4.0-universal/python_files/testing_tools
2026/06/07 01:10:07 walker.go:217: walking of {file:///workspace/code-server/config/extensions/ms-python.python-2026.4.0-universal/python_files/testing_tools} finished
2026/06/07 01:10:07 discover.go:26: bus: -> Discover /workspace/code-server/config/extensions/ms-python.python-2026.4.0-universal/python_files/unittestadapter
2026/06/07 01:10:07 walker.go:217: walking of {file:///workspace/code-server/config/extensions/ms-python.python-2026.4.0-universal/python_files/unittestadapter} finished
2026/06/07 01:10:07 discover.go:26: bus: -> Discover /workspace/code-server/config/extensions/ms-python.python-2026.4.0-universal/python_files/vscode_datascience_helpers
2026/06/07 01:10:07 discover.go:26: bus: -> Discover /workspace/code-server/config/extensions/ms-python.python-2026.4.0-universal/python_files/vscode_datascience_helpers/tests
2026/06/07 01:10:07 walker.go:217: walking of {file:///workspace/code-server/config/extensions/ms-python.python-2026.4.0-universal/python_files/vscode_datascience_helpers/tests} finished
2026/06/07 01:10:07 walker.go:217: walking of {file:///workspace/code-server/config/extensions/ms-python.python-2026.4.0-universal/python_files/vscode_datascience_helpers} finished
2026/06/07 01:10:07 discover.go:26: bus: -> Discover /workspace/code-server/config/extensions/ms-python.python-2026.4.0-universal/python_files/vscode_pytest
2026/06/07 01:10:07 walker.go:217: walking of {file:///workspace/code-server/config/extensions/ms-python.python-2026.4.0-universal/python_files/vscode_pytest} finished
2026/06/07 01:10:07 walker.go:217: walking of {file:///workspace/code-server/config/extensions/ms-python.python-2026.4.0-universal/python_files} finished
2026/06/07 01:10:07 discover.go:26: bus: -> Discover /workspace/code-server/config/extensions/ms-python.python-2026.4.0-universal/resources
2026/06/07 01:10:07 discover.go:26: bus: -> Discover /workspace/code-server/config/extensions/ms-python.python-2026.4.0-universal/resources/dark
2026/06/07 01:10:07 walker.go:217: walking of {file:///workspace/code-server/config/extensions/ms-python.python-2026.4.0-universal/resources/dark} finished
2026/06/07 01:10:07 discover.go:26: bus: -> Discover /workspace/code-server/config/extensions/ms-python.python-2026.4.0-universal/resources/light
2026/06/07 01:10:07 walker.go:217: walking of {file:///workspace/code-server/config/extensions/ms-python.python-2026.4.0-universal/resources/light} finished
2026/06/07 01:10:07 discover.go:26: bus: -> Discover /workspace/code-server/config/extensions/ms-python.python-2026.4.0-universal/resources/walkthrough
2026/06/07 01:10:07 walker.go:217: walking of {file:///workspace/code-server/config/extensions/ms-python.python-2026.4.0-universal/resources/walkthrough} finished
2026/06/07 01:10:07 walker.go:217: walking of {file:///workspace/code-server/config/extensions/ms-python.python-2026.4.0-universal/resources} finished
2026/06/07 01:10:07 discover.go:26: bus: -> Discover /workspace/code-server/config/extensions/ms-python.python-2026.4.0-universal/schemas
2026/06/07 01:10:07 walker.go:217: walking of {file:///workspace/code-server/config/extensions/ms-python.python-2026.4.0-universal/schemas} finished
2026/06/07 01:10:07 discover.go:26: bus: -> Discover /workspace/code-server/config/extensions/ms-python.python-2026.4.0-universal/syntaxes
2026/06/07 01:10:07 walker.go:217: walking of {file:///workspace/code-server/config/extensions/ms-python.python-2026.4.0-universal/syntaxes} finished
2026/06/07 01:10:07 walker.go:217: walking of {file:///workspace/code-server/config/extensions/ms-python.python-2026.4.0-universal} finished
2026/06/07 01:10:07 discover.go:26: bus: -> Discover /workspace/code-server/config/extensions/ms-python.vscode-python-envs-1.30.0-universal
2026/06/07 01:10:07 discover.go:26: bus: -> Discover /workspace/code-server/config/extensions/ms-python.vscode-python-envs-1.30.0-universal/.github
2026/06/07 01:10:07 discover.go:26: bus: -> Discover /workspace/code-server/config/extensions/ms-python.vscode-python-envs-1.30.0-universal/.github/ISSUE_TEMPLATE
2026/06/07 01:10:07 walker.go:217: walking of {file:///workspace/code-server/config/extensions/ms-python.vscode-python-envs-1.30.0-universal/.github/ISSUE_TEMPLATE} finished
2026/06/07 01:10:07 discover.go:26: bus: -> Discover /workspace/code-server/config/extensions/ms-python.vscode-python-envs-1.30.0-universal/.github/actions
2026/06/07 01:10:07 discover.go:26: bus: -> Discover /workspace/code-server/config/extensions/ms-python.vscode-python-envs-1.30.0-universal/.github/actions/build-vsix
2026/06/07 01:10:07 walker.go:217: walking of {file:///workspace/code-server/config/extensions/ms-python.vscode-python-envs-1.30.0-universal/.github/actions/build-vsix} finished
2026/06/07 01:10:07 walker.go:217: walking of {file:///workspace/code-server/config/extensions/ms-python.vscode-python-envs-1.30.0-universal/.github/actions} finished
2026/06/07 01:10:07 discover.go:26: bus: -> Discover /workspace/code-server/config/extensions/ms-python.vscode-python-envs-1.30.0-universal/.github/agents
2026/06/07 01:10:07 walker.go:217: walking of {file:///workspace/code-server/config/extensions/ms-python.vscode-python-envs-1.30.0-universal/.github/agents} finished
2026/06/07 01:10:07 discover.go:26: bus: -> Discover /workspace/code-server/config/extensions/ms-python.vscode-python-envs-1.30.0-universal/.github/hooks
2026/06/07 01:10:07 discover.go:26: bus: -> Discover /workspace/code-server/config/extensions/ms-python.vscode-python-envs-1.30.0-universal/.github/hooks/scripts
2026/06/07 01:10:07 walker.go:217: walking of {file:///workspace/code-server/config/extensions/ms-python.vscode-python-envs-1.30.0-universal/.github/hooks/scripts} finished
2026/06/07 01:10:07 walker.go:217: walking of {file:///workspace/code-server/config/extensions/ms-python.vscode-python-envs-1.30.0-universal/.github/hooks} finished
2026/06/07 01:10:07 discover.go:26: bus: -> Discover /workspace/code-server/config/extensions/ms-python.vscode-python-envs-1.30.0-universal/.github/instructions
2026/06/07 01:10:07 walker.go:217: walking of {file:///workspace/code-server/config/extensions/ms-python.vscode-python-envs-1.30.0-universal/.github/instructions} finished
2026/06/07 01:10:07 discover.go:26: bus: -> Discover /workspace/code-server/config/extensions/ms-python.vscode-python-envs-1.30.0-universal/.github/prompts
2026/06/07 01:10:07 walker.go:217: walking of {file:///workspace/code-server/config/extensions/ms-python.vscode-python-envs-1.30.0-universal/.github/prompts} finished
2026/06/07 01:10:07 discover.go:26: bus: -> Discover /workspace/code-server/config/extensions/ms-python.vscode-python-envs-1.30.0-universal/.github/skills
2026/06/07 01:10:07 discover.go:26: bus: -> Discover /workspace/code-server/config/extensions/ms-python.vscode-python-envs-1.30.0-universal/.github/skills/cross-platform-paths
2026/06/07 01:10:07 walker.go:217: walking of {file:///workspace/code-server/config/extensions/ms-python.vscode-python-envs-1.30.0-universal/.github/skills/cross-platform-paths} finished
2026/06/07 01:10:07 discover.go:26: bus: -> Discover /workspace/code-server/config/extensions/ms-python.vscode-python-envs-1.30.0-universal/.github/skills/debug-failing-test
2026/06/07 01:10:07 walker.go:217: walking of {file:///workspace/code-server/config/extensions/ms-python.vscode-python-envs-1.30.0-universal/.github/skills/debug-failing-test} finished
2026/06/07 01:10:07 discover.go:26: bus: -> Discover /workspace/code-server/config/extensions/ms-python.vscode-python-envs-1.30.0-universal/.github/skills/generate-snapshot
2026/06/07 01:10:07 walker.go:217: walking of {file:///workspace/code-server/config/extensions/ms-python.vscode-python-envs-1.30.0-universal/.github/skills/generate-snapshot} finished
2026/06/07 01:10:07 discover.go:26: bus: -> Discover /workspace/code-server/config/extensions/ms-python.vscode-python-envs-1.30.0-universal/.github/skills/python-manager-discovery
2026/06/07 01:10:07 walker.go:217: walking of {file:///workspace/code-server/config/extensions/ms-python.vscode-python-envs-1.30.0-universal/.github/skills/python-manager-discovery} finished
2026/06/07 01:10:07 discover.go:26: bus: -> Discover /workspace/code-server/config/extensions/ms-python.vscode-python-envs-1.30.0-universal/.github/skills/run-e2e-tests
2026/06/07 01:10:07 walker.go:217: walking of {file:///workspace/code-server/config/extensions/ms-python.vscode-python-envs-1.30.0-universal/.github/skills/run-e2e-tests} finished
2026/06/07 01:10:07 discover.go:26: bus: -> Discover /workspace/code-server/config/extensions/ms-python.vscode-python-envs-1.30.0-universal/.github/skills/run-integration-tests
2026/06/07 01:10:07 walker.go:217: walking of {file:///workspace/code-server/config/extensions/ms-python.vscode-python-envs-1.30.0-universal/.github/skills/run-integration-tests} finished
2026/06/07 01:10:07 discover.go:26: bus: -> Discover /workspace/code-server/config/extensions/ms-python.vscode-python-envs-1.30.0-universal/.github/skills/run-pre-commit-checks
2026/06/07 01:10:07 walker.go:217: walking of {file:///workspace/code-server/config/extensions/ms-python.vscode-python-envs-1.30.0-universal/.github/skills/run-pre-commit-checks} finished
2026/06/07 01:10:07 discover.go:26: bus: -> Discover /workspace/code-server/config/extensions/ms-python.vscode-python-envs-1.30.0-universal/.github/skills/run-smoke-tests
2026/06/07 01:10:07 walker.go:217: walking of {file:///workspace/code-server/config/extensions/ms-python.vscode-python-envs-1.30.0-universal/.github/skills/run-smoke-tests} finished
2026/06/07 01:10:07 discover.go:26: bus: -> Discover /workspace/code-server/config/extensions/ms-python.vscode-python-envs-1.30.0-universal/.github/skills/settings-precedence
2026/06/07 01:10:07 walker.go:217: walking of {file:///workspace/code-server/config/extensions/ms-python.vscode-python-envs-1.30.0-universal/.github/skills/settings-precedence} finished
2026/06/07 01:10:07 walker.go:217: walking of {file:///workspace/code-server/config/extensions/ms-python.vscode-python-envs-1.30.0-universal/.github/skills} finished
2026/06/07 01:10:07 discover.go:26: bus: -> Discover /workspace/code-server/config/extensions/ms-python.vscode-python-envs-1.30.0-universal/.github/workflows
2026/06/07 01:10:07 walker.go:217: walking of {file:///workspace/code-server/config/extensions/ms-python.vscode-python-envs-1.30.0-universal/.github/workflows} finished
2026/06/07 01:10:07 walker.go:217: walking of {file:///workspace/code-server/config/extensions/ms-python.vscode-python-envs-1.30.0-universal/.github} finished
2026/06/07 01:10:07 discover.go:26: bus: -> Discover /workspace/code-server/config/extensions/ms-python.vscode-python-envs-1.30.0-universal/analysis
2026/06/07 01:10:07 walker.go:217: walking of {file:///workspace/code-server/config/extensions/ms-python.vscode-python-envs-1.30.0-universal/analysis} finished
2026/06/07 01:10:07 discover.go:26: bus: -> Discover /workspace/code-server/config/extensions/ms-python.vscode-python-envs-1.30.0-universal/api
2026/06/07 01:10:07 walker.go:217: walking of {file:///workspace/code-server/config/extensions/ms-python.vscode-python-envs-1.30.0-universal/api} finished
2026/06/07 01:10:07 discover.go:26: bus: -> Discover /workspace/code-server/config/extensions/ms-python.vscode-python-envs-1.30.0-universal/build
2026/06/07 01:10:07 walker.go:217: walking of {file:///workspace/code-server/config/extensions/ms-python.vscode-python-envs-1.30.0-universal/build} finished
2026/06/07 01:10:07 discover.go:26: bus: -> Discover /workspace/code-server/config/extensions/ms-python.vscode-python-envs-1.30.0-universal/dist
2026/06/07 01:10:07 walker.go:217: walking of {file:///workspace/code-server/config/extensions/ms-python.vscode-python-envs-1.30.0-universal/dist} finished
2026/06/07 01:10:07 discover.go:26: bus: -> Discover /workspace/code-server/config/extensions/ms-python.vscode-python-envs-1.30.0-universal/docs
2026/06/07 01:10:07 walker.go:217: walking of {file:///workspace/code-server/config/extensions/ms-python.vscode-python-envs-1.30.0-universal/docs} finished
2026/06/07 01:10:07 discover.go:26: bus: -> Discover /workspace/code-server/config/extensions/ms-python.vscode-python-envs-1.30.0-universal/files
2026/06/07 01:10:07 discover.go:26: bus: -> Discover /workspace/code-server/config/extensions/ms-python.vscode-python-envs-1.30.0-universal/files/templates
2026/06/07 01:10:07 discover.go:26: bus: -> Discover /workspace/code-server/config/extensions/ms-python.vscode-python-envs-1.30.0-universal/files/templates/copilot-instructions-text
2026/06/07 01:10:07 walker.go:217: walking of {file:///workspace/code-server/config/extensions/ms-python.vscode-python-envs-1.30.0-universal/files/templates/copilot-instructions-text} finished
2026/06/07 01:10:07 discover.go:26: bus: -> Discover /workspace/code-server/config/extensions/ms-python.vscode-python-envs-1.30.0-universal/files/templates/new723ScriptTemplate
2026/06/07 01:10:07 walker.go:217: walking of {file:///workspace/code-server/config/extensions/ms-python.vscode-python-envs-1.30.0-universal/files/templates/new723ScriptTemplate} finished
2026/06/07 01:10:07 discover.go:26: bus: -> Discover /workspace/code-server/config/extensions/ms-python.vscode-python-envs-1.30.0-universal/files/templates/newPackageTemplate
2026/06/07 01:10:07 discover.go:26: bus: -> Discover /workspace/code-server/config/extensions/ms-python.vscode-python-envs-1.30.0-universal/files/templates/newPackageTemplate/package_name
2026/06/07 01:10:07 walker.go:217: walking of {file:///workspace/code-server/config/extensions/ms-python.vscode-python-envs-1.30.0-universal/files/templates/newPackageTemplate/package_name} finished
2026/06/07 01:10:07 discover.go:26: bus: -> Discover /workspace/code-server/config/extensions/ms-python.vscode-python-envs-1.30.0-universal/files/templates/newPackageTemplate/tests
2026/06/07 01:10:07 walker.go:217: walking of {file:///workspace/code-server/config/extensions/ms-python.vscode-python-envs-1.30.0-universal/files/templates/newPackageTemplate/tests} finished
2026/06/07 01:10:07 walker.go:217: walking of {file:///workspace/code-server/config/extensions/ms-python.vscode-python-envs-1.30.0-universal/files/templates/newPackageTemplate} finished
2026/06/07 01:10:07 walker.go:217: walking of {file:///workspace/code-server/config/extensions/ms-python.vscode-python-envs-1.30.0-universal/files/templates} finished
2026/06/07 01:10:07 walker.go:217: walking of {file:///workspace/code-server/config/extensions/ms-python.vscode-python-envs-1.30.0-universal/files} finished
2026/06/07 01:10:07 discover.go:26: bus: -> Discover /workspace/code-server/config/extensions/ms-python.vscode-python-envs-1.30.0-universal/images
2026/06/07 01:10:07 walker.go:217: walking of {file:///workspace/code-server/config/extensions/ms-python.vscode-python-envs-1.30.0-universal/images} finished
2026/06/07 01:10:07 walker.go:217: walking of {file:///workspace/code-server/config/extensions/ms-python.vscode-python-envs-1.30.0-universal} finished
2026/06/07 01:10:07 discover.go:26: bus: -> Discover /workspace/code-server/config/extensions/ms-vscode.powershell-2025.4.0-universal
2026/06/07 01:10:07 discover.go:26: bus: -> Discover /workspace/code-server/config/extensions/ms-vscode.powershell-2025.4.0-universal/dist
2026/06/07 01:10:07 walker.go:217: walking of {file:///workspace/code-server/config/extensions/ms-vscode.powershell-2025.4.0-universal/dist} finished
2026/06/07 01:10:07 discover.go:26: bus: -> Discover /workspace/code-server/config/extensions/ms-vscode.powershell-2025.4.0-universal/docs
2026/06/07 01:10:07 discover.go:26: bus: -> Discover /workspace/code-server/config/extensions/ms-vscode.powershell-2025.4.0-universal/docs/azure_data_studio
2026/06/07 01:10:07 walker.go:217: walking of {file:///workspace/code-server/config/extensions/ms-vscode.powershell-2025.4.0-universal/docs/azure_data_studio} finished
2026/06/07 01:10:07 walker.go:217: walking of {file:///workspace/code-server/config/extensions/ms-vscode.powershell-2025.4.0-universal/docs} finished
2026/06/07 01:10:07 discover.go:26: bus: -> Discover /workspace/code-server/config/extensions/ms-vscode.powershell-2025.4.0-universal/examples
2026/06/07 01:10:07 walker.go:204: skipping ignored dir name: .vscode
2026/06/07 01:10:07 discover.go:26: bus: -> Discover /workspace/code-server/config/extensions/ms-vscode.powershell-2025.4.0-universal/examples/Assets
2026/06/07 01:10:07 walker.go:217: walking of {file:///workspace/code-server/config/extensions/ms-vscode.powershell-2025.4.0-universal/examples/Assets} finished
2026/06/07 01:10:07 discover.go:26: bus: -> Discover /workspace/code-server/config/extensions/ms-vscode.powershell-2025.4.0-universal/examples/Tests
2026/06/07 01:10:07 walker.go:217: walking of {file:///workspace/code-server/config/extensions/ms-vscode.powershell-2025.4.0-universal/examples/Tests} finished
2026/06/07 01:10:07 discover.go:26: bus: -> Discover /workspace/code-server/config/extensions/ms-vscode.powershell-2025.4.0-universal/examples/en-US
2026/06/07 01:10:07 walker.go:217: walking of {file:///workspace/code-server/config/extensions/ms-vscode.powershell-2025.4.0-universal/examples/en-US} finished
2026/06/07 01:10:07 walker.go:217: walking of {file:///workspace/code-server/config/extensions/ms-vscode.powershell-2025.4.0-universal/examples} finished
2026/06/07 01:10:07 discover.go:26: bus: -> Discover /workspace/code-server/config/extensions/ms-vscode.powershell-2025.4.0-universal/media
2026/06/07 01:10:07 walker.go:217: walking of {file:///workspace/code-server/config/extensions/ms-vscode.powershell-2025.4.0-universal/media} finished
2026/06/07 01:10:07 discover.go:26: bus: -> Discover /workspace/code-server/config/extensions/ms-vscode.powershell-2025.4.0-universal/modules
2026/06/07 01:10:07 discover.go:26: bus: -> Discover /workspace/code-server/config/extensions/ms-vscode.powershell-2025.4.0-universal/modules/PSReadLine
2026/06/07 01:10:07 discover.go:26: bus: -> Discover /workspace/code-server/config/extensions/ms-vscode.powershell-2025.4.0-universal/modules/PSReadLine/2.4.4
2026/06/07 01:10:07 discover.go:26: bus: -> Discover /workspace/code-server/config/extensions/ms-vscode.powershell-2025.4.0-universal/modules/PSReadLine/2.4.4/net6plus
2026/06/07 01:10:07 walker.go:217: walking of {file:///workspace/code-server/config/extensions/ms-vscode.powershell-2025.4.0-universal/modules/PSReadLine/2.4.4/net6plus} finished
2026/06/07 01:10:07 discover.go:26: bus: -> Discover /workspace/code-server/config/extensions/ms-vscode.powershell-2025.4.0-universal/modules/PSReadLine/2.4.4/netstd
2026/06/07 01:10:07 walker.go:217: walking of {file:///workspace/code-server/config/extensions/ms-vscode.powershell-2025.4.0-universal/modules/PSReadLine/2.4.4/netstd} finished
2026/06/07 01:10:07 walker.go:217: walking of {file:///workspace/code-server/config/extensions/ms-vscode.powershell-2025.4.0-universal/modules/PSReadLine/2.4.4} finished
2026/06/07 01:10:07 walker.go:217: walking of {file:///workspace/code-server/config/extensions/ms-vscode.powershell-2025.4.0-universal/modules/PSReadLine} finished
2026/06/07 01:10:07 discover.go:26: bus: -> Discover /workspace/code-server/config/extensions/ms-vscode.powershell-2025.4.0-universal/modules/PSScriptAnalyzer
2026/06/07 01:10:07 discover.go:26: bus: -> Discover /workspace/code-server/config/extensions/ms-vscode.powershell-2025.4.0-universal/modules/PSScriptAnalyzer/1.24.0
2026/06/07 01:10:07 discover.go:26: bus: -> Discover /workspace/code-server/config/extensions/ms-vscode.powershell-2025.4.0-universal/modules/PSScriptAnalyzer/1.24.0/PSv7
2026/06/07 01:10:07 walker.go:217: walking of {file:///workspace/code-server/config/extensions/ms-vscode.powershell-2025.4.0-universal/modules/PSScriptAnalyzer/1.24.0/PSv7} finished
2026/06/07 01:10:07 discover.go:26: bus: -> Discover /workspace/code-server/config/extensions/ms-vscode.powershell-2025.4.0-universal/modules/PSScriptAnalyzer/1.24.0/Settings
2026/06/07 01:10:07 walker.go:217: walking of {file:///workspace/code-server/config/extensions/ms-vscode.powershell-2025.4.0-universal/modules/PSScriptAnalyzer/1.24.0/Settings} finished
2026/06/07 01:10:07 discover.go:26: bus: -> Discover /workspace/code-server/config/extensions/ms-vscode.powershell-2025.4.0-universal/modules/PSScriptAnalyzer/1.24.0/compatibility_profiles
2026/06/07 01:10:07 walker.go:217: walking of {file:///workspace/code-server/config/extensions/ms-vscode.powershell-2025.4.0-universal/modules/PSScriptAnalyzer/1.24.0/compatibility_profiles} finished
2026/06/07 01:10:07 discover.go:26: bus: -> Discover /workspace/code-server/config/extensions/ms-vscode.powershell-2025.4.0-universal/modules/PSScriptAnalyzer/1.24.0/en-US
2026/06/07 01:10:07 walker.go:217: walking of {file:///workspace/code-server/config/extensions/ms-vscode.powershell-2025.4.0-universal/modules/PSScriptAnalyzer/1.24.0/en-US} finished
2026/06/07 01:10:07 walker.go:217: walking of {file:///workspace/code-server/config/extensions/ms-vscode.powershell-2025.4.0-universal/modules/PSScriptAnalyzer/1.24.0} finished
2026/06/07 01:10:07 walker.go:217: walking of {file:///workspace/code-server/config/extensions/ms-vscode.powershell-2025.4.0-universal/modules/PSScriptAnalyzer} finished
2026/06/07 01:10:07 discover.go:26: bus: -> Discover /workspace/code-server/config/extensions/ms-vscode.powershell-2025.4.0-universal/modules/PowerShellEditorServices
2026/06/07 01:10:07 discover.go:26: bus: -> Discover /workspace/code-server/config/extensions/ms-vscode.powershell-2025.4.0-universal/modules/PowerShellEditorServices/Commands
2026/06/07 01:10:07 discover.go:26: bus: -> Discover /workspace/code-server/config/extensions/ms-vscode.powershell-2025.4.0-universal/modules/PowerShellEditorServices/Commands/Private
2026/06/07 01:10:07 walker.go:217: walking of {file:///workspace/code-server/config/extensions/ms-vscode.powershell-2025.4.0-universal/modules/PowerShellEditorServices/Commands/Private} finished
2026/06/07 01:10:07 discover.go:26: bus: -> Discover /workspace/code-server/config/extensions/ms-vscode.powershell-2025.4.0-universal/modules/PowerShellEditorServices/Commands/Public
2026/06/07 01:10:07 walker.go:217: walking of {file:///workspace/code-server/config/extensions/ms-vscode.powershell-2025.4.0-universal/modules/PowerShellEditorServices/Commands/Public} finished
2026/06/07 01:10:07 discover.go:26: bus: -> Discover /workspace/code-server/config/extensions/ms-vscode.powershell-2025.4.0-universal/modules/PowerShellEditorServices/Commands/en-US
2026/06/07 01:10:07 walker.go:217: walking of {file:///workspace/code-server/config/extensions/ms-vscode.powershell-2025.4.0-universal/modules/PowerShellEditorServices/Commands/en-US} finished
2026/06/07 01:10:07 walker.go:217: walking of {file:///workspace/code-server/config/extensions/ms-vscode.powershell-2025.4.0-universal/modules/PowerShellEditorServices/Commands} finished
2026/06/07 01:10:07 discover.go:26: bus: -> Discover /workspace/code-server/config/extensions/ms-vscode.powershell-2025.4.0-universal/modules/PowerShellEditorServices/bin
2026/06/07 01:10:07 discover.go:26: bus: -> Discover /workspace/code-server/config/extensions/ms-vscode.powershell-2025.4.0-universal/modules/PowerShellEditorServices/bin/Common
2026/06/07 01:10:07 walker.go:217: walking of {file:///workspace/code-server/config/extensions/ms-vscode.powershell-2025.4.0-universal/modules/PowerShellEditorServices/bin/Common} finished
2026/06/07 01:10:07 discover.go:26: bus: -> Discover /workspace/code-server/config/extensions/ms-vscode.powershell-2025.4.0-universal/modules/PowerShellEditorServices/bin/Core
2026/06/07 01:10:07 walker.go:217: walking of {file:///workspace/code-server/config/extensions/ms-vscode.powershell-2025.4.0-universal/modules/PowerShellEditorServices/bin/Core} finished
2026/06/07 01:10:07 discover.go:26: bus: -> Discover /workspace/code-server/config/extensions/ms-vscode.powershell-2025.4.0-universal/modules/PowerShellEditorServices/bin/Desktop
2026/06/07 01:10:07 walker.go:217: walking of {file:///workspace/code-server/config/extensions/ms-vscode.powershell-2025.4.0-universal/modules/PowerShellEditorServices/bin/Desktop} finished
2026/06/07 01:10:07 walker.go:217: walking of {file:///workspace/code-server/config/extensions/ms-vscode.powershell-2025.4.0-universal/modules/PowerShellEditorServices/bin} finished
2026/06/07 01:10:07 walker.go:217: walking of {file:///workspace/code-server/config/extensions/ms-vscode.powershell-2025.4.0-universal/modules/PowerShellEditorServices} finished
2026/06/07 01:10:07 discover.go:26: bus: -> Discover /workspace/code-server/config/extensions/ms-vscode.powershell-2025.4.0-universal/modules/docs
2026/06/07 01:10:07 walker.go:217: walking of {file:///workspace/code-server/config/extensions/ms-vscode.powershell-2025.4.0-universal/modules/docs} finished
2026/06/07 01:10:07 walker.go:217: walking of {file:///workspace/code-server/config/extensions/ms-vscode.powershell-2025.4.0-universal/modules} finished
2026/06/07 01:10:07 discover.go:26: bus: -> Discover /workspace/code-server/config/extensions/ms-vscode.powershell-2025.4.0-universal/snippets
2026/06/07 01:10:07 walker.go:217: walking of {file:///workspace/code-server/config/extensions/ms-vscode.powershell-2025.4.0-universal/snippets} finished
2026/06/07 01:10:07 discover.go:26: bus: -> Discover /workspace/code-server/config/extensions/ms-vscode.powershell-2025.4.0-universal/themes
2026/06/07 01:10:07 discover.go:26: bus: -> Discover /workspace/code-server/config/extensions/ms-vscode.powershell-2025.4.0-universal/themes/theme-psise
2026/06/07 01:10:07 walker.go:217: walking of {file:///workspace/code-server/config/extensions/ms-vscode.powershell-2025.4.0-universal/themes/theme-psise} finished
2026/06/07 01:10:07 walker.go:217: walking of {file:///workspace/code-server/config/extensions/ms-vscode.powershell-2025.4.0-universal/themes} finished
2026/06/07 01:10:07 walker.go:217: walking of {file:///workspace/code-server/config/extensions/ms-vscode.powershell-2025.4.0-universal} finished
2026/06/07 01:10:07 discover.go:26: bus: -> Discover /workspace/code-server/config/extensions/natizyskunk.sftp-1.16.3-universal
2026/06/07 01:10:07 discover.go:26: bus: -> Discover /workspace/code-server/config/extensions/natizyskunk.sftp-1.16.3-universal/dist
2026/06/07 01:10:07 walker.go:217: walking of {file:///workspace/code-server/config/extensions/natizyskunk.sftp-1.16.3-universal/dist} finished
2026/06/07 01:10:07 discover.go:26: bus: -> Discover /workspace/code-server/config/extensions/natizyskunk.sftp-1.16.3-universal/node_modules
2026/06/07 01:10:07 discover.go:26: bus: -> Discover /workspace/code-server/config/extensions/natizyskunk.sftp-1.16.3-universal/node_modules/asn1
2026/06/07 01:10:07 discover.go:26: bus: -> Discover /workspace/code-server/config/extensions/natizyskunk.sftp-1.16.3-universal/node_modules/asn1/lib
2026/06/07 01:10:07 discover.go:26: bus: -> Discover /workspace/code-server/config/extensions/natizyskunk.sftp-1.16.3-universal/node_modules/asn1/lib/ber
2026/06/07 01:10:07 walker.go:217: walking of {file:///workspace/code-server/config/extensions/natizyskunk.sftp-1.16.3-universal/node_modules/asn1/lib/ber} finished
2026/06/07 01:10:07 walker.go:217: walking of {file:///workspace/code-server/config/extensions/natizyskunk.sftp-1.16.3-universal/node_modules/asn1/lib} finished
2026/06/07 01:10:07 walker.go:217: walking of {file:///workspace/code-server/config/extensions/natizyskunk.sftp-1.16.3-universal/node_modules/asn1} finished
2026/06/07 01:10:07 discover.go:26: bus: -> Discover /workspace/code-server/config/extensions/natizyskunk.sftp-1.16.3-universal/node_modules/async
2026/06/07 01:10:07 discover.go:26: bus: -> Discover /workspace/code-server/config/extensions/natizyskunk.sftp-1.16.3-universal/node_modules/async/dist
2026/06/07 01:10:07 walker.go:217: walking of {file:///workspace/code-server/config/extensions/natizyskunk.sftp-1.16.3-universal/node_modules/async/dist} finished
2026/06/07 01:10:07 discover.go:26: bus: -> Discover /workspace/code-server/config/extensions/natizyskunk.sftp-1.16.3-universal/node_modules/async/internal
2026/06/07 01:10:07 walker.go:217: walking of {file:///workspace/code-server/config/extensions/natizyskunk.sftp-1.16.3-universal/node_modules/async/internal} finished
2026/06/07 01:10:07 walker.go:217: walking of {file:///workspace/code-server/config/extensions/natizyskunk.sftp-1.16.3-universal/node_modules/async} finished
2026/06/07 01:10:07 discover.go:26: bus: -> Discover /workspace/code-server/config/extensions/natizyskunk.sftp-1.16.3-universal/node_modules/balanced-match
2026/06/07 01:10:07 discover.go:26: bus: -> Discover /workspace/code-server/config/extensions/natizyskunk.sftp-1.16.3-universal/node_modules/balanced-match/.github
2026/06/07 01:10:07 walker.go:217: walking of {file:///workspace/code-server/config/extensions/natizyskunk.sftp-1.16.3-universal/node_modules/balanced-match/.github} finished
2026/06/07 01:10:07 walker.go:217: walking of {file:///workspace/code-server/config/extensions/natizyskunk.sftp-1.16.3-universal/node_modules/balanced-match} finished
2026/06/07 01:10:07 discover.go:26: bus: -> Discover /workspace/code-server/config/extensions/natizyskunk.sftp-1.16.3-universal/node_modules/bcrypt-pbkdf
2026/06/07 01:10:07 walker.go:217: walking of {file:///workspace/code-server/config/extensions/natizyskunk.sftp-1.16.3-universal/node_modules/bcrypt-pbkdf} finished
2026/06/07 01:10:07 discover.go:26: bus: -> Discover /workspace/code-server/config/extensions/natizyskunk.sftp-1.16.3-universal/node_modules/brace-expansion
2026/06/07 01:10:07 walker.go:217: walking of {file:///workspace/code-server/config/extensions/natizyskunk.sftp-1.16.3-universal/node_modules/brace-expansion} finished
2026/06/07 01:10:07 discover.go:26: bus: -> Discover /workspace/code-server/config/extensions/natizyskunk.sftp-1.16.3-universal/node_modules/buildcheck
2026/06/07 01:10:07 discover.go:26: bus: -> Discover /workspace/code-server/config/extensions/natizyskunk.sftp-1.16.3-universal/node_modules/buildcheck/.github
2026/06/07 01:10:07 discover.go:26: bus: -> Discover /workspace/code-server/config/extensions/natizyskunk.sftp-1.16.3-universal/node_modules/buildcheck/.github/workflows
2026/06/07 01:10:07 walker.go:217: walking of {file:///workspace/code-server/config/extensions/natizyskunk.sftp-1.16.3-universal/node_modules/buildcheck/.github/workflows} finished
2026/06/07 01:10:07 walker.go:217: walking of {file:///workspace/code-server/config/extensions/natizyskunk.sftp-1.16.3-universal/node_modules/buildcheck/.github} finished
2026/06/07 01:10:07 discover.go:26: bus: -> Discover /workspace/code-server/config/extensions/natizyskunk.sftp-1.16.3-universal/node_modules/buildcheck/deps
2026/06/07 01:10:07 walker.go:217: walking of {file:///workspace/code-server/config/extensions/natizyskunk.sftp-1.16.3-universal/node_modules/buildcheck/deps} finished
2026/06/07 01:10:07 discover.go:26: bus: -> Discover /workspace/code-server/config/extensions/natizyskunk.sftp-1.16.3-universal/node_modules/buildcheck/lib
2026/06/07 01:10:07 walker.go:217: walking of {file:///workspace/code-server/config/extensions/natizyskunk.sftp-1.16.3-universal/node_modules/buildcheck/lib} finished
2026/06/07 01:10:07 discover.go:26: bus: -> Discover /workspace/code-server/config/extensions/natizyskunk.sftp-1.16.3-universal/node_modules/buildcheck/test
2026/06/07 01:10:07 walker.go:217: walking of {file:///workspace/code-server/config/extensions/natizyskunk.sftp-1.16.3-universal/node_modules/buildcheck/test} finished
2026/06/07 01:10:07 walker.go:217: walking of {file:///workspace/code-server/config/extensions/natizyskunk.sftp-1.16.3-universal/node_modules/buildcheck} finished
2026/06/07 01:10:07 discover.go:26: bus: -> Discover /workspace/code-server/config/extensions/natizyskunk.sftp-1.16.3-universal/node_modules/concat-map
2026/06/07 01:10:07 discover.go:26: bus: -> Discover /workspace/code-server/config/extensions/natizyskunk.sftp-1.16.3-universal/node_modules/concat-map/example
2026/06/07 01:10:07 walker.go:217: walking of {file:///workspace/code-server/config/extensions/natizyskunk.sftp-1.16.3-universal/node_modules/concat-map/example} finished
2026/06/07 01:10:07 discover.go:26: bus: -> Discover /workspace/code-server/config/extensions/natizyskunk.sftp-1.16.3-universal/node_modules/concat-map/test
2026/06/07 01:10:07 walker.go:217: walking of {file:///workspace/code-server/config/extensions/natizyskunk.sftp-1.16.3-universal/node_modules/concat-map/test} finished
2026/06/07 01:10:07 walker.go:217: walking of {file:///workspace/code-server/config/extensions/natizyskunk.sftp-1.16.3-universal/node_modules/concat-map} finished
2026/06/07 01:10:07 discover.go:26: bus: -> Discover /workspace/code-server/config/extensions/natizyskunk.sftp-1.16.3-universal/node_modules/core-util-is
2026/06/07 01:10:07 discover.go:26: bus: -> Discover /workspace/code-server/config/extensions/natizyskunk.sftp-1.16.3-universal/node_modules/core-util-is/lib
2026/06/07 01:10:07 walker.go:217: walking of {file:///workspace/code-server/config/extensions/natizyskunk.sftp-1.16.3-universal/node_modules/core-util-is/lib} finished
2026/06/07 01:10:07 walker.go:217: walking of {file:///workspace/code-server/config/extensions/natizyskunk.sftp-1.16.3-universal/node_modules/core-util-is} finished
2026/06/07 01:10:07 discover.go:26: bus: -> Discover /workspace/code-server/config/extensions/natizyskunk.sftp-1.16.3-universal/node_modules/cpu-features
2026/06/07 01:10:07 discover.go:26: bus: -> Discover /workspace/code-server/config/extensions/natizyskunk.sftp-1.16.3-universal/node_modules/cpu-features/.github
2026/06/07 01:10:07 discover.go:26: bus: -> Discover /workspace/code-server/config/extensions/natizyskunk.sftp-1.16.3-universal/node_modules/cpu-features/.github/workflows
2026/06/07 01:10:07 walker.go:217: walking of {file:///workspace/code-server/config/extensions/natizyskunk.sftp-1.16.3-universal/node_modules/cpu-features/.github/workflows} finished
2026/06/07 01:10:07 walker.go:217: walking of {file:///workspace/code-server/config/extensions/natizyskunk.sftp-1.16.3-universal/node_modules/cpu-features/.github} finished
2026/06/07 01:10:07 discover.go:26: bus: -> Discover /workspace/code-server/config/extensions/natizyskunk.sftp-1.16.3-universal/node_modules/cpu-features/build
2026/06/07 01:10:07 discover.go:26: bus: -> Discover /workspace/code-server/config/extensions/natizyskunk.sftp-1.16.3-universal/node_modules/cpu-features/build/Release
2026/06/07 01:10:07 discover.go:26: bus: -> Discover /workspace/code-server/config/extensions/natizyskunk.sftp-1.16.3-universal/node_modules/cpu-features/build/Release/obj
2026/06/07 01:10:07 discover.go:26: bus: -> Discover /workspace/code-server/config/extensions/natizyskunk.sftp-1.16.3-universal/node_modules/cpu-features/build/Release/obj/cpufeatures
2026/06/07 01:10:07 discover.go:26: bus: -> Discover /workspace/code-server/config/extensions/natizyskunk.sftp-1.16.3-universal/node_modules/cpu-features/build/Release/obj/cpufeatures/cpufeatures.tlog
2026/06/07 01:10:07 walker.go:217: walking of {file:///workspace/code-server/config/extensions/natizyskunk.sftp-1.16.3-universal/node_modules/cpu-features/build/Release/obj/cpufeatures/cpufeatures.tlog} finished
2026/06/07 01:10:07 discover.go:26: bus: -> Discover /workspace/code-server/config/extensions/natizyskunk.sftp-1.16.3-universal/node_modules/cpu-features/build/Release/obj/cpufeatures/src
2026/06/07 01:10:07 walker.go:217: walking of {file:///workspace/code-server/config/extensions/natizyskunk.sftp-1.16.3-universal/node_modules/cpu-features/build/Release/obj/cpufeatures/src} finished
2026/06/07 01:10:07 walker.go:217: walking of {file:///workspace/code-server/config/extensions/natizyskunk.sftp-1.16.3-universal/node_modules/cpu-features/build/Release/obj/cpufeatures} finished
2026/06/07 01:10:07 walker.go:217: walking of {file:///workspace/code-server/config/extensions/natizyskunk.sftp-1.16.3-universal/node_modules/cpu-features/build/Release/obj} finished
2026/06/07 01:10:07 walker.go:217: walking of {file:///workspace/code-server/config/extensions/natizyskunk.sftp-1.16.3-universal/node_modules/cpu-features/build/Release} finished
2026/06/07 01:10:07 discover.go:26: bus: -> Discover /workspace/code-server/config/extensions/natizyskunk.sftp-1.16.3-universal/node_modules/cpu-features/build/deps
2026/06/07 01:10:07 discover.go:26: bus: -> Discover /workspace/code-server/config/extensions/natizyskunk.sftp-1.16.3-universal/node_modules/cpu-features/build/deps/cpu_features
2026/06/07 01:10:07 discover.go:26: bus: -> Discover /workspace/code-server/config/extensions/natizyskunk.sftp-1.16.3-universal/node_modules/cpu-features/build/deps/cpu_features/Release
2026/06/07 01:10:07 discover.go:26: bus: -> Discover /workspace/code-server/config/extensions/natizyskunk.sftp-1.16.3-universal/node_modules/cpu-features/build/deps/cpu_features/Release/obj
2026/06/07 01:10:07 discover.go:26: bus: -> Discover /workspace/code-server/config/extensions/natizyskunk.sftp-1.16.3-universal/node_modules/cpu-features/build/deps/cpu_features/Release/obj/cpu_features
2026/06/07 01:10:07 discover.go:26: bus: -> Discover /workspace/code-server/config/extensions/natizyskunk.sftp-1.16.3-universal/node_modules/cpu-features/build/deps/cpu_features/Release/obj/cpu_features/cpu_features.tlog
2026/06/07 01:10:07 walker.go:217: walking of {file:///workspace/code-server/config/extensions/natizyskunk.sftp-1.16.3-universal/node_modules/cpu-features/build/deps/cpu_features/Release/obj/cpu_features/cpu_features.tlog} finished
2026/06/07 01:10:07 discover.go:26: bus: -> Discover /workspace/code-server/config/extensions/natizyskunk.sftp-1.16.3-universal/node_modules/cpu-features/build/deps/cpu_features/Release/obj/cpu_features/deps
2026/06/07 01:10:07 discover.go:26: bus: -> Discover /workspace/code-server/config/extensions/natizyskunk.sftp-1.16.3-universal/node_modules/cpu-features/build/deps/cpu_features/Release/obj/cpu_features/deps/cpu_features
2026/06/07 01:10:07 discover.go:26: bus: -> Discover /workspace/code-server/config/extensions/natizyskunk.sftp-1.16.3-universal/node_modules/cpu-features/build/deps/cpu_features/Release/obj/cpu_features/deps/cpu_features/src
2026/06/07 01:10:07 walker.go:217: walking of {file:///workspace/code-server/config/extensions/natizyskunk.sftp-1.16.3-universal/node_modules/cpu-features/build/deps/cpu_features/Release/obj/cpu_features/deps/cpu_features/src} finished
2026/06/07 01:10:07 walker.go:217: walking of {file:///workspace/code-server/config/extensions/natizyskunk.sftp-1.16.3-universal/node_modules/cpu-features/build/deps/cpu_features/Release/obj/cpu_features/deps/cpu_features} finished
2026/06/07 01:10:07 walker.go:217: walking of {file:///workspace/code-server/config/extensions/natizyskunk.sftp-1.16.3-universal/node_modules/cpu-features/build/deps/cpu_features/Release/obj/cpu_features/deps} finished
2026/06/07 01:10:07 walker.go:217: walking of {file:///workspace/code-server/config/extensions/natizyskunk.sftp-1.16.3-universal/node_modules/cpu-features/build/deps/cpu_features/Release/obj/cpu_features} finished
2026/06/07 01:10:07 walker.go:217: walking of {file:///workspace/code-server/config/extensions/natizyskunk.sftp-1.16.3-universal/node_modules/cpu-features/build/deps/cpu_features/Release/obj} finished
2026/06/07 01:10:07 walker.go:217: walking of {file:///workspace/code-server/config/extensions/natizyskunk.sftp-1.16.3-universal/node_modules/cpu-features/build/deps/cpu_features/Release} finished
2026/06/07 01:10:07 walker.go:217: walking of {file:///workspace/code-server/config/extensions/natizyskunk.sftp-1.16.3-universal/node_modules/cpu-features/build/deps/cpu_features} finished
2026/06/07 01:10:07 walker.go:217: walking of {file:///workspace/code-server/config/extensions/natizyskunk.sftp-1.16.3-universal/node_modules/cpu-features/build/deps} finished
2026/06/07 01:10:07 walker.go:217: walking of {file:///workspace/code-server/config/extensions/natizyskunk.sftp-1.16.3-universal/node_modules/cpu-features/build} finished
2026/06/07 01:10:07 discover.go:26: bus: -> Discover /workspace/code-server/config/extensions/natizyskunk.sftp-1.16.3-universal/node_modules/cpu-features/deps
2026/06/07 01:10:07 discover.go:26: bus: -> Discover /workspace/code-server/config/extensions/natizyskunk.sftp-1.16.3-universal/node_modules/cpu-features/deps/cpu_features
2026/06/07 01:10:07 discover.go:26: bus: -> Discover /workspace/code-server/config/extensions/natizyskunk.sftp-1.16.3-universal/node_modules/cpu-features/deps/cpu_features/.github
2026/06/07 01:10:07 discover.go:26: bus: -> Discover /workspace/code-server/config/extensions/natizyskunk.sftp-1.16.3-universal/node_modules/cpu-features/deps/cpu_features/.github/workflows
2026/06/07 01:10:07 walker.go:217: walking of {file:///workspace/code-server/config/extensions/natizyskunk.sftp-1.16.3-universal/node_modules/cpu-features/deps/cpu_features/.github/workflows} finished
2026/06/07 01:10:07 walker.go:217: walking of {file:///workspace/code-server/config/extensions/natizyskunk.sftp-1.16.3-universal/node_modules/cpu-features/deps/cpu_features/.github} finished
2026/06/07 01:10:07 discover.go:26: bus: -> Discover /workspace/code-server/config/extensions/natizyskunk.sftp-1.16.3-universal/node_modules/cpu-features/deps/cpu_features/bazel
2026/06/07 01:10:07 walker.go:217: walking of {file:///workspace/code-server/config/extensions/natizyskunk.sftp-1.16.3-universal/node_modules/cpu-features/deps/cpu_features/bazel} finished
2026/06/07 01:10:07 discover.go:26: bus: -> Discover /workspace/code-server/config/extensions/natizyskunk.sftp-1.16.3-universal/node_modules/cpu-features/deps/cpu_features/ci
2026/06/07 01:10:07 discover.go:26: bus: -> Discover /workspace/code-server/config/extensions/natizyskunk.sftp-1.16.3-universal/node_modules/cpu-features/deps/cpu_features/ci/doc
2026/06/07 01:10:07 walker.go:217: walking of {file:///workspace/code-server/config/extensions/natizyskunk.sftp-1.16.3-universal/node_modules/cpu-features/deps/cpu_features/ci/doc} finished
2026/06/07 01:10:07 discover.go:26: bus: -> Discover /workspace/code-server/config/extensions/natizyskunk.sftp-1.16.3-universal/node_modules/cpu-features/deps/cpu_features/ci/docker
2026/06/07 01:10:07 discover.go:26: bus: -> Discover /workspace/code-server/config/extensions/natizyskunk.sftp-1.16.3-universal/node_modules/cpu-features/deps/cpu_features/ci/docker/amd64
2026/06/07 01:10:07 walker.go:217: walking of {file:///workspace/code-server/config/extensions/natizyskunk.sftp-1.16.3-universal/node_modules/cpu-features/deps/cpu_features/ci/docker/amd64} finished
2026/06/07 01:10:07 discover.go:26: bus: -> Discover /workspace/code-server/config/extensions/natizyskunk.sftp-1.16.3-universal/node_modules/cpu-features/deps/cpu_features/ci/docker/toolchain
2026/06/07 01:10:07 walker.go:217: walking of {file:///workspace/code-server/config/extensions/natizyskunk.sftp-1.16.3-universal/node_modules/cpu-features/deps/cpu_features/ci/docker/toolchain} finished
2026/06/07 01:10:07 walker.go:217: walking of {file:///workspace/code-server/config/extensions/natizyskunk.sftp-1.16.3-universal/node_modules/cpu-features/deps/cpu_features/ci/docker} finished
2026/06/07 01:10:07 discover.go:26: bus: -> Discover /workspace/code-server/config/extensions/natizyskunk.sftp-1.16.3-universal/node_modules/cpu-features/deps/cpu_features/ci/sample
2026/06/07 01:10:07 walker.go:217: walking of {file:///workspace/code-server/config/extensions/natizyskunk.sftp-1.16.3-universal/node_modules/cpu-features/deps/cpu_features/ci/sample} finished
2026/06/07 01:10:07 discover.go:26: bus: -> Discover /workspace/code-server/config/extensions/natizyskunk.sftp-1.16.3-universal/node_modules/cpu-features/deps/cpu_features/ci/vagrant
2026/06/07 01:10:07 discover.go:26: bus: -> Discover /workspace/code-server/config/extensions/natizyskunk.sftp-1.16.3-universal/node_modules/cpu-features/deps/cpu_features/ci/vagrant/freebsd
2026/06/07 01:10:07 walker.go:217: walking of {file:///workspace/code-server/config/extensions/natizyskunk.sftp-1.16.3-universal/node_modules/cpu-features/deps/cpu_features/ci/vagrant/freebsd} finished
2026/06/07 01:10:07 walker.go:217: walking of {file:///workspace/code-server/config/extensions/natizyskunk.sftp-1.16.3-universal/node_modules/cpu-features/deps/cpu_features/ci/vagrant} finished
2026/06/07 01:10:07 walker.go:217: walking of {file:///workspace/code-server/config/extensions/natizyskunk.sftp-1.16.3-universal/node_modules/cpu-features/deps/cpu_features/ci} finished
2026/06/07 01:10:07 discover.go:26: bus: -> Discover /workspace/code-server/config/extensions/natizyskunk.sftp-1.16.3-universal/node_modules/cpu-features/deps/cpu_features/cmake
2026/06/07 01:10:07 walker.go:217: walking of {file:///workspace/code-server/config/extensions/natizyskunk.sftp-1.16.3-universal/node_modules/cpu-features/deps/cpu_features/cmake} finished
2026/06/07 01:10:07 discover.go:26: bus: -> Discover /workspace/code-server/config/extensions/natizyskunk.sftp-1.16.3-universal/node_modules/cpu-features/deps/cpu_features/include
2026/06/07 01:10:07 discover.go:26: bus: -> Discover /workspace/code-server/config/extensions/natizyskunk.sftp-1.16.3-universal/node_modules/cpu-features/deps/cpu_features/include/internal
2026/06/07 01:10:07 walker.go:217: walking of {file:///workspace/code-server/config/extensions/natizyskunk.sftp-1.16.3-universal/node_modules/cpu-features/deps/cpu_features/include/internal} finished
2026/06/07 01:10:07 walker.go:217: walking of {file:///workspace/code-server/config/extensions/natizyskunk.sftp-1.16.3-universal/node_modules/cpu-features/deps/cpu_features/include} finished
2026/06/07 01:10:07 discover.go:26: bus: -> Discover /workspace/code-server/config/extensions/natizyskunk.sftp-1.16.3-universal/node_modules/cpu-features/deps/cpu_features/ndk_compat
2026/06/07 01:10:07 walker.go:217: walking of {file:///workspace/code-server/config/extensions/natizyskunk.sftp-1.16.3-universal/node_modules/cpu-features/deps/cpu_features/ndk_compat} finished
2026/06/07 01:10:07 discover.go:26: bus: -> Discover /workspace/code-server/config/extensions/natizyskunk.sftp-1.16.3-universal/node_modules/cpu-features/deps/cpu_features/scripts
2026/06/07 01:10:07 walker.go:217: walking of {file:///workspace/code-server/config/extensions/natizyskunk.sftp-1.16.3-universal/node_modules/cpu-features/deps/cpu_features/scripts} finished
2026/06/07 01:10:07 discover.go:26: bus: -> Discover /workspace/code-server/config/extensions/natizyskunk.sftp-1.16.3-universal/node_modules/cpu-features/deps/cpu_features/src
2026/06/07 01:10:07 discover.go:26: bus: -> Discover /workspace/code-server/config/extensions/natizyskunk.sftp-1.16.3-universal/node_modules/cpu-features/deps/cpu_features/src/utils
2026/06/07 01:10:07 walker.go:217: walking of {file:///workspace/code-server/config/extensions/natizyskunk.sftp-1.16.3-universal/node_modules/cpu-features/deps/cpu_features/src/utils} finished
2026/06/07 01:10:07 walker.go:217: walking of {file:///workspace/code-server/config/extensions/natizyskunk.sftp-1.16.3-universal/node_modules/cpu-features/deps/cpu_features/src} finished
2026/06/07 01:10:07 discover.go:26: bus: -> Discover /workspace/code-server/config/extensions/natizyskunk.sftp-1.16.3-universal/node_modules/cpu-features/deps/cpu_features/test
2026/06/07 01:10:07 walker.go:217: walking of {file:///workspace/code-server/config/extensions/natizyskunk.sftp-1.16.3-universal/node_modules/cpu-features/deps/cpu_features/test} finished
2026/06/07 01:10:07 walker.go:217: walking of {file:///workspace/code-server/config/extensions/natizyskunk.sftp-1.16.3-universal/node_modules/cpu-features/deps/cpu_features} finished
2026/06/07 01:10:07 walker.go:217: walking of {file:///workspace/code-server/config/extensions/natizyskunk.sftp-1.16.3-universal/node_modules/cpu-features/deps} finished
2026/06/07 01:10:07 discover.go:26: bus: -> Discover /workspace/code-server/config/extensions/natizyskunk.sftp-1.16.3-universal/node_modules/cpu-features/lib
2026/06/07 01:10:07 walker.go:217: walking of {file:///workspace/code-server/config/extensions/natizyskunk.sftp-1.16.3-universal/node_modules/cpu-features/lib} finished
2026/06/07 01:10:07 discover.go:26: bus: -> Discover /workspace/code-server/config/extensions/natizyskunk.sftp-1.16.3-universal/node_modules/cpu-features/src
2026/06/07 01:10:07 walker.go:217: walking of {file:///workspace/code-server/config/extensions/natizyskunk.sftp-1.16.3-universal/node_modules/cpu-features/src} finished
2026/06/07 01:10:07 discover.go:26: bus: -> Discover /workspace/code-server/config/extensions/natizyskunk.sftp-1.16.3-universal/node_modules/cpu-features/test
2026/06/07 01:10:07 walker.go:217: walking of {file:///workspace/code-server/config/extensions/natizyskunk.sftp-1.16.3-universal/node_modules/cpu-features/test} finished
2026/06/07 01:10:07 walker.go:217: walking of {file:///workspace/code-server/config/extensions/natizyskunk.sftp-1.16.3-universal/node_modules/cpu-features} finished
2026/06/07 01:10:07 discover.go:26: bus: -> Discover /workspace/code-server/config/extensions/natizyskunk.sftp-1.16.3-universal/node_modules/fs-extra
2026/06/07 01:10:07 discover.go:26: bus: -> Discover /workspace/code-server/config/extensions/natizyskunk.sftp-1.16.3-universal/node_modules/fs-extra/lib
2026/06/07 01:10:07 discover.go:26: bus: -> Discover /workspace/code-server/config/extensions/natizyskunk.sftp-1.16.3-universal/node_modules/fs-extra/lib/copy
2026/06/07 01:10:07 walker.go:217: walking of {file:///workspace/code-server/config/extensions/natizyskunk.sftp-1.16.3-universal/node_modules/fs-extra/lib/copy} finished
2026/06/07 01:10:07 discover.go:26: bus: -> Discover /workspace/code-server/config/extensions/natizyskunk.sftp-1.16.3-universal/node_modules/fs-extra/lib/empty
2026/06/07 01:10:07 walker.go:217: walking of {file:///workspace/code-server/config/extensions/natizyskunk.sftp-1.16.3-universal/node_modules/fs-extra/lib/empty} finished
2026/06/07 01:10:07 discover.go:26: bus: -> Discover /workspace/code-server/config/extensions/natizyskunk.sftp-1.16.3-universal/node_modules/fs-extra/lib/ensure
2026/06/07 01:10:07 walker.go:217: walking of {file:///workspace/code-server/config/extensions/natizyskunk.sftp-1.16.3-universal/node_modules/fs-extra/lib/ensure} finished
2026/06/07 01:10:07 discover.go:26: bus: -> Discover /workspace/code-server/config/extensions/natizyskunk.sftp-1.16.3-universal/node_modules/fs-extra/lib/fs
2026/06/07 01:10:07 walker.go:217: walking of {file:///workspace/code-server/config/extensions/natizyskunk.sftp-1.16.3-universal/node_modules/fs-extra/lib/fs} finished
2026/06/07 01:10:07 discover.go:26: bus: -> Discover /workspace/code-server/config/extensions/natizyskunk.sftp-1.16.3-universal/node_modules/fs-extra/lib/json
2026/06/07 01:10:07 walker.go:217: walking of {file:///workspace/code-server/config/extensions/natizyskunk.sftp-1.16.3-universal/node_modules/fs-extra/lib/json} finished
2026/06/07 01:10:07 discover.go:26: bus: -> Discover /workspace/code-server/config/extensions/natizyskunk.sftp-1.16.3-universal/node_modules/fs-extra/lib/mkdirs
2026/06/07 01:10:07 walker.go:217: walking of {file:///workspace/code-server/config/extensions/natizyskunk.sftp-1.16.3-universal/node_modules/fs-extra/lib/mkdirs} finished
2026/06/07 01:10:07 discover.go:26: bus: -> Discover /workspace/code-server/config/extensions/natizyskunk.sftp-1.16.3-universal/node_modules/fs-extra/lib/move
2026/06/07 01:10:07 walker.go:217: walking of {file:///workspace/code-server/config/extensions/natizyskunk.sftp-1.16.3-universal/node_modules/fs-extra/lib/move} finished
2026/06/07 01:10:07 discover.go:26: bus: -> Discover /workspace/code-server/config/extensions/natizyskunk.sftp-1.16.3-universal/node_modules/fs-extra/lib/output-file
2026/06/07 01:10:07 walker.go:217: walking of {file:///workspace/code-server/config/extensions/natizyskunk.sftp-1.16.3-universal/node_modules/fs-extra/lib/output-file} finished
2026/06/07 01:10:07 discover.go:26: bus: -> Discover /workspace/code-server/config/extensions/natizyskunk.sftp-1.16.3-universal/node_modules/fs-extra/lib/path-exists
2026/06/07 01:10:07 walker.go:217: walking of {file:///workspace/code-server/config/extensions/natizyskunk.sftp-1.16.3-universal/node_modules/fs-extra/lib/path-exists} finished
2026/06/07 01:10:07 discover.go:26: bus: -> Discover /workspace/code-server/config/extensions/natizyskunk.sftp-1.16.3-universal/node_modules/fs-extra/lib/remove
2026/06/07 01:10:07 walker.go:217: walking of {file:///workspace/code-server/config/extensions/natizyskunk.sftp-1.16.3-universal/node_modules/fs-extra/lib/remove} finished
2026/06/07 01:10:07 discover.go:26: bus: -> Discover /workspace/code-server/config/extensions/natizyskunk.sftp-1.16.3-universal/node_modules/fs-extra/lib/util
2026/06/07 01:10:07 walker.go:217: walking of {file:///workspace/code-server/config/extensions/natizyskunk.sftp-1.16.3-universal/node_modules/fs-extra/lib/util} finished
2026/06/07 01:10:07 walker.go:217: walking of {file:///workspace/code-server/config/extensions/natizyskunk.sftp-1.16.3-universal/node_modules/fs-extra/lib} finished
2026/06/07 01:10:07 walker.go:217: walking of {file:///workspace/code-server/config/extensions/natizyskunk.sftp-1.16.3-universal/node_modules/fs-extra} finished
2026/06/07 01:10:07 discover.go:26: bus: -> Discover /workspace/code-server/config/extensions/natizyskunk.sftp-1.16.3-universal/node_modules/fs.realpath
2026/06/07 01:10:07 walker.go:217: walking of {file:///workspace/code-server/config/extensions/natizyskunk.sftp-1.16.3-universal/node_modules/fs.realpath} finished
2026/06/07 01:10:07 discover.go:26: bus: -> Discover /workspace/code-server/config/extensions/natizyskunk.sftp-1.16.3-universal/node_modules/ftp
2026/06/07 01:10:07 discover.go:26: bus: -> Discover /workspace/code-server/config/extensions/natizyskunk.sftp-1.16.3-universal/node_modules/ftp/lib
2026/06/07 01:10:07 walker.go:217: walking of {file:///workspace/code-server/config/extensions/natizyskunk.sftp-1.16.3-universal/node_modules/ftp/lib} finished
2026/06/07 01:10:07 discover.go:26: bus: -> Discover /workspace/code-server/config/extensions/natizyskunk.sftp-1.16.3-universal/node_modules/ftp/test
2026/06/07 01:10:07 walker.go:217: walking of {file:///workspace/code-server/config/extensions/natizyskunk.sftp-1.16.3-universal/node_modules/ftp/test} finished
2026/06/07 01:10:07 walker.go:217: walking of {file:///workspace/code-server/config/extensions/natizyskunk.sftp-1.16.3-universal/node_modules/ftp} finished
2026/06/07 01:10:07 discover.go:26: bus: -> Discover /workspace/code-server/config/extensions/natizyskunk.sftp-1.16.3-universal/node_modules/glob
2026/06/07 01:10:07 walker.go:217: walking of {file:///workspace/code-server/config/extensions/natizyskunk.sftp-1.16.3-universal/node_modules/glob} finished
2026/06/07 01:10:07 discover.go:26: bus: -> Discover /workspace/code-server/config/extensions/natizyskunk.sftp-1.16.3-universal/node_modules/graceful-fs
2026/06/07 01:10:07 walker.go:217: walking of {file:///workspace/code-server/config/extensions/natizyskunk.sftp-1.16.3-universal/node_modules/graceful-fs} finished
2026/06/07 01:10:07 discover.go:26: bus: -> Discover /workspace/code-server/config/extensions/natizyskunk.sftp-1.16.3-universal/node_modules/hoek
2026/06/07 01:10:07 discover.go:26: bus: -> Discover /workspace/code-server/config/extensions/natizyskunk.sftp-1.16.3-universal/node_modules/hoek/lib
2026/06/07 01:10:07 walker.go:217: walking of {file:///workspace/code-server/config/extensions/natizyskunk.sftp-1.16.3-universal/node_modules/hoek/lib} finished
2026/06/07 01:10:07 walker.go:217: walking of {file:///workspace/code-server/config/extensions/natizyskunk.sftp-1.16.3-universal/node_modules/hoek} finished
2026/06/07 01:10:07 discover.go:26: bus: -> Discover /workspace/code-server/config/extensions/natizyskunk.sftp-1.16.3-universal/node_modules/ignore
2026/06/07 01:10:07 walker.go:217: walking of {file:///workspace/code-server/config/extensions/natizyskunk.sftp-1.16.3-universal/node_modules/ignore} finished
2026/06/07 01:10:07 discover.go:26: bus: -> Discover /workspace/code-server/config/extensions/natizyskunk.sftp-1.16.3-universal/node_modules/inflight
2026/06/07 01:10:07 walker.go:217: walking of {file:///workspace/code-server/config/extensions/natizyskunk.sftp-1.16.3-universal/node_modules/inflight} finished
2026/06/07 01:10:07 discover.go:26: bus: -> Discover /workspace/code-server/config/extensions/natizyskunk.sftp-1.16.3-universal/node_modules/inherits
2026/06/07 01:10:07 walker.go:217: walking of {file:///workspace/code-server/config/extensions/natizyskunk.sftp-1.16.3-universal/node_modules/inherits} finished
2026/06/07 01:10:07 discover.go:26: bus: -> Discover /workspace/code-server/config/extensions/natizyskunk.sftp-1.16.3-universal/node_modules/isarray
2026/06/07 01:10:07 discover.go:26: bus: -> Discover /workspace/code-server/config/extensions/natizyskunk.sftp-1.16.3-universal/node_modules/isarray/build
2026/06/07 01:10:07 walker.go:217: walking of {file:///workspace/code-server/config/extensions/natizyskunk.sftp-1.16.3-universal/node_modules/isarray/build} finished
2026/06/07 01:10:07 walker.go:217: walking of {file:///workspace/code-server/config/extensions/natizyskunk.sftp-1.16.3-universal/node_modules/isarray} finished
2026/06/07 01:10:07 discover.go:26: bus: -> Discover /workspace/code-server/config/extensions/natizyskunk.sftp-1.16.3-universal/node_modules/isemail
2026/06/07 01:10:07 discover.go:26: bus: -> Discover /workspace/code-server/config/extensions/natizyskunk.sftp-1.16.3-universal/node_modules/isemail/lib
2026/06/07 01:10:07 walker.go:217: walking of {file:///workspace/code-server/config/extensions/natizyskunk.sftp-1.16.3-universal/node_modules/isemail/lib} finished
2026/06/07 01:10:07 walker.go:217: walking of {file:///workspace/code-server/config/extensions/natizyskunk.sftp-1.16.3-universal/node_modules/isemail} finished
2026/06/07 01:10:07 discover.go:26: bus: -> Discover /workspace/code-server/config/extensions/natizyskunk.sftp-1.16.3-universal/node_modules/items
2026/06/07 01:10:07 discover.go:26: bus: -> Discover /workspace/code-server/config/extensions/natizyskunk.sftp-1.16.3-universal/node_modules/items/lib
2026/06/07 01:10:07 walker.go:217: walking of {file:///workspace/code-server/config/extensions/natizyskunk.sftp-1.16.3-universal/node_modules/items/lib} finished
2026/06/07 01:10:07 walker.go:217: walking of {file:///workspace/code-server/config/extensions/natizyskunk.sftp-1.16.3-universal/node_modules/items} finished
2026/06/07 01:10:07 discover.go:26: bus: -> Discover /workspace/code-server/config/extensions/natizyskunk.sftp-1.16.3-universal/node_modules/joi
2026/06/07 01:10:07 discover.go:26: bus: -> Discover /workspace/code-server/config/extensions/natizyskunk.sftp-1.16.3-universal/node_modules/joi/lib
2026/06/07 01:10:07 discover.go:26: bus: -> Discover /workspace/code-server/config/extensions/natizyskunk.sftp-1.16.3-universal/node_modules/joi/lib/types
2026/06/07 01:10:07 discover.go:26: bus: -> Discover /workspace/code-server/config/extensions/natizyskunk.sftp-1.16.3-universal/node_modules/joi/lib/types/alternatives
2026/06/07 01:10:07 walker.go:217: walking of {file:///workspace/code-server/config/extensions/natizyskunk.sftp-1.16.3-universal/node_modules/joi/lib/types/alternatives} finished
2026/06/07 01:10:07 discover.go:26: bus: -> Discover /workspace/code-server/config/extensions/natizyskunk.sftp-1.16.3-universal/node_modules/joi/lib/types/any
2026/06/07 01:10:07 walker.go:217: walking of {file:///workspace/code-server/config/extensions/natizyskunk.sftp-1.16.3-universal/node_modules/joi/lib/types/any} finished
2026/06/07 01:10:07 discover.go:26: bus: -> Discover /workspace/code-server/config/extensions/natizyskunk.sftp-1.16.3-universal/node_modules/joi/lib/types/array
2026/06/07 01:10:07 walker.go:217: walking of {file:///workspace/code-server/config/extensions/natizyskunk.sftp-1.16.3-universal/node_modules/joi/lib/types/array} finished
2026/06/07 01:10:07 discover.go:26: bus: -> Discover /workspace/code-server/config/extensions/natizyskunk.sftp-1.16.3-universal/node_modules/joi/lib/types/binary
2026/06/07 01:10:07 walker.go:217: walking of {file:///workspace/code-server/config/extensions/natizyskunk.sftp-1.16.3-universal/node_modules/joi/lib/types/binary} finished
2026/06/07 01:10:07 discover.go:26: bus: -> Discover /workspace/code-server/config/extensions/natizyskunk.sftp-1.16.3-universal/node_modules/joi/lib/types/boolean
2026/06/07 01:10:07 walker.go:217: walking of {file:///workspace/code-server/config/extensions/natizyskunk.sftp-1.16.3-universal/node_modules/joi/lib/types/boolean} finished
2026/06/07 01:10:07 discover.go:26: bus: -> Discover /workspace/code-server/config/extensions/natizyskunk.sftp-1.16.3-universal/node_modules/joi/lib/types/date
2026/06/07 01:10:07 walker.go:217: walking of {file:///workspace/code-server/config/extensions/natizyskunk.sftp-1.16.3-universal/node_modules/joi/lib/types/date} finished
2026/06/07 01:10:07 discover.go:26: bus: -> Discover /workspace/code-server/config/extensions/natizyskunk.sftp-1.16.3-universal/node_modules/joi/lib/types/lazy
2026/06/07 01:10:07 walker.go:217: walking of {file:///workspace/code-server/config/extensions/natizyskunk.sftp-1.16.3-universal/node_modules/joi/lib/types/lazy} finished
2026/06/07 01:10:07 discover.go:26: bus: -> Discover /workspace/code-server/config/extensions/natizyskunk.sftp-1.16.3-universal/node_modules/joi/lib/types/number
2026/06/07 01:10:07 walker.go:217: walking of {file:///workspace/code-server/config/extensions/natizyskunk.sftp-1.16.3-universal/node_modules/joi/lib/types/number} finished
2026/06/07 01:10:07 discover.go:26: bus: -> Discover /workspace/code-server/config/extensions/natizyskunk.sftp-1.16.3-universal/node_modules/joi/lib/types/object
2026/06/07 01:10:07 walker.go:217: walking of {file:///workspace/code-server/config/extensions/natizyskunk.sftp-1.16.3-universal/node_modules/joi/lib/types/object} finished
2026/06/07 01:10:07 discover.go:26: bus: -> Discover /workspace/code-server/config/extensions/natizyskunk.sftp-1.16.3-universal/node_modules/joi/lib/types/string
2026/06/07 01:10:07 walker.go:217: walking of {file:///workspace/code-server/config/extensions/natizyskunk.sftp-1.16.3-universal/node_modules/joi/lib/types/string} finished
2026/06/07 01:10:07 walker.go:217: walking of {file:///workspace/code-server/config/extensions/natizyskunk.sftp-1.16.3-universal/node_modules/joi/lib/types} finished
2026/06/07 01:10:07 walker.go:217: walking of {file:///workspace/code-server/config/extensions/natizyskunk.sftp-1.16.3-universal/node_modules/joi/lib} finished
2026/06/07 01:10:07 walker.go:217: walking of {file:///workspace/code-server/config/extensions/natizyskunk.sftp-1.16.3-universal/node_modules/joi} finished
2026/06/07 01:10:07 discover.go:26: bus: -> Discover /workspace/code-server/config/extensions/natizyskunk.sftp-1.16.3-universal/node_modules/jsonfile
2026/06/07 01:10:07 walker.go:217: walking of {file:///workspace/code-server/config/extensions/natizyskunk.sftp-1.16.3-universal/node_modules/jsonfile} finished
2026/06/07 01:10:07 discover.go:26: bus: -> Discover /workspace/code-server/config/extensions/natizyskunk.sftp-1.16.3-universal/node_modules/lodash.debounce
2026/06/07 01:10:07 walker.go:217: walking of {file:///workspace/code-server/config/extensions/natizyskunk.sftp-1.16.3-universal/node_modules/lodash.debounce} finished
2026/06/07 01:10:07 discover.go:26: bus: -> Discover /workspace/code-server/config/extensions/natizyskunk.sftp-1.16.3-universal/node_modules/lru-cache
2026/06/07 01:10:07 walker.go:217: walking of {file:///workspace/code-server/config/extensions/natizyskunk.sftp-1.16.3-universal/node_modules/lru-cache} finished
2026/06/07 01:10:07 discover.go:26: bus: -> Discover /workspace/code-server/config/extensions/natizyskunk.sftp-1.16.3-universal/node_modules/minimatch
2026/06/07 01:10:07 walker.go:217: walking of {file:///workspace/code-server/config/extensions/natizyskunk.sftp-1.16.3-universal/node_modules/minimatch} finished
2026/06/07 01:10:07 discover.go:26: bus: -> Discover /workspace/code-server/config/extensions/natizyskunk.sftp-1.16.3-universal/node_modules/nan
2026/06/07 01:10:07 discover.go:26: bus: -> Discover /workspace/code-server/config/extensions/natizyskunk.sftp-1.16.3-universal/node_modules/nan/doc
2026/06/07 01:10:07 walker.go:217: walking of {file:///workspace/code-server/config/extensions/natizyskunk.sftp-1.16.3-universal/node_modules/nan/doc} finished
2026/06/07 01:10:07 discover.go:26: bus: -> Discover /workspace/code-server/config/extensions/natizyskunk.sftp-1.16.3-universal/node_modules/nan/tools
2026/06/07 01:10:07 walker.go:217: walking of {file:///workspace/code-server/config/extensions/natizyskunk.sftp-1.16.3-universal/node_modules/nan/tools} finished
2026/06/07 01:10:07 walker.go:217: walking of {file:///workspace/code-server/config/extensions/natizyskunk.sftp-1.16.3-universal/node_modules/nan} finished
2026/06/07 01:10:07 discover.go:26: bus: -> Discover /workspace/code-server/config/extensions/natizyskunk.sftp-1.16.3-universal/node_modules/once
2026/06/07 01:10:07 walker.go:217: walking of {file:///workspace/code-server/config/extensions/natizyskunk.sftp-1.16.3-universal/node_modules/once} finished
2026/06/07 01:10:07 discover.go:26: bus: -> Discover /workspace/code-server/config/extensions/natizyskunk.sftp-1.16.3-universal/node_modules/p-queue
2026/06/07 01:10:07 walker.go:217: walking of {file:///workspace/code-server/config/extensions/natizyskunk.sftp-1.16.3-universal/node_modules/p-queue} finished
2026/06/07 01:10:07 discover.go:26: bus: -> Discover /workspace/code-server/config/extensions/natizyskunk.sftp-1.16.3-universal/node_modules/path-is-absolute
2026/06/07 01:10:07 walker.go:217: walking of {file:///workspace/code-server/config/extensions/natizyskunk.sftp-1.16.3-universal/node_modules/path-is-absolute} finished
2026/06/07 01:10:07 discover.go:26: bus: -> Discover /workspace/code-server/config/extensions/natizyskunk.sftp-1.16.3-universal/node_modules/pseudomap
2026/06/07 01:10:07 discover.go:26: bus: -> Discover /workspace/code-server/config/extensions/natizyskunk.sftp-1.16.3-universal/node_modules/pseudomap/test
2026/06/07 01:10:07 walker.go:217: walking of {file:///workspace/code-server/config/extensions/natizyskunk.sftp-1.16.3-universal/node_modules/pseudomap/test} finished
2026/06/07 01:10:07 walker.go:217: walking of {file:///workspace/code-server/config/extensions/natizyskunk.sftp-1.16.3-universal/node_modules/pseudomap} finished
2026/06/07 01:10:07 discover.go:26: bus: -> Discover /workspace/code-server/config/extensions/natizyskunk.sftp-1.16.3-universal/node_modules/readable-stream
2026/06/07 01:10:07 discover.go:26: bus: -> Discover /workspace/code-server/config/extensions/natizyskunk.sftp-1.16.3-universal/node_modules/readable-stream/lib
2026/06/07 01:10:07 walker.go:217: walking of {file:///workspace/code-server/config/extensions/natizyskunk.sftp-1.16.3-universal/node_modules/readable-stream/lib} finished
2026/06/07 01:10:07 walker.go:217: walking of {file:///workspace/code-server/config/extensions/natizyskunk.sftp-1.16.3-universal/node_modules/readable-stream} finished
2026/06/07 01:10:07 discover.go:26: bus: -> Discover /workspace/code-server/config/extensions/natizyskunk.sftp-1.16.3-universal/node_modules/safer-buffer
2026/06/07 01:10:07 walker.go:217: walking of {file:///workspace/code-server/config/extensions/natizyskunk.sftp-1.16.3-universal/node_modules/safer-buffer} finished
2026/06/07 01:10:07 discover.go:26: bus: -> Discover /workspace/code-server/config/extensions/natizyskunk.sftp-1.16.3-universal/node_modules/ssh-config
2026/06/07 01:10:07 discover.go:26: bus: -> Discover /workspace/code-server/config/extensions/natizyskunk.sftp-1.16.3-universal/node_modules/ssh-config/lib
2026/06/07 01:10:07 walker.go:217: walking of {file:///workspace/code-server/config/extensions/natizyskunk.sftp-1.16.3-universal/node_modules/ssh-config/lib} finished
2026/06/07 01:10:07 walker.go:217: walking of {file:///workspace/code-server/config/extensions/natizyskunk.sftp-1.16.3-universal/node_modules/ssh-config} finished
2026/06/07 01:10:07 discover.go:26: bus: -> Discover /workspace/code-server/config/extensions/natizyskunk.sftp-1.16.3-universal/node_modules/ssh2
2026/06/07 01:10:07 discover.go:26: bus: -> Discover /workspace/code-server/config/extensions/natizyskunk.sftp-1.16.3-universal/node_modules/ssh2/.github
2026/06/07 01:10:07 discover.go:26: bus: -> Discover /workspace/code-server/config/extensions/natizyskunk.sftp-1.16.3-universal/node_modules/ssh2/.github/workflows
2026/06/07 01:10:07 walker.go:217: walking of {file:///workspace/code-server/config/extensions/natizyskunk.sftp-1.16.3-universal/node_modules/ssh2/.github/workflows} finished
2026/06/07 01:10:07 walker.go:217: walking of {file:///workspace/code-server/config/extensions/natizyskunk.sftp-1.16.3-universal/node_modules/ssh2/.github} finished
2026/06/07 01:10:07 discover.go:26: bus: -> Discover /workspace/code-server/config/extensions/natizyskunk.sftp-1.16.3-universal/node_modules/ssh2/examples
2026/06/07 01:10:07 walker.go:217: walking of {file:///workspace/code-server/config/extensions/natizyskunk.sftp-1.16.3-universal/node_modules/ssh2/examples} finished
2026/06/07 01:10:07 discover.go:26: bus: -> Discover /workspace/code-server/config/extensions/natizyskunk.sftp-1.16.3-universal/node_modules/ssh2/lib
2026/06/07 01:10:07 discover.go:26: bus: -> Discover /workspace/code-server/config/extensions/natizyskunk.sftp-1.16.3-universal/node_modules/ssh2/lib/protocol
2026/06/07 01:10:07 discover.go:26: bus: -> Discover /workspace/code-server/config/extensions/natizyskunk.sftp-1.16.3-universal/node_modules/ssh2/lib/protocol/crypto
2026/06/07 01:10:07 discover.go:26: bus: -> Discover /workspace/code-server/config/extensions/natizyskunk.sftp-1.16.3-universal/node_modules/ssh2/lib/protocol/crypto/build
2026/06/07 01:10:07 discover.go:26: bus: -> Discover /workspace/code-server/config/extensions/natizyskunk.sftp-1.16.3-universal/node_modules/ssh2/lib/protocol/crypto/build/Release
2026/06/07 01:10:07 discover.go:26: bus: -> Discover /workspace/code-server/config/extensions/natizyskunk.sftp-1.16.3-universal/node_modules/ssh2/lib/protocol/crypto/build/Release/obj
2026/06/07 01:10:07 discover.go:26: bus: -> Discover /workspace/code-server/config/extensions/natizyskunk.sftp-1.16.3-universal/node_modules/ssh2/lib/protocol/crypto/build/Release/obj/sshcrypto
2026/06/07 01:10:07 discover.go:26: bus: -> Discover /workspace/code-server/config/extensions/natizyskunk.sftp-1.16.3-universal/node_modules/ssh2/lib/protocol/crypto/build/Release/obj/sshcrypto/src
2026/06/07 01:10:07 walker.go:217: walking of {file:///workspace/code-server/config/extensions/natizyskunk.sftp-1.16.3-universal/node_modules/ssh2/lib/protocol/crypto/build/Release/obj/sshcrypto/src} finished
2026/06/07 01:10:07 discover.go:26: bus: -> Discover /workspace/code-server/config/extensions/natizyskunk.sftp-1.16.3-universal/node_modules/ssh2/lib/protocol/crypto/build/Release/obj/sshcrypto/sshcrypto.tlog
2026/06/07 01:10:07 walker.go:217: walking of {file:///workspace/code-server/config/extensions/natizyskunk.sftp-1.16.3-universal/node_modules/ssh2/lib/protocol/crypto/build/Release/obj/sshcrypto/sshcrypto.tlog} finished
2026/06/07 01:10:07 walker.go:217: walking of {file:///workspace/code-server/config/extensions/natizyskunk.sftp-1.16.3-universal/node_modules/ssh2/lib/protocol/crypto/build/Release/obj/sshcrypto} finished
2026/06/07 01:10:07 walker.go:217: walking of {file:///workspace/code-server/config/extensions/natizyskunk.sftp-1.16.3-universal/node_modules/ssh2/lib/protocol/crypto/build/Release/obj} finished
2026/06/07 01:10:07 walker.go:217: walking of {file:///workspace/code-server/config/extensions/natizyskunk.sftp-1.16.3-universal/node_modules/ssh2/lib/protocol/crypto/build/Release} finished
2026/06/07 01:10:07 walker.go:217: walking of {file:///workspace/code-server/config/extensions/natizyskunk.sftp-1.16.3-universal/node_modules/ssh2/lib/protocol/crypto/build} finished
2026/06/07 01:10:07 discover.go:26: bus: -> Discover /workspace/code-server/config/extensions/natizyskunk.sftp-1.16.3-universal/node_modules/ssh2/lib/protocol/crypto/src
2026/06/07 01:10:07 walker.go:217: walking of {file:///workspace/code-server/config/extensions/natizyskunk.sftp-1.16.3-universal/node_modules/ssh2/lib/protocol/crypto/src} finished
2026/06/07 01:10:07 walker.go:217: walking of {file:///workspace/code-server/config/extensions/natizyskunk.sftp-1.16.3-universal/node_modules/ssh2/lib/protocol/crypto} finished
2026/06/07 01:10:07 walker.go:217: walking of {file:///workspace/code-server/config/extensions/natizyskunk.sftp-1.16.3-universal/node_modules/ssh2/lib/protocol} finished
2026/06/07 01:10:07 walker.go:217: walking of {file:///workspace/code-server/config/extensions/natizyskunk.sftp-1.16.3-universal/node_modules/ssh2/lib} finished
2026/06/07 01:10:07 discover.go:26: bus: -> Discover /workspace/code-server/config/extensions/natizyskunk.sftp-1.16.3-universal/node_modules/ssh2/test
2026/06/07 01:10:07 discover.go:26: bus: -> Discover /workspace/code-server/config/extensions/natizyskunk.sftp-1.16.3-universal/node_modules/ssh2/test/fixtures
2026/06/07 01:10:07 discover.go:26: bus: -> Discover /workspace/code-server/config/extensions/natizyskunk.sftp-1.16.3-universal/node_modules/ssh2/test/fixtures/keyParser
2026/06/07 01:10:07 walker.go:217: walking of {file:///workspace/code-server/config/extensions/natizyskunk.sftp-1.16.3-universal/node_modules/ssh2/test/fixtures/keyParser} finished
2026/06/07 01:10:07 walker.go:217: walking of {file:///workspace/code-server/config/extensions/natizyskunk.sftp-1.16.3-universal/node_modules/ssh2/test/fixtures} finished
2026/06/07 01:10:07 walker.go:217: walking of {file:///workspace/code-server/config/extensions/natizyskunk.sftp-1.16.3-universal/node_modules/ssh2/test} finished
2026/06/07 01:10:07 discover.go:26: bus: -> Discover /workspace/code-server/config/extensions/natizyskunk.sftp-1.16.3-universal/node_modules/ssh2/util
2026/06/07 01:10:07 walker.go:217: walking of {file:///workspace/code-server/config/extensions/natizyskunk.sftp-1.16.3-universal/node_modules/ssh2/util} finished
2026/06/07 01:10:07 walker.go:217: walking of {file:///workspace/code-server/config/extensions/natizyskunk.sftp-1.16.3-universal/node_modules/ssh2} finished
2026/06/07 01:10:07 discover.go:26: bus: -> Discover /workspace/code-server/config/extensions/natizyskunk.sftp-1.16.3-universal/node_modules/string_decoder
2026/06/07 01:10:07 walker.go:217: walking of {file:///workspace/code-server/config/extensions/natizyskunk.sftp-1.16.3-universal/node_modules/string_decoder} finished
2026/06/07 01:10:07 discover.go:26: bus: -> Discover /workspace/code-server/config/extensions/natizyskunk.sftp-1.16.3-universal/node_modules/tmp
2026/06/07 01:10:07 discover.go:26: bus: -> Discover /workspace/code-server/config/extensions/natizyskunk.sftp-1.16.3-universal/node_modules/tmp/lib
2026/06/07 01:10:07 walker.go:217: walking of {file:///workspace/code-server/config/extensions/natizyskunk.sftp-1.16.3-universal/node_modules/tmp/lib} finished
2026/06/07 01:10:07 discover.go:26: bus: -> Discover /workspace/code-server/config/extensions/natizyskunk.sftp-1.16.3-universal/node_modules/tmp/node_modules
2026/06/07 01:10:07 discover.go:26: bus: -> Discover /workspace/code-server/config/extensions/natizyskunk.sftp-1.16.3-universal/node_modules/tmp/node_modules/rimraf
2026/06/07 01:10:07 walker.go:217: walking of {file:///workspace/code-server/config/extensions/natizyskunk.sftp-1.16.3-universal/node_modules/tmp/node_modules/rimraf} finished
2026/06/07 01:10:07 walker.go:217: walking of {file:///workspace/code-server/config/extensions/natizyskunk.sftp-1.16.3-universal/node_modules/tmp/node_modules} finished
2026/06/07 01:10:07 walker.go:217: walking of {file:///workspace/code-server/config/extensions/natizyskunk.sftp-1.16.3-universal/node_modules/tmp} finished
2026/06/07 01:10:07 discover.go:26: bus: -> Discover /workspace/code-server/config/extensions/natizyskunk.sftp-1.16.3-universal/node_modules/topo
2026/06/07 01:10:07 discover.go:26: bus: -> Discover /workspace/code-server/config/extensions/natizyskunk.sftp-1.16.3-universal/node_modules/topo/lib
2026/06/07 01:10:07 walker.go:217: walking of {file:///workspace/code-server/config/extensions/natizyskunk.sftp-1.16.3-universal/node_modules/topo/lib} finished
2026/06/07 01:10:07 walker.go:217: walking of {file:///workspace/code-server/config/extensions/natizyskunk.sftp-1.16.3-universal/node_modules/topo} finished
2026/06/07 01:10:07 discover.go:26: bus: -> Discover /workspace/code-server/config/extensions/natizyskunk.sftp-1.16.3-universal/node_modules/tweetnacl
2026/06/07 01:10:07 walker.go:217: walking of {file:///workspace/code-server/config/extensions/natizyskunk.sftp-1.16.3-universal/node_modules/tweetnacl} finished
2026/06/07 01:10:07 discover.go:26: bus: -> Discover /workspace/code-server/config/extensions/natizyskunk.sftp-1.16.3-universal/node_modules/universalify
2026/06/07 01:10:07 walker.go:217: walking of {file:///workspace/code-server/config/extensions/natizyskunk.sftp-1.16.3-universal/node_modules/universalify} finished
2026/06/07 01:10:07 discover.go:26: bus: -> Discover /workspace/code-server/config/extensions/natizyskunk.sftp-1.16.3-universal/node_modules/upath
2026/06/07 01:10:07 discover.go:26: bus: -> Discover /workspace/code-server/config/extensions/natizyskunk.sftp-1.16.3-universal/node_modules/upath/build
2026/06/07 01:10:07 discover.go:26: bus: -> Discover /workspace/code-server/config/extensions/natizyskunk.sftp-1.16.3-universal/node_modules/upath/build/code
2026/06/07 01:10:07 walker.go:217: walking of {file:///workspace/code-server/config/extensions/natizyskunk.sftp-1.16.3-universal/node_modules/upath/build/code} finished
2026/06/07 01:10:07 walker.go:217: walking of {file:///workspace/code-server/config/extensions/natizyskunk.sftp-1.16.3-universal/node_modules/upath/build} finished
2026/06/07 01:10:07 walker.go:217: walking of {file:///workspace/code-server/config/extensions/natizyskunk.sftp-1.16.3-universal/node_modules/upath} finished
2026/06/07 01:10:07 discover.go:26: bus: -> Discover /workspace/code-server/config/extensions/natizyskunk.sftp-1.16.3-universal/node_modules/wrappy
2026/06/07 01:10:07 walker.go:217: walking of {file:///workspace/code-server/config/extensions/natizyskunk.sftp-1.16.3-universal/node_modules/wrappy} finished
2026/06/07 01:10:07 discover.go:26: bus: -> Discover /workspace/code-server/config/extensions/natizyskunk.sftp-1.16.3-universal/node_modules/xregexp
2026/06/07 01:10:07 discover.go:26: bus: -> Discover /workspace/code-server/config/extensions/natizyskunk.sftp-1.16.3-universal/node_modules/xregexp/tests
2026/06/07 01:10:07 walker.go:217: walking of {file:///workspace/code-server/config/extensions/natizyskunk.sftp-1.16.3-universal/node_modules/xregexp/tests} finished
2026/06/07 01:10:07 walker.go:217: walking of {file:///workspace/code-server/config/extensions/natizyskunk.sftp-1.16.3-universal/node_modules/xregexp} finished
2026/06/07 01:10:07 discover.go:26: bus: -> Discover /workspace/code-server/config/extensions/natizyskunk.sftp-1.16.3-universal/node_modules/yallist
2026/06/07 01:10:07 walker.go:217: walking of {file:///workspace/code-server/config/extensions/natizyskunk.sftp-1.16.3-universal/node_modules/yallist} finished
2026/06/07 01:10:07 walker.go:217: walking of {file:///workspace/code-server/config/extensions/natizyskunk.sftp-1.16.3-universal/node_modules} finished
2026/06/07 01:10:07 discover.go:26: bus: -> Discover /workspace/code-server/config/extensions/natizyskunk.sftp-1.16.3-universal/resources
2026/06/07 01:10:07 discover.go:26: bus: -> Discover /workspace/code-server/config/extensions/natizyskunk.sftp-1.16.3-universal/resources/dark
2026/06/07 01:10:07 walker.go:217: walking of {file:///workspace/code-server/config/extensions/natizyskunk.sftp-1.16.3-universal/resources/dark} finished
2026/06/07 01:10:07 discover.go:26: bus: -> Discover /workspace/code-server/config/extensions/natizyskunk.sftp-1.16.3-universal/resources/light
2026/06/07 01:10:07 walker.go:217: walking of {file:///workspace/code-server/config/extensions/natizyskunk.sftp-1.16.3-universal/resources/light} finished
2026/06/07 01:10:07 walker.go:217: walking of {file:///workspace/code-server/config/extensions/natizyskunk.sftp-1.16.3-universal/resources} finished
2026/06/07 01:10:07 discover.go:26: bus: -> Discover /workspace/code-server/config/extensions/natizyskunk.sftp-1.16.3-universal/schema
2026/06/07 01:10:07 walker.go:217: walking of {file:///workspace/code-server/config/extensions/natizyskunk.sftp-1.16.3-universal/schema} finished
2026/06/07 01:10:07 walker.go:217: walking of {file:///workspace/code-server/config/extensions/natizyskunk.sftp-1.16.3-universal} finished
2026/06/07 01:10:07 discover.go:26: bus: -> Discover /workspace/code-server/config/extensions/nebula-themes.nebula-aura-theme-0.0.2-universal
2026/06/07 01:10:07 discover.go:26: bus: -> Discover /workspace/code-server/config/extensions/nebula-themes.nebula-aura-theme-0.0.2-universal/images
2026/06/07 01:10:07 walker.go:217: walking of {file:///workspace/code-server/config/extensions/nebula-themes.nebula-aura-theme-0.0.2-universal/images} finished
2026/06/07 01:10:07 discover.go:26: bus: -> Discover /workspace/code-server/config/extensions/nebula-themes.nebula-aura-theme-0.0.2-universal/themes
2026/06/07 01:10:07 walker.go:217: walking of {file:///workspace/code-server/config/extensions/nebula-themes.nebula-aura-theme-0.0.2-universal/themes} finished
2026/06/07 01:10:07 walker.go:217: walking of {file:///workspace/code-server/config/extensions/nebula-themes.nebula-aura-theme-0.0.2-universal} finished
2026/06/07 01:10:07 discover.go:26: bus: -> Discover /workspace/code-server/config/extensions/pkief.material-icon-theme-5.35.0-universal
2026/06/07 01:10:07 discover.go:26: bus: -> Discover /workspace/code-server/config/extensions/pkief.material-icon-theme-5.35.0-universal/dist
2026/06/07 01:10:07 discover.go:26: bus: -> Discover /workspace/code-server/config/extensions/pkief.material-icon-theme-5.35.0-universal/dist/extension
2026/06/07 01:10:07 discover.go:26: bus: -> Discover /workspace/code-server/config/extensions/pkief.material-icon-theme-5.35.0-universal/dist/extension/desktop
2026/06/07 01:10:07 walker.go:217: walking of {file:///workspace/code-server/config/extensions/pkief.material-icon-theme-5.35.0-universal/dist/extension/desktop} finished
2026/06/07 01:10:07 discover.go:26: bus: -> Discover /workspace/code-server/config/extensions/pkief.material-icon-theme-5.35.0-universal/dist/extension/web
2026/06/07 01:10:07 walker.go:217: walking of {file:///workspace/code-server/config/extensions/pkief.material-icon-theme-5.35.0-universal/dist/extension/web} finished
2026/06/07 01:10:07 walker.go:217: walking of {file:///workspace/code-server/config/extensions/pkief.material-icon-theme-5.35.0-universal/dist/extension} finished
2026/06/07 01:10:07 walker.go:217: walking of {file:///workspace/code-server/config/extensions/pkief.material-icon-theme-5.35.0-universal/dist} finished
2026/06/07 01:10:07 discover.go:26: bus: -> Discover /workspace/code-server/config/extensions/pkief.material-icon-theme-5.35.0-universal/icons
2026/06/07 01:10:07 walker.go:217: walking of {file:///workspace/code-server/config/extensions/pkief.material-icon-theme-5.35.0-universal/icons} finished
2026/06/07 01:10:07 walker.go:217: walking of {file:///workspace/code-server/config/extensions/pkief.material-icon-theme-5.35.0-universal} finished
2026/06/07 01:10:07 discover.go:26: bus: -> Discover /workspace/code-server/config/extensions/redhat.ansible-26.6.0-universal
2026/06/07 01:10:07 discover.go:26: bus: -> Discover /workspace/code-server/config/extensions/redhat.ansible-26.6.0-universal/dist
2026/06/07 01:10:07 discover.go:26: bus: -> Discover /workspace/code-server/config/extensions/redhat.ansible-26.6.0-universal/dist/assets
2026/06/07 01:10:07 walker.go:217: walking of {file:///workspace/code-server/config/extensions/redhat.ansible-26.6.0-universal/dist/assets} finished
2026/06/07 01:10:07 discover.go:26: bus: -> Discover /workspace/code-server/config/extensions/redhat.ansible-26.6.0-universal/dist/extension
2026/06/07 01:10:07 walker.go:217: walking of {file:///workspace/code-server/config/extensions/redhat.ansible-26.6.0-universal/dist/extension} finished
2026/06/07 01:10:07 discover.go:26: bus: -> Discover /workspace/code-server/config/extensions/redhat.ansible-26.6.0-universal/dist/webviews
2026/06/07 01:10:07 discover.go:26: bus: -> Discover /workspace/code-server/config/extensions/redhat.ansible-26.6.0-universal/dist/webviews/lightspeed
2026/06/07 01:10:07 walker.go:217: walking of {file:///workspace/code-server/config/extensions/redhat.ansible-26.6.0-universal/dist/webviews/lightspeed} finished
2026/06/07 01:10:07 walker.go:217: walking of {file:///workspace/code-server/config/extensions/redhat.ansible-26.6.0-universal/dist/webviews} finished
2026/06/07 01:10:07 walker.go:217: walking of {file:///workspace/code-server/config/extensions/redhat.ansible-26.6.0-universal/dist} finished
2026/06/07 01:10:07 discover.go:26: bus: -> Discover /workspace/code-server/config/extensions/redhat.ansible-26.6.0-universal/images
2026/06/07 01:10:07 walker.go:217: walking of {file:///workspace/code-server/config/extensions/redhat.ansible-26.6.0-universal/images} finished
2026/06/07 01:10:07 discover.go:26: bus: -> Discover /workspace/code-server/config/extensions/redhat.ansible-26.6.0-universal/media
2026/06/07 01:10:07 discover.go:26: bus: -> Discover /workspace/code-server/config/extensions/redhat.ansible-26.6.0-universal/media/contentCreator
2026/06/07 01:10:07 discover.go:26: bus: -> Discover /workspace/code-server/config/extensions/redhat.ansible-26.6.0-universal/media/contentCreator/icons
2026/06/07 01:10:07 walker.go:217: walking of {file:///workspace/code-server/config/extensions/redhat.ansible-26.6.0-universal/media/contentCreator/icons} finished
2026/06/07 01:10:07 walker.go:217: walking of {file:///workspace/code-server/config/extensions/redhat.ansible-26.6.0-universal/media/contentCreator} finished
2026/06/07 01:10:07 discover.go:26: bus: -> Discover /workspace/code-server/config/extensions/redhat.ansible-26.6.0-universal/media/quickLinks
2026/06/07 01:10:07 walker.go:217: walking of {file:///workspace/code-server/config/extensions/redhat.ansible-26.6.0-universal/media/quickLinks} finished
2026/06/07 01:10:07 discover.go:26: bus: -> Discover /workspace/code-server/config/extensions/redhat.ansible-26.6.0-universal/media/walkthroughs
2026/06/07 01:10:07 discover.go:26: bus: -> Discover /workspace/code-server/config/extensions/redhat.ansible-26.6.0-universal/media/walkthroughs/createAnsibleEnv
2026/06/07 01:10:07 walker.go:217: walking of {file:///workspace/code-server/config/extensions/redhat.ansible-26.6.0-universal/media/walkthroughs/createAnsibleEnv} finished
2026/06/07 01:10:07 discover.go:26: bus: -> Discover /workspace/code-server/config/extensions/redhat.ansible-26.6.0-universal/media/walkthroughs/discoverAdt
2026/06/07 01:10:07 walker.go:217: walking of {file:///workspace/code-server/config/extensions/redhat.ansible-26.6.0-universal/media/walkthroughs/discoverAdt} finished
2026/06/07 01:10:07 discover.go:26: bus: -> Discover /workspace/code-server/config/extensions/redhat.ansible-26.6.0-universal/media/walkthroughs/startAutomatingPlaybook
2026/06/07 01:10:07 walker.go:217: walking of {file:///workspace/code-server/config/extensions/redhat.ansible-26.6.0-universal/media/walkthroughs/startAutomatingPlaybook} finished
2026/06/07 01:10:07 walker.go:217: walking of {file:///workspace/code-server/config/extensions/redhat.ansible-26.6.0-universal/media/walkthroughs} finished
2026/06/07 01:10:07 discover.go:26: bus: -> Discover /workspace/code-server/config/extensions/redhat.ansible-26.6.0-universal/media/welcomePage
2026/06/07 01:10:07 walker.go:217: walking of {file:///workspace/code-server/config/extensions/redhat.ansible-26.6.0-universal/media/welcomePage} finished
2026/06/07 01:10:07 walker.go:217: walking of {file:///workspace/code-server/config/extensions/redhat.ansible-26.6.0-universal/media} finished
2026/06/07 01:10:07 discover.go:26: bus: -> Discover /workspace/code-server/config/extensions/redhat.ansible-26.6.0-universal/packages
2026/06/07 01:10:07 discover.go:26: bus: -> Discover /workspace/code-server/config/extensions/redhat.ansible-26.6.0-universal/packages/ansible-language-server
2026/06/07 01:10:07 discover.go:26: bus: -> Discover /workspace/code-server/config/extensions/redhat.ansible-26.6.0-universal/packages/ansible-language-server/dist
2026/06/07 01:10:07 walker.go:217: walking of {file:///workspace/code-server/config/extensions/redhat.ansible-26.6.0-universal/packages/ansible-language-server/dist} finished
2026/06/07 01:10:07 walker.go:217: walking of {file:///workspace/code-server/config/extensions/redhat.ansible-26.6.0-universal/packages/ansible-language-server} finished
2026/06/07 01:10:07 discover.go:26: bus: -> Discover /workspace/code-server/config/extensions/redhat.ansible-26.6.0-universal/packages/ansible-mcp-server
2026/06/07 01:10:07 discover.go:26: bus: -> Discover /workspace/code-server/config/extensions/redhat.ansible-26.6.0-universal/packages/ansible-mcp-server/dist
2026/06/07 01:10:07 discover.go:26: bus: -> Discover /workspace/code-server/config/extensions/redhat.ansible-26.6.0-universal/packages/ansible-mcp-server/dist/data
2026/06/07 01:10:07 walker.go:217: walking of {file:///workspace/code-server/config/extensions/redhat.ansible-26.6.0-universal/packages/ansible-mcp-server/dist/data} finished
2026/06/07 01:10:07 discover.go:26: bus: -> Discover /workspace/code-server/config/extensions/redhat.ansible-26.6.0-universal/packages/ansible-mcp-server/dist/resources
2026/06/07 01:10:07 walker.go:217: walking of {file:///workspace/code-server/config/extensions/redhat.ansible-26.6.0-universal/packages/ansible-mcp-server/dist/resources} finished
2026/06/07 01:10:07 discover.go:26: bus: -> Discover /workspace/code-server/config/extensions/redhat.ansible-26.6.0-universal/packages/ansible-mcp-server/dist/tools
2026/06/07 01:10:07 walker.go:217: walking of {file:///workspace/code-server/config/extensions/redhat.ansible-26.6.0-universal/packages/ansible-mcp-server/dist/tools} finished
2026/06/07 01:10:07 discover.go:26: bus: -> Discover /workspace/code-server/config/extensions/redhat.ansible-26.6.0-universal/packages/ansible-mcp-server/dist/utils
2026/06/07 01:10:07 walker.go:217: walking of {file:///workspace/code-server/config/extensions/redhat.ansible-26.6.0-universal/packages/ansible-mcp-server/dist/utils} finished
2026/06/07 01:10:07 walker.go:217: walking of {file:///workspace/code-server/config/extensions/redhat.ansible-26.6.0-universal/packages/ansible-mcp-server/dist} finished
2026/06/07 01:10:07 walker.go:217: walking of {file:///workspace/code-server/config/extensions/redhat.ansible-26.6.0-universal/packages/ansible-mcp-server} finished
2026/06/07 01:10:07 walker.go:217: walking of {file:///workspace/code-server/config/extensions/redhat.ansible-26.6.0-universal/packages} finished
2026/06/07 01:10:07 discover.go:26: bus: -> Discover /workspace/code-server/config/extensions/redhat.ansible-26.6.0-universal/resources
2026/06/07 01:10:07 discover.go:26: bus: -> Discover /workspace/code-server/config/extensions/redhat.ansible-26.6.0-universal/resources/contentCreator
2026/06/07 01:10:07 discover.go:26: bus: -> Discover /workspace/code-server/config/extensions/redhat.ansible-26.6.0-universal/resources/contentCreator/createDevcontainer
2026/06/07 01:10:07 discover.go:26: bus: -> Discover /workspace/code-server/config/extensions/redhat.ansible-26.6.0-universal/resources/contentCreator/createDevcontainer/.devcontainer
2026/06/07 01:10:07 discover.go:26: bus: -> Discover /workspace/code-server/config/extensions/redhat.ansible-26.6.0-universal/resources/contentCreator/createDevcontainer/.devcontainer/docker
2026/06/07 01:10:07 walker.go:217: walking of {file:///workspace/code-server/config/extensions/redhat.ansible-26.6.0-universal/resources/contentCreator/createDevcontainer/.devcontainer/docker} finished
2026/06/07 01:10:07 discover.go:26: bus: -> Discover /workspace/code-server/config/extensions/redhat.ansible-26.6.0-universal/resources/contentCreator/createDevcontainer/.devcontainer/podman
2026/06/07 01:10:07 walker.go:217: walking of {file:///workspace/code-server/config/extensions/redhat.ansible-26.6.0-universal/resources/contentCreator/createDevcontainer/.devcontainer/podman} finished
2026/06/07 01:10:07 walker.go:217: walking of {file:///workspace/code-server/config/extensions/redhat.ansible-26.6.0-universal/resources/contentCreator/createDevcontainer/.devcontainer} finished
2026/06/07 01:10:07 walker.go:217: walking of {file:///workspace/code-server/config/extensions/redhat.ansible-26.6.0-universal/resources/contentCreator/createDevcontainer} finished
2026/06/07 01:10:07 discover.go:26: bus: -> Discover /workspace/code-server/config/extensions/redhat.ansible-26.6.0-universal/resources/contentCreator/createDevfile
2026/06/07 01:10:07 walker.go:217: walking of {file:///workspace/code-server/config/extensions/redhat.ansible-26.6.0-universal/resources/contentCreator/createDevfile} finished
2026/06/07 01:10:07 walker.go:217: walking of {file:///workspace/code-server/config/extensions/redhat.ansible-26.6.0-universal/resources/contentCreator} finished
2026/06/07 01:10:07 walker.go:217: walking of {file:///workspace/code-server/config/extensions/redhat.ansible-26.6.0-universal/resources} finished
2026/06/07 01:10:07 discover.go:26: bus: -> Discover /workspace/code-server/config/extensions/redhat.ansible-26.6.0-universal/syntaxes
2026/06/07 01:10:07 discover.go:26: bus: -> Discover /workspace/code-server/config/extensions/redhat.ansible-26.6.0-universal/syntaxes/ansible
2026/06/07 01:10:07 discover.go:26: bus: -> Discover /workspace/code-server/config/extensions/redhat.ansible-26.6.0-universal/syntaxes/ansible/generated
2026/06/07 01:10:07 walker.go:217: walking of {file:///workspace/code-server/config/extensions/redhat.ansible-26.6.0-universal/syntaxes/ansible/generated} finished
2026/06/07 01:10:07 walker.go:217: walking of {file:///workspace/code-server/config/extensions/redhat.ansible-26.6.0-universal/syntaxes/ansible} finished
2026/06/07 01:10:07 discover.go:26: bus: -> Discover /workspace/code-server/config/extensions/redhat.ansible-26.6.0-universal/syntaxes/external
2026/06/07 01:10:07 walker.go:217: walking of {file:///workspace/code-server/config/extensions/redhat.ansible-26.6.0-universal/syntaxes/external} finished
2026/06/07 01:10:07 walker.go:217: walking of {file:///workspace/code-server/config/extensions/redhat.ansible-26.6.0-universal/syntaxes} finished
2026/06/07 01:10:07 walker.go:217: walking of {file:///workspace/code-server/config/extensions/redhat.ansible-26.6.0-universal} finished
2026/06/07 01:10:07 discover.go:26: bus: -> Discover /workspace/code-server/config/extensions/redhat.vscode-yaml-1.23.0-universal
2026/06/07 01:10:07 discover.go:26: bus: -> Discover /workspace/code-server/config/extensions/redhat.vscode-yaml-1.23.0-universal/dist
2026/06/07 01:10:07 discover.go:26: bus: -> Discover /workspace/code-server/config/extensions/redhat.vscode-yaml-1.23.0-universal/dist/l10n
2026/06/07 01:10:07 discover.go:26: bus: -> Discover /workspace/code-server/config/extensions/redhat.vscode-yaml-1.23.0-universal/dist/l10n/l10n
2026/06/07 01:10:07 walker.go:217: walking of {file:///workspace/code-server/config/extensions/redhat.vscode-yaml-1.23.0-universal/dist/l10n/l10n} finished
2026/06/07 01:10:07 walker.go:217: walking of {file:///workspace/code-server/config/extensions/redhat.vscode-yaml-1.23.0-universal/dist/l10n} finished
2026/06/07 01:10:07 walker.go:217: walking of {file:///workspace/code-server/config/extensions/redhat.vscode-yaml-1.23.0-universal/dist} finished
2026/06/07 01:10:07 discover.go:26: bus: -> Discover /workspace/code-server/config/extensions/redhat.vscode-yaml-1.23.0-universal/icon
2026/06/07 01:10:07 walker.go:217: walking of {file:///workspace/code-server/config/extensions/redhat.vscode-yaml-1.23.0-universal/icon} finished
2026/06/07 01:10:07 discover.go:26: bus: -> Discover /workspace/code-server/config/extensions/redhat.vscode-yaml-1.23.0-universal/smoke-test
2026/06/07 01:10:07 walker.go:204: skipping ignored dir name: .vscode
2026/06/07 01:10:07 walker.go:217: walking of {file:///workspace/code-server/config/extensions/redhat.vscode-yaml-1.23.0-universal/smoke-test} finished
2026/06/07 01:10:07 discover.go:26: bus: -> Discover /workspace/code-server/config/extensions/redhat.vscode-yaml-1.23.0-universal/syntaxes
2026/06/07 01:10:07 walker.go:217: walking of {file:///workspace/code-server/config/extensions/redhat.vscode-yaml-1.23.0-universal/syntaxes} finished
2026/06/07 01:10:07 walker.go:217: walking of {file:///workspace/code-server/config/extensions/redhat.vscode-yaml-1.23.0-universal} finished
2026/06/07 01:10:07 discover.go:26: bus: -> Discover /workspace/code-server/config/extensions/shubhamsharma.ariv-themes-1.0.0-universal
2026/06/07 01:10:07 discover.go:26: bus: -> Discover /workspace/code-server/config/extensions/shubhamsharma.ariv-themes-1.0.0-universal/node_modules
2026/06/07 01:10:07 discover.go:26: bus: -> Discover /workspace/code-server/config/extensions/shubhamsharma.ariv-themes-1.0.0-universal/node_modules/@types
2026/06/07 01:10:07 discover.go:26: bus: -> Discover /workspace/code-server/config/extensions/shubhamsharma.ariv-themes-1.0.0-universal/node_modules/@types/vscode
2026/06/07 01:10:07 walker.go:217: walking of {file:///workspace/code-server/config/extensions/shubhamsharma.ariv-themes-1.0.0-universal/node_modules/@types/vscode} finished
2026/06/07 01:10:07 walker.go:217: walking of {file:///workspace/code-server/config/extensions/shubhamsharma.ariv-themes-1.0.0-universal/node_modules/@types} finished
2026/06/07 01:10:07 walker.go:217: walking of {file:///workspace/code-server/config/extensions/shubhamsharma.ariv-themes-1.0.0-universal/node_modules} finished
2026/06/07 01:10:07 discover.go:26: bus: -> Discover /workspace/code-server/config/extensions/shubhamsharma.ariv-themes-1.0.0-universal/themes
2026/06/07 01:10:07 walker.go:217: walking of {file:///workspace/code-server/config/extensions/shubhamsharma.ariv-themes-1.0.0-universal/themes} finished
2026/06/07 01:10:07 walker.go:217: walking of {file:///workspace/code-server/config/extensions/shubhamsharma.ariv-themes-1.0.0-universal} finished
2026/06/07 01:10:07 discover.go:26: bus: -> Discover /workspace/code-server/config/extensions/usernamehw.errorlens-3.28.0-universal
2026/06/07 01:10:07 discover.go:26: bus: -> Discover /workspace/code-server/config/extensions/usernamehw.errorlens-3.28.0-universal/dist
2026/06/07 01:10:07 walker.go:217: walking of {file:///workspace/code-server/config/extensions/usernamehw.errorlens-3.28.0-universal/dist} finished
2026/06/07 01:10:07 discover.go:26: bus: -> Discover /workspace/code-server/config/extensions/usernamehw.errorlens-3.28.0-universal/img
2026/06/07 01:10:07 discover.go:26: bus: -> Discover /workspace/code-server/config/extensions/usernamehw.errorlens-3.28.0-universal/img/borderless
2026/06/07 01:10:07 walker.go:217: walking of {file:///workspace/code-server/config/extensions/usernamehw.errorlens-3.28.0-universal/img/borderless} finished
2026/06/07 01:10:07 discover.go:26: bus: -> Discover /workspace/code-server/config/extensions/usernamehw.errorlens-3.28.0-universal/img/default
2026/06/07 01:10:07 walker.go:217: walking of {file:///workspace/code-server/config/extensions/usernamehw.errorlens-3.28.0-universal/img/default} finished
2026/06/07 01:10:07 discover.go:26: bus: -> Discover /workspace/code-server/config/extensions/usernamehw.errorlens-3.28.0-universal/img/defaultOutline
2026/06/07 01:10:07 walker.go:217: walking of {file:///workspace/code-server/config/extensions/usernamehw.errorlens-3.28.0-universal/img/defaultOutline} finished
2026/06/07 01:10:07 walker.go:217: walking of {file:///workspace/code-server/config/extensions/usernamehw.errorlens-3.28.0-universal/img} finished
2026/06/07 01:10:07 walker.go:217: walking of {file:///workspace/code-server/config/extensions/usernamehw.errorlens-3.28.0-universal} finished
2026/06/07 01:10:07 walker.go:217: walking of {file:///workspace/code-server/config/extensions} finished
2026/06/07 01:10:07 discover.go:26: bus: -> Discover /workspace/code-server/config/workspace
2026/06/07 01:10:07 walker.go:217: walking of {file:///workspace/code-server/config/workspace} finished
2026/06/07 01:10:07 walker.go:217: walking of {file:///workspace/code-server/config} finished
2026/06/07 01:10:07 discover.go:26: bus: -> Discover /workspace/code-server/projects
2026/06/07 01:10:07 walker.go:217: walking of {file:///workspace/code-server/projects} finished
2026/06/07 01:10:07 walker.go:217: walking of {file:///workspace/code-server} finished
2026/06/07 01:10:07 discover.go:26: bus: -> Discover /workspace/forgejo
2026/06/07 01:10:07 discover.go:26: bus: -> Discover /workspace/forgejo/backups
2026/06/07 01:10:07 walker.go:217: walking of {file:///workspace/forgejo/backups} finished
2026/06/07 01:10:07 discover.go:26: bus: -> Discover /workspace/forgejo/compose
2026/06/07 01:10:07 walker.go:217: walking of {file:///workspace/forgejo/compose} finished
2026/06/07 01:10:07 discover.go:26: bus: -> Discover /workspace/forgejo/custom-theme
2026/06/07 01:10:07 walker.go:217: walking of {file:///workspace/forgejo/custom-theme} finished
2026/06/07 01:10:07 discover.go:26: bus: -> Discover /workspace/forgejo/data
2026/06/07 01:10:07 discover.go:26: bus: -> Discover /workspace/forgejo/data/git
2026/06/07 01:10:07 discover.go:26: bus: -> Discover /workspace/forgejo/data/git/.ssh
2026/06/07 01:10:07 walker.go:217: walking of {file:///workspace/forgejo/data/git/.ssh} finished
2026/06/07 01:10:07 discover.go:26: bus: -> Discover /workspace/forgejo/data/git/lfs
2026/06/07 01:10:07 walker.go:217: walking of {file:///workspace/forgejo/data/git/lfs} finished
2026/06/07 01:10:07 discover.go:26: bus: -> Discover /workspace/forgejo/data/git/repositories
2026/06/07 01:10:07 discover.go:26: bus: -> Discover /workspace/forgejo/data/git/repositories/henrik
2026/06/07 01:10:07 discover.go:26: bus: -> Discover /workspace/forgejo/data/git/repositories/henrik/virtual-infrastructure.git
2026/06/07 01:10:07 discover.go:26: bus: -> Discover /workspace/forgejo/data/git/repositories/henrik/virtual-infrastructure.git/hooks
2026/06/07 01:10:07 discover.go:26: bus: -> Discover /workspace/forgejo/data/git/repositories/henrik/virtual-infrastructure.git/hooks/post-receive.d
2026/06/07 01:10:07 walker.go:217: walking of {file:///workspace/forgejo/data/git/repositories/henrik/virtual-infrastructure.git/hooks/post-receive.d} finished
2026/06/07 01:10:07 discover.go:26: bus: -> Discover /workspace/forgejo/data/git/repositories/henrik/virtual-infrastructure.git/hooks/pre-receive.d
2026/06/07 01:10:07 walker.go:217: walking of {file:///workspace/forgejo/data/git/repositories/henrik/virtual-infrastructure.git/hooks/pre-receive.d} finished
2026/06/07 01:10:07 discover.go:26: bus: -> Discover /workspace/forgejo/data/git/repositories/henrik/virtual-infrastructure.git/hooks/proc-receive.d
2026/06/07 01:10:07 walker.go:217: walking of {file:///workspace/forgejo/data/git/repositories/henrik/virtual-infrastructure.git/hooks/proc-receive.d} finished
2026/06/07 01:10:07 discover.go:26: bus: -> Discover /workspace/forgejo/data/git/repositories/henrik/virtual-infrastructure.git/hooks/update.d
2026/06/07 01:10:07 walker.go:217: walking of {file:///workspace/forgejo/data/git/repositories/henrik/virtual-infrastructure.git/hooks/update.d} finished
2026/06/07 01:10:07 walker.go:217: walking of {file:///workspace/forgejo/data/git/repositories/henrik/virtual-infrastructure.git/hooks} finished
2026/06/07 01:10:07 discover.go:26: bus: -> Discover /workspace/forgejo/data/git/repositories/henrik/virtual-infrastructure.git/info
2026/06/07 01:10:07 walker.go:217: walking of {file:///workspace/forgejo/data/git/repositories/henrik/virtual-infrastructure.git/info} finished
2026/06/07 01:10:07 discover.go:26: bus: -> Discover /workspace/forgejo/data/git/repositories/henrik/virtual-infrastructure.git/logs
2026/06/07 01:10:07 discover.go:26: bus: -> Discover /workspace/forgejo/data/git/repositories/henrik/virtual-infrastructure.git/logs/refs
2026/06/07 01:10:07 discover.go:26: bus: -> Discover /workspace/forgejo/data/git/repositories/henrik/virtual-infrastructure.git/logs/refs/heads
2026/06/07 01:10:07 walker.go:217: walking of {file:///workspace/forgejo/data/git/repositories/henrik/virtual-infrastructure.git/logs/refs/heads} finished
2026/06/07 01:10:07 walker.go:217: walking of {file:///workspace/forgejo/data/git/repositories/henrik/virtual-infrastructure.git/logs/refs} finished
2026/06/07 01:10:07 walker.go:217: walking of {file:///workspace/forgejo/data/git/repositories/henrik/virtual-infrastructure.git/logs} finished
2026/06/07 01:10:07 discover.go:26: bus: -> Discover /workspace/forgejo/data/git/repositories/henrik/virtual-infrastructure.git/objects
2026/06/07 01:10:07 discover.go:26: bus: -> Discover /workspace/forgejo/data/git/repositories/henrik/virtual-infrastructure.git/objects/00
2026/06/07 01:10:07 walker.go:217: walking of {file:///workspace/forgejo/data/git/repositories/henrik/virtual-infrastructure.git/objects/00} finished
2026/06/07 01:10:07 discover.go:26: bus: -> Discover /workspace/forgejo/data/git/repositories/henrik/virtual-infrastructure.git/objects/30
2026/06/07 01:10:07 walker.go:217: walking of {file:///workspace/forgejo/data/git/repositories/henrik/virtual-infrastructure.git/objects/30} finished
2026/06/07 01:10:07 discover.go:26: bus: -> Discover /workspace/forgejo/data/git/repositories/henrik/virtual-infrastructure.git/objects/5a
2026/06/07 01:10:07 walker.go:217: walking of {file:///workspace/forgejo/data/git/repositories/henrik/virtual-infrastructure.git/objects/5a} finished
2026/06/07 01:10:07 discover.go:26: bus: -> Discover /workspace/forgejo/data/git/repositories/henrik/virtual-infrastructure.git/objects/8f
2026/06/07 01:10:07 walker.go:217: walking of {file:///workspace/forgejo/data/git/repositories/henrik/virtual-infrastructure.git/objects/8f} finished
2026/06/07 01:10:07 discover.go:26: bus: -> Discover /workspace/forgejo/data/git/repositories/henrik/virtual-infrastructure.git/objects/info
2026/06/07 01:10:07 walker.go:217: walking of {file:///workspace/forgejo/data/git/repositories/henrik/virtual-infrastructure.git/objects/info} finished
2026/06/07 01:10:07 discover.go:26: bus: -> Discover /workspace/forgejo/data/git/repositories/henrik/virtual-infrastructure.git/objects/pack
2026/06/07 01:10:07 walker.go:217: walking of {file:///workspace/forgejo/data/git/repositories/henrik/virtual-infrastructure.git/objects/pack} finished
2026/06/07 01:10:07 walker.go:217: walking of {file:///workspace/forgejo/data/git/repositories/henrik/virtual-infrastructure.git/objects} finished
2026/06/07 01:10:07 discover.go:26: bus: -> Discover /workspace/forgejo/data/git/repositories/henrik/virtual-infrastructure.git/refs
2026/06/07 01:10:07 discover.go:26: bus: -> Discover /workspace/forgejo/data/git/repositories/henrik/virtual-infrastructure.git/refs/heads
2026/06/07 01:10:07 walker.go:217: walking of {file:///workspace/forgejo/data/git/repositories/henrik/virtual-infrastructure.git/refs/heads} finished
2026/06/07 01:10:07 discover.go:26: bus: -> Discover /workspace/forgejo/data/git/repositories/henrik/virtual-infrastructure.git/refs/tags
2026/06/07 01:10:07 walker.go:217: walking of {file:///workspace/forgejo/data/git/repositories/henrik/virtual-infrastructure.git/refs/tags} finished
2026/06/07 01:10:07 walker.go:217: walking of {file:///workspace/forgejo/data/git/repositories/henrik/virtual-infrastructure.git/refs} finished
2026/06/07 01:10:07 walker.go:217: walking of {file:///workspace/forgejo/data/git/repositories/henrik/virtual-infrastructure.git} finished
2026/06/07 01:10:07 walker.go:217: walking of {file:///workspace/forgejo/data/git/repositories/henrik} finished
2026/06/07 01:10:07 discover.go:26: bus: -> Discover /workspace/forgejo/data/git/repositories/pulseai
2026/06/07 01:10:07 discover.go:26: bus: -> Discover /workspace/forgejo/data/git/repositories/pulseai/automation.git
2026/06/07 01:10:07 discover.go:26: bus: -> Discover /workspace/forgejo/data/git/repositories/pulseai/automation.git/hooks
2026/06/07 01:10:07 discover.go:26: bus: -> Discover /workspace/forgejo/data/git/repositories/pulseai/automation.git/hooks/post-receive.d
2026/06/07 01:10:07 walker.go:217: walking of {file:///workspace/forgejo/data/git/repositories/pulseai/automation.git/hooks/post-receive.d} finished
2026/06/07 01:10:07 discover.go:26: bus: -> Discover /workspace/forgejo/data/git/repositories/pulseai/automation.git/hooks/pre-receive.d
2026/06/07 01:10:07 walker.go:217: walking of {file:///workspace/forgejo/data/git/repositories/pulseai/automation.git/hooks/pre-receive.d} finished
2026/06/07 01:10:07 discover.go:26: bus: -> Discover /workspace/forgejo/data/git/repositories/pulseai/automation.git/hooks/proc-receive.d
2026/06/07 01:10:07 walker.go:217: walking of {file:///workspace/forgejo/data/git/repositories/pulseai/automation.git/hooks/proc-receive.d} finished
2026/06/07 01:10:07 discover.go:26: bus: -> Discover /workspace/forgejo/data/git/repositories/pulseai/automation.git/hooks/update.d
2026/06/07 01:10:07 walker.go:217: walking of {file:///workspace/forgejo/data/git/repositories/pulseai/automation.git/hooks/update.d} finished
2026/06/07 01:10:07 walker.go:217: walking of {file:///workspace/forgejo/data/git/repositories/pulseai/automation.git/hooks} finished
2026/06/07 01:10:07 discover.go:26: bus: -> Discover /workspace/forgejo/data/git/repositories/pulseai/automation.git/info
2026/06/07 01:10:07 walker.go:217: walking of {file:///workspace/forgejo/data/git/repositories/pulseai/automation.git/info} finished
2026/06/07 01:10:07 discover.go:26: bus: -> Discover /workspace/forgejo/data/git/repositories/pulseai/automation.git/logs
2026/06/07 01:10:07 discover.go:26: bus: -> Discover /workspace/forgejo/data/git/repositories/pulseai/automation.git/logs/refs
2026/06/07 01:10:07 discover.go:26: bus: -> Discover /workspace/forgejo/data/git/repositories/pulseai/automation.git/logs/refs/heads
2026/06/07 01:10:07 walker.go:217: walking of {file:///workspace/forgejo/data/git/repositories/pulseai/automation.git/logs/refs/heads} finished
2026/06/07 01:10:07 walker.go:217: walking of {file:///workspace/forgejo/data/git/repositories/pulseai/automation.git/logs/refs} finished
2026/06/07 01:10:07 walker.go:217: walking of {file:///workspace/forgejo/data/git/repositories/pulseai/automation.git/logs} finished
2026/06/07 01:10:07 discover.go:26: bus: -> Discover /workspace/forgejo/data/git/repositories/pulseai/automation.git/objects
2026/06/07 01:10:07 discover.go:26: bus: -> Discover /workspace/forgejo/data/git/repositories/pulseai/automation.git/objects/06
2026/06/07 01:10:07 walker.go:217: walking of {file:///workspace/forgejo/data/git/repositories/pulseai/automation.git/objects/06} finished
2026/06/07 01:10:07 discover.go:26: bus: -> Discover /workspace/forgejo/data/git/repositories/pulseai/automation.git/objects/13
2026/06/07 01:10:07 walker.go:217: walking of {file:///workspace/forgejo/data/git/repositories/pulseai/automation.git/objects/13} finished
2026/06/07 01:10:07 discover.go:26: bus: -> Discover /workspace/forgejo/data/git/repositories/pulseai/automation.git/objects/4a
2026/06/07 01:10:07 walker.go:217: walking of {file:///workspace/forgejo/data/git/repositories/pulseai/automation.git/objects/4a} finished
2026/06/07 01:10:07 discover.go:26: bus: -> Discover /workspace/forgejo/data/git/repositories/pulseai/automation.git/objects/a4
2026/06/07 01:10:07 walker.go:217: walking of {file:///workspace/forgejo/data/git/repositories/pulseai/automation.git/objects/a4} finished
2026/06/07 01:10:07 discover.go:26: bus: -> Discover /workspace/forgejo/data/git/repositories/pulseai/automation.git/objects/c9
2026/06/07 01:10:07 walker.go:217: walking of {file:///workspace/forgejo/data/git/repositories/pulseai/automation.git/objects/c9} finished
2026/06/07 01:10:07 discover.go:26: bus: -> Discover /workspace/forgejo/data/git/repositories/pulseai/automation.git/objects/cc
2026/06/07 01:10:07 walker.go:217: walking of {file:///workspace/forgejo/data/git/repositories/pulseai/automation.git/objects/cc} finished
2026/06/07 01:10:07 discover.go:26: bus: -> Discover /workspace/forgejo/data/git/repositories/pulseai/automation.git/objects/e6
2026/06/07 01:10:07 walker.go:217: walking of {file:///workspace/forgejo/data/git/repositories/pulseai/automation.git/objects/e6} finished
2026/06/07 01:10:07 discover.go:26: bus: -> Discover /workspace/forgejo/data/git/repositories/pulseai/automation.git/objects/f5
2026/06/07 01:10:07 walker.go:217: walking of {file:///workspace/forgejo/data/git/repositories/pulseai/automation.git/objects/f5} finished
2026/06/07 01:10:07 discover.go:26: bus: -> Discover /workspace/forgejo/data/git/repositories/pulseai/automation.git/objects/f9
2026/06/07 01:10:07 walker.go:217: walking of {file:///workspace/forgejo/data/git/repositories/pulseai/automation.git/objects/f9} finished
2026/06/07 01:10:07 discover.go:26: bus: -> Discover /workspace/forgejo/data/git/repositories/pulseai/automation.git/objects/info
2026/06/07 01:10:07 walker.go:217: walking of {file:///workspace/forgejo/data/git/repositories/pulseai/automation.git/objects/info} finished
2026/06/07 01:10:07 discover.go:26: bus: -> Discover /workspace/forgejo/data/git/repositories/pulseai/automation.git/objects/pack
2026/06/07 01:10:07 walker.go:217: walking of {file:///workspace/forgejo/data/git/repositories/pulseai/automation.git/objects/pack} finished
2026/06/07 01:10:07 walker.go:217: walking of {file:///workspace/forgejo/data/git/repositories/pulseai/automation.git/objects} finished
2026/06/07 01:10:07 discover.go:26: bus: -> Discover /workspace/forgejo/data/git/repositories/pulseai/automation.git/refs
2026/06/07 01:10:07 discover.go:26: bus: -> Discover /workspace/forgejo/data/git/repositories/pulseai/automation.git/refs/heads
2026/06/07 01:10:07 walker.go:217: walking of {file:///workspace/forgejo/data/git/repositories/pulseai/automation.git/refs/heads} finished
2026/06/07 01:10:07 discover.go:26: bus: -> Discover /workspace/forgejo/data/git/repositories/pulseai/automation.git/refs/tags
2026/06/07 01:10:07 walker.go:217: walking of {file:///workspace/forgejo/data/git/repositories/pulseai/automation.git/refs/tags} finished
2026/06/07 01:10:07 walker.go:217: walking of {file:///workspace/forgejo/data/git/repositories/pulseai/automation.git/refs} finished
2026/06/07 01:10:07 walker.go:217: walking of {file:///workspace/forgejo/data/git/repositories/pulseai/automation.git} finished
2026/06/07 01:10:07 discover.go:26: bus: -> Discover /workspace/forgejo/data/git/repositories/pulseai/cyberrange.git
2026/06/07 01:10:07 discover.go:26: bus: -> Discover /workspace/forgejo/data/git/repositories/pulseai/cyberrange.git/hooks
2026/06/07 01:10:07 discover.go:26: bus: -> Discover /workspace/forgejo/data/git/repositories/pulseai/cyberrange.git/hooks/post-receive.d
2026/06/07 01:10:07 walker.go:217: walking of {file:///workspace/forgejo/data/git/repositories/pulseai/cyberrange.git/hooks/post-receive.d} finished
2026/06/07 01:10:07 discover.go:26: bus: -> Discover /workspace/forgejo/data/git/repositories/pulseai/cyberrange.git/hooks/pre-receive.d
2026/06/07 01:10:07 walker.go:217: walking of {file:///workspace/forgejo/data/git/repositories/pulseai/cyberrange.git/hooks/pre-receive.d} finished
2026/06/07 01:10:07 discover.go:26: bus: -> Discover /workspace/forgejo/data/git/repositories/pulseai/cyberrange.git/hooks/proc-receive.d
2026/06/07 01:10:07 walker.go:217: walking of {file:///workspace/forgejo/data/git/repositories/pulseai/cyberrange.git/hooks/proc-receive.d} finished
2026/06/07 01:10:07 discover.go:26: bus: -> Discover /workspace/forgejo/data/git/repositories/pulseai/cyberrange.git/hooks/update.d
2026/06/07 01:10:07 walker.go:217: walking of {file:///workspace/forgejo/data/git/repositories/pulseai/cyberrange.git/hooks/update.d} finished
2026/06/07 01:10:07 walker.go:217: walking of {file:///workspace/forgejo/data/git/repositories/pulseai/cyberrange.git/hooks} finished
2026/06/07 01:10:07 discover.go:26: bus: -> Discover /workspace/forgejo/data/git/repositories/pulseai/cyberrange.git/info
2026/06/07 01:10:07 walker.go:217: walking of {file:///workspace/forgejo/data/git/repositories/pulseai/cyberrange.git/info} finished
2026/06/07 01:10:07 discover.go:26: bus: -> Discover /workspace/forgejo/data/git/repositories/pulseai/cyberrange.git/logs
2026/06/07 01:10:07 discover.go:26: bus: -> Discover /workspace/forgejo/data/git/repositories/pulseai/cyberrange.git/logs/refs
2026/06/07 01:10:07 discover.go:26: bus: -> Discover /workspace/forgejo/data/git/repositories/pulseai/cyberrange.git/logs/refs/heads
2026/06/07 01:10:07 walker.go:217: walking of {file:///workspace/forgejo/data/git/repositories/pulseai/cyberrange.git/logs/refs/heads} finished
2026/06/07 01:10:07 walker.go:217: walking of {file:///workspace/forgejo/data/git/repositories/pulseai/cyberrange.git/logs/refs} finished
2026/06/07 01:10:07 walker.go:217: walking of {file:///workspace/forgejo/data/git/repositories/pulseai/cyberrange.git/logs} finished
2026/06/07 01:10:07 discover.go:26: bus: -> Discover /workspace/forgejo/data/git/repositories/pulseai/cyberrange.git/objects
2026/06/07 01:10:07 discover.go:26: bus: -> Discover /workspace/forgejo/data/git/repositories/pulseai/cyberrange.git/objects/1d
2026/06/07 01:10:07 walker.go:217: walking of {file:///workspace/forgejo/data/git/repositories/pulseai/cyberrange.git/objects/1d} finished
2026/06/07 01:10:07 discover.go:26: bus: -> Discover /workspace/forgejo/data/git/repositories/pulseai/cyberrange.git/objects/32
2026/06/07 01:10:07 walker.go:217: walking of {file:///workspace/forgejo/data/git/repositories/pulseai/cyberrange.git/objects/32} finished
2026/06/07 01:10:07 discover.go:26: bus: -> Discover /workspace/forgejo/data/git/repositories/pulseai/cyberrange.git/objects/a9
2026/06/07 01:10:07 walker.go:217: walking of {file:///workspace/forgejo/data/git/repositories/pulseai/cyberrange.git/objects/a9} finished
2026/06/07 01:10:07 discover.go:26: bus: -> Discover /workspace/forgejo/data/git/repositories/pulseai/cyberrange.git/objects/c9
2026/06/07 01:10:07 walker.go:217: walking of {file:///workspace/forgejo/data/git/repositories/pulseai/cyberrange.git/objects/c9} finished
2026/06/07 01:10:07 discover.go:26: bus: -> Discover /workspace/forgejo/data/git/repositories/pulseai/cyberrange.git/objects/ec
2026/06/07 01:10:07 walker.go:217: walking of {file:///workspace/forgejo/data/git/repositories/pulseai/cyberrange.git/objects/ec} finished
2026/06/07 01:10:07 discover.go:26: bus: -> Discover /workspace/forgejo/data/git/repositories/pulseai/cyberrange.git/objects/ef
2026/06/07 01:10:07 walker.go:217: walking of {file:///workspace/forgejo/data/git/repositories/pulseai/cyberrange.git/objects/ef} finished
2026/06/07 01:10:07 discover.go:26: bus: -> Discover /workspace/forgejo/data/git/repositories/pulseai/cyberrange.git/objects/info
2026/06/07 01:10:07 walker.go:217: walking of {file:///workspace/forgejo/data/git/repositories/pulseai/cyberrange.git/objects/info} finished
2026/06/07 01:10:07 discover.go:26: bus: -> Discover /workspace/forgejo/data/git/repositories/pulseai/cyberrange.git/objects/pack
2026/06/07 01:10:07 walker.go:217: walking of {file:///workspace/forgejo/data/git/repositories/pulseai/cyberrange.git/objects/pack} finished
2026/06/07 01:10:07 walker.go:217: walking of {file:///workspace/forgejo/data/git/repositories/pulseai/cyberrange.git/objects} finished
2026/06/07 01:10:07 discover.go:26: bus: -> Discover /workspace/forgejo/data/git/repositories/pulseai/cyberrange.git/refs
2026/06/07 01:10:07 discover.go:26: bus: -> Discover /workspace/forgejo/data/git/repositories/pulseai/cyberrange.git/refs/heads
2026/06/07 01:10:07 walker.go:217: walking of {file:///workspace/forgejo/data/git/repositories/pulseai/cyberrange.git/refs/heads} finished
2026/06/07 01:10:07 discover.go:26: bus: -> Discover /workspace/forgejo/data/git/repositories/pulseai/cyberrange.git/refs/tags
2026/06/07 01:10:07 walker.go:217: walking of {file:///workspace/forgejo/data/git/repositories/pulseai/cyberrange.git/refs/tags} finished
2026/06/07 01:10:07 walker.go:217: walking of {file:///workspace/forgejo/data/git/repositories/pulseai/cyberrange.git/refs} finished
2026/06/07 01:10:07 walker.go:217: walking of {file:///workspace/forgejo/data/git/repositories/pulseai/cyberrange.git} finished
2026/06/07 01:10:07 discover.go:26: bus: -> Discover /workspace/forgejo/data/git/repositories/pulseai/forgejo.git
2026/06/07 01:10:07 discover.go:26: bus: -> Discover /workspace/forgejo/data/git/repositories/pulseai/forgejo.git/hooks
2026/06/07 01:10:07 discover.go:26: bus: -> Discover /workspace/forgejo/data/git/repositories/pulseai/forgejo.git/hooks/post-receive.d
2026/06/07 01:10:07 walker.go:217: walking of {file:///workspace/forgejo/data/git/repositories/pulseai/forgejo.git/hooks/post-receive.d} finished
2026/06/07 01:10:07 discover.go:26: bus: -> Discover /workspace/forgejo/data/git/repositories/pulseai/forgejo.git/hooks/pre-receive.d
2026/06/07 01:10:07 walker.go:217: walking of {file:///workspace/forgejo/data/git/repositories/pulseai/forgejo.git/hooks/pre-receive.d} finished
2026/06/07 01:10:07 discover.go:26: bus: -> Discover /workspace/forgejo/data/git/repositories/pulseai/forgejo.git/hooks/proc-receive.d
2026/06/07 01:10:07 walker.go:217: walking of {file:///workspace/forgejo/data/git/repositories/pulseai/forgejo.git/hooks/proc-receive.d} finished
2026/06/07 01:10:07 discover.go:26: bus: -> Discover /workspace/forgejo/data/git/repositories/pulseai/forgejo.git/hooks/update.d
2026/06/07 01:10:07 walker.go:217: walking of {file:///workspace/forgejo/data/git/repositories/pulseai/forgejo.git/hooks/update.d} finished
2026/06/07 01:10:07 walker.go:217: walking of {file:///workspace/forgejo/data/git/repositories/pulseai/forgejo.git/hooks} finished
2026/06/07 01:10:07 discover.go:26: bus: -> Discover /workspace/forgejo/data/git/repositories/pulseai/forgejo.git/info
2026/06/07 01:10:07 walker.go:217: walking of {file:///workspace/forgejo/data/git/repositories/pulseai/forgejo.git/info} finished
2026/06/07 01:10:07 discover.go:26: bus: -> Discover /workspace/forgejo/data/git/repositories/pulseai/forgejo.git/logs
2026/06/07 01:10:07 discover.go:26: bus: -> Discover /workspace/forgejo/data/git/repositories/pulseai/forgejo.git/logs/refs
2026/06/07 01:10:07 discover.go:26: bus: -> Discover /workspace/forgejo/data/git/repositories/pulseai/forgejo.git/logs/refs/heads
2026/06/07 01:10:07 walker.go:217: walking of {file:///workspace/forgejo/data/git/repositories/pulseai/forgejo.git/logs/refs/heads} finished
2026/06/07 01:10:07 walker.go:217: walking of {file:///workspace/forgejo/data/git/repositories/pulseai/forgejo.git/logs/refs} finished
2026/06/07 01:10:07 walker.go:217: walking of {file:///workspace/forgejo/data/git/repositories/pulseai/forgejo.git/logs} finished
2026/06/07 01:10:07 discover.go:26: bus: -> Discover /workspace/forgejo/data/git/repositories/pulseai/forgejo.git/objects
2026/06/07 01:10:07 discover.go:26: bus: -> Discover /workspace/forgejo/data/git/repositories/pulseai/forgejo.git/objects/1b
2026/06/07 01:10:07 walker.go:217: walking of {file:///workspace/forgejo/data/git/repositories/pulseai/forgejo.git/objects/1b} finished
2026/06/07 01:10:07 discover.go:26: bus: -> Discover /workspace/forgejo/data/git/repositories/pulseai/forgejo.git/objects/27
2026/06/07 01:10:07 walker.go:217: walking of {file:///workspace/forgejo/data/git/repositories/pulseai/forgejo.git/objects/27} finished
2026/06/07 01:10:07 discover.go:26: bus: -> Discover /workspace/forgejo/data/git/repositories/pulseai/forgejo.git/objects/5f
2026/06/07 01:10:07 walker.go:217: walking of {file:///workspace/forgejo/data/git/repositories/pulseai/forgejo.git/objects/5f} finished
2026/06/07 01:10:07 discover.go:26: bus: -> Discover /workspace/forgejo/data/git/repositories/pulseai/forgejo.git/objects/90
2026/06/07 01:10:07 walker.go:217: walking of {file:///workspace/forgejo/data/git/repositories/pulseai/forgejo.git/objects/90} finished
2026/06/07 01:10:07 discover.go:26: bus: -> Discover /workspace/forgejo/data/git/repositories/pulseai/forgejo.git/objects/9c
2026/06/07 01:10:07 walker.go:217: walking of {file:///workspace/forgejo/data/git/repositories/pulseai/forgejo.git/objects/9c} finished
2026/06/07 01:10:07 discover.go:26: bus: -> Discover /workspace/forgejo/data/git/repositories/pulseai/forgejo.git/objects/de
2026/06/07 01:10:07 walker.go:217: walking of {file:///workspace/forgejo/data/git/repositories/pulseai/forgejo.git/objects/de} finished
2026/06/07 01:10:07 discover.go:26: bus: -> Discover /workspace/forgejo/data/git/repositories/pulseai/forgejo.git/objects/info
2026/06/07 01:10:07 walker.go:217: walking of {file:///workspace/forgejo/data/git/repositories/pulseai/forgejo.git/objects/info} finished
2026/06/07 01:10:07 discover.go:26: bus: -> Discover /workspace/forgejo/data/git/repositories/pulseai/forgejo.git/objects/pack
2026/06/07 01:10:07 walker.go:217: walking of {file:///workspace/forgejo/data/git/repositories/pulseai/forgejo.git/objects/pack} finished
2026/06/07 01:10:07 walker.go:217: walking of {file:///workspace/forgejo/data/git/repositories/pulseai/forgejo.git/objects} finished
2026/06/07 01:10:07 discover.go:26: bus: -> Discover /workspace/forgejo/data/git/repositories/pulseai/forgejo.git/refs
2026/06/07 01:10:07 discover.go:26: bus: -> Discover /workspace/forgejo/data/git/repositories/pulseai/forgejo.git/refs/heads
2026/06/07 01:10:07 walker.go:217: walking of {file:///workspace/forgejo/data/git/repositories/pulseai/forgejo.git/refs/heads} finished
2026/06/07 01:10:07 discover.go:26: bus: -> Discover /workspace/forgejo/data/git/repositories/pulseai/forgejo.git/refs/tags
2026/06/07 01:10:07 walker.go:217: walking of {file:///workspace/forgejo/data/git/repositories/pulseai/forgejo.git/refs/tags} finished
2026/06/07 01:10:07 walker.go:217: walking of {file:///workspace/forgejo/data/git/repositories/pulseai/forgejo.git/refs} finished
2026/06/07 01:10:07 walker.go:217: walking of {file:///workspace/forgejo/data/git/repositories/pulseai/forgejo.git} finished
2026/06/07 01:10:07 walker.go:217: walking of {file:///workspace/forgejo/data/git/repositories/pulseai} finished
2026/06/07 01:10:07 walker.go:217: walking of {file:///workspace/forgejo/data/git/repositories} finished
2026/06/07 01:10:07 walker.go:217: walking of {file:///workspace/forgejo/data/git} finished
2026/06/07 01:10:07 discover.go:26: bus: -> Discover /workspace/forgejo/data/gitea
2026/06/07 01:10:07 discover.go:26: bus: -> Discover /workspace/forgejo/data/gitea/actions_artifacts
2026/06/07 01:10:07 walker.go:217: walking of {file:///workspace/forgejo/data/gitea/actions_artifacts} finished
2026/06/07 01:10:07 discover.go:26: bus: -> Discover /workspace/forgejo/data/gitea/actions_log
2026/06/07 01:10:07 walker.go:217: walking of {file:///workspace/forgejo/data/gitea/actions_log} finished
2026/06/07 01:10:07 discover.go:26: bus: -> Discover /workspace/forgejo/data/gitea/attachments
2026/06/07 01:10:07 walker.go:217: walking of {file:///workspace/forgejo/data/gitea/attachments} finished
2026/06/07 01:10:07 discover.go:26: bus: -> Discover /workspace/forgejo/data/gitea/avatars
2026/06/07 01:10:07 discover.go:26: bus: -> Discover /workspace/forgejo/data/gitea/avatars/tmp
2026/06/07 01:10:07 walker.go:217: walking of {file:///workspace/forgejo/data/gitea/avatars/tmp} finished
2026/06/07 01:10:07 walker.go:217: walking of {file:///workspace/forgejo/data/gitea/avatars} finished
2026/06/07 01:10:07 discover.go:26: bus: -> Discover /workspace/forgejo/data/gitea/conf
2026/06/07 01:10:07 walker.go:217: walking of {file:///workspace/forgejo/data/gitea/conf} finished
2026/06/07 01:10:07 discover.go:26: bus: -> Discover /workspace/forgejo/data/gitea/custom
2026/06/07 01:10:07 walker.go:217: walking of {file:///workspace/forgejo/data/gitea/custom} finished
2026/06/07 01:10:07 discover.go:26: bus: -> Discover /workspace/forgejo/data/gitea/home
2026/06/07 01:10:07 walker.go:217: walking of {file:///workspace/forgejo/data/gitea/home} finished
2026/06/07 01:10:07 discover.go:26: bus: -> Discover /workspace/forgejo/data/gitea/indexers
2026/06/07 01:10:07 discover.go:26: bus: -> Discover /workspace/forgejo/data/gitea/indexers/issues.bleve
2026/06/07 01:10:07 discover.go:26: bus: -> Discover /workspace/forgejo/data/gitea/indexers/issues.bleve/store
2026/06/07 01:10:07 walker.go:217: walking of {file:///workspace/forgejo/data/gitea/indexers/issues.bleve/store} finished
2026/06/07 01:10:07 walker.go:217: walking of {file:///workspace/forgejo/data/gitea/indexers/issues.bleve} finished
2026/06/07 01:10:07 walker.go:217: walking of {file:///workspace/forgejo/data/gitea/indexers} finished
2026/06/07 01:10:07 discover.go:26: bus: -> Discover /workspace/forgejo/data/gitea/jwt
2026/06/07 01:10:07 walker.go:217: walking of {file:///workspace/forgejo/data/gitea/jwt} finished
2026/06/07 01:10:07 discover.go:26: bus: -> Discover /workspace/forgejo/data/gitea/log
2026/06/07 01:10:07 walker.go:217: walking of {file:///workspace/forgejo/data/gitea/log} finished
2026/06/07 01:10:07 discover.go:26: bus: -> Discover /workspace/forgejo/data/gitea/packages
2026/06/07 01:10:07 walker.go:217: walking of {file:///workspace/forgejo/data/gitea/packages} finished
2026/06/07 01:10:07 discover.go:26: bus: -> Discover /workspace/forgejo/data/gitea/public
2026/06/07 01:10:07 discover.go:26: bus: -> Discover /workspace/forgejo/data/gitea/public/assets
2026/06/07 01:10:07 discover.go:26: bus: -> Discover /workspace/forgejo/data/gitea/public/assets/css
2026/06/07 01:10:07 walker.go:217: walking of {file:///workspace/forgejo/data/gitea/public/assets/css} finished
2026/06/07 01:10:07 walker.go:217: walking of {file:///workspace/forgejo/data/gitea/public/assets} finished
2026/06/07 01:10:07 walker.go:217: walking of {file:///workspace/forgejo/data/gitea/public} finished
2026/06/07 01:10:07 discover.go:26: bus: -> Discover /workspace/forgejo/data/gitea/queues
2026/06/07 01:10:07 discover.go:26: bus: -> Discover /workspace/forgejo/data/gitea/queues/common
2026/06/07 01:10:07 walker.go:217: walking of {file:///workspace/forgejo/data/gitea/queues/common} finished
2026/06/07 01:10:07 walker.go:217: walking of {file:///workspace/forgejo/data/gitea/queues} finished
2026/06/07 01:10:07 discover.go:26: bus: -> Discover /workspace/forgejo/data/gitea/repo-archive
2026/06/07 01:10:07 walker.go:217: walking of {file:///workspace/forgejo/data/gitea/repo-archive} finished
2026/06/07 01:10:07 discover.go:26: bus: -> Discover /workspace/forgejo/data/gitea/repo-avatars
2026/06/07 01:10:07 walker.go:217: walking of {file:///workspace/forgejo/data/gitea/repo-avatars} finished
2026/06/07 01:10:07 discover.go:26: bus: -> Discover /workspace/forgejo/data/gitea/sessions
2026/06/07 01:10:07 discover.go:26: bus: -> Discover /workspace/forgejo/data/gitea/sessions/1
2026/06/07 01:10:07 discover.go:26: bus: -> Discover /workspace/forgejo/data/gitea/sessions/1/7
2026/06/07 01:10:07 walker.go:217: walking of {file:///workspace/forgejo/data/gitea/sessions/1/7} finished
2026/06/07 01:10:07 walker.go:217: walking of {file:///workspace/forgejo/data/gitea/sessions/1} finished
2026/06/07 01:10:07 discover.go:26: bus: -> Discover /workspace/forgejo/data/gitea/sessions/8
2026/06/07 01:10:07 discover.go:26: bus: -> Discover /workspace/forgejo/data/gitea/sessions/8/6
2026/06/07 01:10:07 walker.go:217: walking of {file:///workspace/forgejo/data/gitea/sessions/8/6} finished
2026/06/07 01:10:07 walker.go:217: walking of {file:///workspace/forgejo/data/gitea/sessions/8} finished
2026/06/07 01:10:07 discover.go:26: bus: -> Discover /workspace/forgejo/data/gitea/sessions/a
2026/06/07 01:10:07 discover.go:26: bus: -> Discover /workspace/forgejo/data/gitea/sessions/a/c
2026/06/07 01:10:07 walker.go:217: walking of {file:///workspace/forgejo/data/gitea/sessions/a/c} finished
2026/06/07 01:10:07 walker.go:217: walking of {file:///workspace/forgejo/data/gitea/sessions/a} finished
2026/06/07 01:10:07 walker.go:217: walking of {file:///workspace/forgejo/data/gitea/sessions} finished
2026/06/07 01:10:07 discover.go:26: bus: -> Discover /workspace/forgejo/data/gitea/tmp
2026/06/07 01:10:07 discover.go:26: bus: -> Discover /workspace/forgejo/data/gitea/tmp/local-repo
2026/06/07 01:10:07 walker.go:217: walking of {file:///workspace/forgejo/data/gitea/tmp/local-repo} finished
2026/06/07 01:10:07 discover.go:26: bus: -> Discover /workspace/forgejo/data/gitea/tmp/package-upload
2026/06/07 01:10:07 walker.go:217: walking of {file:///workspace/forgejo/data/gitea/tmp/package-upload} finished
2026/06/07 01:10:07 walker.go:217: walking of {file:///workspace/forgejo/data/gitea/tmp} finished
2026/06/07 01:10:07 walker.go:217: walking of {file:///workspace/forgejo/data/gitea} finished
2026/06/07 01:10:07 walker.go:177: reading directory failed: /workspace/forgejo/data/ssh: OS FS: open /workspace/forgejo/data/ssh: permission denied
2026/06/07 01:10:07 discover.go:26: bus: -> Discover /workspace/forgejo/data/ssh
2026/06/07 01:10:07 walker.go:217: walking of {file:///workspace/forgejo/data/ssh} finished
2026/06/07 01:10:07 walker.go:125: walker: walking through {"file:///workspace"} failed: OS FS: open /workspace/forgejo/data/ssh: permission denied
2026/06/07 01:16:22 opts.go:215: Received request batch of size 1 (qlen=0)
2026/06/07 01:16:22 opts.go:215: Dequeued request batch of length 1 (qlen=0)
2026/06/07 01:16:22 opts.go:215: Request check error for "$/setTrace" (params "{\"value\":\"off\"}"): [-32601] method not found
