2026-06-01T22:04:50.166+0200 [INFO]  Terraform version: 1.15.5
2026-06-01T22:04:50.166+0200 [DEBUG] using github.com/hashicorp/go-tfe v1.105.0
2026-06-01T22:04:50.166+0200 [DEBUG] using github.com/hashicorp/hcl/v2 v2.24.0
2026-06-01T22:04:50.166+0200 [DEBUG] using github.com/hashicorp/terraform-svchost v0.2.1
2026-06-01T22:04:50.166+0200 [DEBUG] using github.com/zclconf/go-cty v1.18.0
2026-06-01T22:04:50.166+0200 [INFO]  Go runtime version: go1.25.10
2026-06-01T22:04:50.166+0200 [INFO]  CLI args: []string{"terraform", "apply"}
2026-06-01T22:04:50.166+0200 [DEBUG] Attempting to open CLI config file: /home/henrik/.terraformrc
2026-06-01T22:04:50.166+0200 [DEBUG] File doesn't exist, but doesn't need to. Ignoring.
2026-06-01T22:04:50.166+0200 [DEBUG] ignoring non-existing provider search directory terraform.d/plugins
2026-06-01T22:04:50.166+0200 [DEBUG] ignoring non-existing provider search directory /home/henrik/.terraform.d/plugins
2026-06-01T22:04:50.166+0200 [DEBUG] ignoring non-existing provider search directory /home/henrik/.local/share/terraform/plugins
2026-06-01T22:04:50.166+0200 [DEBUG] ignoring non-existing provider search directory /usr/local/share/terraform/plugins
2026-06-01T22:04:50.166+0200 [DEBUG] ignoring non-existing provider search directory /usr/share/terraform/plugins
2026-06-01T22:04:50.166+0200 [DEBUG] ignoring non-existing provider search directory /var/lib/snapd/desktop/terraform/plugins
2026-06-01T22:04:50.167+0200 [INFO]  CLI command args: []string{"apply"}
2026-06-01T22:04:50.257+0200 [DEBUG] checking for provisioner in "."
2026-06-01T22:04:50.261+0200 [DEBUG] checking for provisioner in "/usr/bin"
2026-06-01T22:04:50.262+0200 [INFO]  backend/local: starting Apply operation
2026-06-01T22:04:50.263+0200 [DEBUG] ReferenceTransformer: "var.proxmox_token_secret" references: []
2026-06-01T22:04:50.263+0200 [DEBUG] ReferenceTransformer: "var.proxmox_endpoint" references: []
2026-06-01T22:04:50.263+0200 [DEBUG] ReferenceTransformer: "var.proxmox_token_id" references: []
2026-06-01T22:04:50.263+0200 [DEBUG] Starting graph walk: walkInit
2026-06-01T22:04:50.264+0200 [DEBUG] created provider logger: level=debug
2026-06-01T22:04:50.264+0200 [INFO]  provider: configuring client automatic mTLS
2026-06-01T22:04:50.277+0200 [DEBUG] provider: starting plugin: path=.terraform/providers/registry.terraform.io/bpg/proxmox/0.108.0/linux_amd64/terraform-provider-proxmox_v0.108.0 args=[".terraform/providers/registry.terraform.io/bpg/proxmox/0.108.0/linux_amd64/terraform-provider-proxmox_v0.108.0"]
2026-06-01T22:04:50.278+0200 [DEBUG] provider: plugin started: path=.terraform/providers/registry.terraform.io/bpg/proxmox/0.108.0/linux_amd64/terraform-provider-proxmox_v0.108.0 pid=50446
2026-06-01T22:04:50.278+0200 [DEBUG] provider: waiting for RPC address: plugin=.terraform/providers/registry.terraform.io/bpg/proxmox/0.108.0/linux_amd64/terraform-provider-proxmox_v0.108.0
2026-06-01T22:04:50.291+0200 [INFO]  provider.terraform-provider-proxmox_v0.108.0: configuring server automatic mTLS: timestamp="2026-06-01T22:04:50.291+0200"
2026-06-01T22:04:50.305+0200 [DEBUG] provider.terraform-provider-proxmox_v0.108.0: plugin address: address=/tmp/plugin85763056 network=unix timestamp="2026-06-01T22:04:50.305+0200"
2026-06-01T22:04:50.305+0200 [DEBUG] provider: using plugin: version=6
2026-06-01T22:04:50.359+0200 [DEBUG] provider.stdio: received EOF, stopping recv loop: err="rpc error: code = Unavailable desc = error reading from server: EOF"
2026-06-01T22:04:50.362+0200 [INFO]  provider: plugin process exited: plugin=.terraform/providers/registry.terraform.io/bpg/proxmox/0.108.0/linux_amd64/terraform-provider-proxmox_v0.108.0 id=50446
2026-06-01T22:04:50.362+0200 [DEBUG] provider: plugin exited
2026-06-01T22:04:50.363+0200 [DEBUG] Building and walking validate graph
2026-06-01T22:04:50.363+0200 [DEBUG] ProviderTransformer: "proxmox_virtual_environment_vm.terraform01" (*terraform.NodeValidatableResource) needs provider["registry.terraform.io/bpg/proxmox"]
2026-06-01T22:04:50.363+0200 [DEBUG] ReferenceTransformer: "provider[\"registry.terraform.io/bpg/proxmox\"]" references: [var.proxmox_token_id var.proxmox_token_secret var.proxmox_endpoint]
2026-06-01T22:04:50.364+0200 [DEBUG] ReferenceTransformer: "proxmox_virtual_environment_vm.terraform01" references: []
2026-06-01T22:04:50.364+0200 [DEBUG] ReferenceTransformer: "var.proxmox_endpoint" references: []
2026-06-01T22:04:50.364+0200 [DEBUG] ReferenceTransformer: "var.proxmox_token_id" references: []
2026-06-01T22:04:50.364+0200 [DEBUG] ReferenceTransformer: "var.proxmox_token_secret" references: []
2026-06-01T22:04:50.364+0200 [DEBUG] Starting graph walk: walkValidate
2026-06-01T22:04:50.364+0200 [DEBUG] created provider logger: level=debug
2026-06-01T22:04:50.364+0200 [INFO]  provider: configuring client automatic mTLS
2026-06-01T22:04:50.370+0200 [DEBUG] provider: starting plugin: path=.terraform/providers/registry.terraform.io/bpg/proxmox/0.108.0/linux_amd64/terraform-provider-proxmox_v0.108.0 args=[".terraform/providers/registry.terraform.io/bpg/proxmox/0.108.0/linux_amd64/terraform-provider-proxmox_v0.108.0"]
2026-06-01T22:04:50.370+0200 [DEBUG] provider: plugin started: path=.terraform/providers/registry.terraform.io/bpg/proxmox/0.108.0/linux_amd64/terraform-provider-proxmox_v0.108.0 pid=50459
2026-06-01T22:04:50.371+0200 [DEBUG] provider: waiting for RPC address: plugin=.terraform/providers/registry.terraform.io/bpg/proxmox/0.108.0/linux_amd64/terraform-provider-proxmox_v0.108.0
2026-06-01T22:04:50.380+0200 [INFO]  provider.terraform-provider-proxmox_v0.108.0: configuring server automatic mTLS: timestamp="2026-06-01T22:04:50.380+0200"
2026-06-01T22:04:50.394+0200 [DEBUG] provider: using plugin: version=6
2026-06-01T22:04:50.394+0200 [DEBUG] provider.terraform-provider-proxmox_v0.108.0: plugin address: address=/tmp/plugin3342404937 network=unix timestamp="2026-06-01T22:04:50.394+0200"
2026-06-01T22:04:50.421+0200 [DEBUG] provider.stdio: received EOF, stopping recv loop: err="rpc error: code = Unavailable desc = error reading from server: EOF"
2026-06-01T22:04:50.423+0200 [INFO]  provider: plugin process exited: plugin=.terraform/providers/registry.terraform.io/bpg/proxmox/0.108.0/linux_amd64/terraform-provider-proxmox_v0.108.0 id=50459
2026-06-01T22:04:50.423+0200 [DEBUG] provider: plugin exited
2026-06-01T22:04:50.423+0200 [INFO]  backend/local: apply calling Plan
2026-06-01T22:04:50.424+0200 [DEBUG] Building and walking plan graph for NormalMode
2026-06-01T22:04:50.424+0200 [DEBUG] ProviderTransformer: "proxmox_virtual_environment_vm.terraform01 (expand)" (*terraform.nodeExpandPlannableResource) needs provider["registry.terraform.io/bpg/proxmox"]
2026-06-01T22:04:50.424+0200 [DEBUG] ReferenceTransformer: "proxmox_virtual_environment_vm.terraform01 (expand)" references: []
2026-06-01T22:04:50.424+0200 [DEBUG] ReferenceTransformer: "var.proxmox_token_secret" references: []
2026-06-01T22:04:50.424+0200 [DEBUG] ReferenceTransformer: "var.proxmox_endpoint" references: []
2026-06-01T22:04:50.424+0200 [DEBUG] ReferenceTransformer: "var.proxmox_token_id" references: []
2026-06-01T22:04:50.424+0200 [DEBUG] ReferenceTransformer: "provider[\"registry.terraform.io/bpg/proxmox\"]" references: [var.proxmox_token_id var.proxmox_token_secret var.proxmox_endpoint]
2026-06-01T22:04:50.424+0200 [DEBUG] Starting graph walk: walkPlan
2026-06-01T22:04:50.424+0200 [DEBUG] created provider logger: level=debug
2026-06-01T22:04:50.424+0200 [INFO]  provider: configuring client automatic mTLS
2026-06-01T22:04:50.430+0200 [DEBUG] provider: starting plugin: path=.terraform/providers/registry.terraform.io/bpg/proxmox/0.108.0/linux_amd64/terraform-provider-proxmox_v0.108.0 args=[".terraform/providers/registry.terraform.io/bpg/proxmox/0.108.0/linux_amd64/terraform-provider-proxmox_v0.108.0"]
2026-06-01T22:04:50.430+0200 [DEBUG] provider: plugin started: path=.terraform/providers/registry.terraform.io/bpg/proxmox/0.108.0/linux_amd64/terraform-provider-proxmox_v0.108.0 pid=50470
2026-06-01T22:04:50.430+0200 [DEBUG] provider: waiting for RPC address: plugin=.terraform/providers/registry.terraform.io/bpg/proxmox/0.108.0/linux_amd64/terraform-provider-proxmox_v0.108.0
2026-06-01T22:04:50.439+0200 [INFO]  provider.terraform-provider-proxmox_v0.108.0: configuring server automatic mTLS: timestamp="2026-06-01T22:04:50.439+0200"
2026-06-01T22:04:50.453+0200 [DEBUG] provider: using plugin: version=6
2026-06-01T22:04:50.453+0200 [DEBUG] provider.terraform-provider-proxmox_v0.108.0: plugin address: address=/tmp/plugin1172393490 network=unix timestamp="2026-06-01T22:04:50.453+0200"
2026-06-01T22:04:50.470+0200 [INFO]  provider.terraform-provider-proxmox_v0.108.0: Configuring the Framework Proxmox provider...: tf_mux_provider="*proto6server.Server" tf_req_id=b6157284-05e7-b493-2ccf-29d9ffb359fa @caller=/home/runner/work/terraform-provider-proxmox/terraform-provider-proxmox/fwprovider/provider.go:304 @module=proxmox tf_provider_addr=registry.terraform.io/bpg/proxmox tf_rpc=ConfigureProvider timestamp="2026-06-01T22:04:50.470+0200"
2026-06-01T22:04:50.471+0200 [INFO]  provider.terraform-provider-proxmox_v0.108.0: Configuring the SDK Proxmox provider...: @caller=/home/runner/work/terraform-provider-proxmox/terraform-provider-proxmox/proxmoxtf/provider/provider.go:50 @module=proxmox tf_mux_provider=tf5to6server.v5tov6Server tf_provider_addr=registry.terraform.io/bpg/proxmox tf_req_id=b6157284-05e7-b493-2ccf-29d9ffb359fa tf_rpc=ConfigureProvider timestamp="2026-06-01T22:04:50.471+0200"
2026-06-01T22:04:50.472+0200 [DEBUG] Resource instance state not found for node "proxmox_virtual_environment_vm.terraform01", instance proxmox_virtual_environment_vm.terraform01
2026-06-01T22:04:50.472+0200 [DEBUG] ReferenceTransformer: "proxmox_virtual_environment_vm.terraform01" references: []
2026-06-01T22:04:50.472+0200 [DEBUG] refresh: proxmox_virtual_environment_vm.terraform01: no state, so not refreshing
2026-06-01T22:04:50.494+0200 [WARN]  Provider "registry.terraform.io/bpg/proxmox" produced an invalid plan for proxmox_virtual_environment_vm.terraform01, but we are tolerating it because it is using the legacy plugin SDK.
    The following problems may be the cause of any confusing errors from downstream operations:
      - .stop_on_destroy: planned value cty.False for a non-computed attribute
      - .template: planned value cty.False for a non-computed attribute
      - .timeout_stop_vm: planned value cty.NumberIntVal(300) for a non-computed attribute
      - .reboot: planned value cty.False for a non-computed attribute
      - .timeout_migrate: planned value cty.NumberIntVal(1800) for a non-computed attribute
      - .on_boot: planned value cty.True for a non-computed attribute
      - .purge_on_destroy: planned value cty.True for a non-computed attribute
      - .scsi_hardware: planned value cty.StringVal("virtio-scsi-pci") for a non-computed attribute
      - .timeout_create: planned value cty.NumberIntVal(1800) for a non-computed attribute
      - .timeout_reboot: planned value cty.NumberIntVal(1800) for a non-computed attribute
      - .timeout_shutdown_vm: planned value cty.NumberIntVal(1800) for a non-computed attribute
      - .protection: planned value cty.False for a non-computed attribute
      - .reboot_after_update: planned value cty.True for a non-computed attribute
      - .started: planned value cty.True for a non-computed attribute
      - .migrate: planned value cty.False for a non-computed attribute
      - .network_device: planned value cty.ListVal([]cty.Value{cty.ObjectVal(map[string]cty.Value{"bridge":cty.StringVal("vmbr1"), "disconnected":cty.NullVal(cty.Bool), "enabled":cty.True, "firewall":cty.False, "mac_address":cty.UnknownVal(cty.String), "model":cty.StringVal("virtio"), "mtu":cty.NumberIntVal(0), "queues":cty.NumberIntVal(0), "rate_limit":cty.NumberIntVal(0), "trunks":cty.NullVal(cty.String), "vlan_id":cty.NumberIntVal(0)})}) does not match config value cty.ListVal([]cty.Value{cty.ObjectVal(map[string]cty.Value{"bridge":cty.StringVal("vmbr1"), "disconnected":cty.NullVal(cty.Bool), "enabled":cty.NullVal(cty.Bool), "firewall":cty.NullVal(cty.Bool), "mac_address":cty.NullVal(cty.String), "model":cty.NullVal(cty.String), "mtu":cty.NullVal(cty.Number), "queues":cty.NullVal(cty.Number), "rate_limit":cty.NullVal(cty.Number), "trunks":cty.NullVal(cty.String), "vlan_id":cty.NullVal(cty.Number)})})
      - .tablet_device: planned value cty.True for a non-computed attribute
      - .timeout_move_disk: planned value cty.NumberIntVal(1800) for a non-computed attribute
      - .timeout_start_vm: planned value cty.NumberIntVal(1800) for a non-computed attribute
      - .acpi: planned value cty.True for a non-computed attribute
      - .bios: planned value cty.StringVal("seabios") for a non-computed attribute
      - .timeout_clone: planned value cty.NumberIntVal(1800) for a non-computed attribute
      - .delete_unreferenced_disks_on_destroy: planned value cty.True for a non-computed attribute
      - .keyboard_layout: planned value cty.StringVal("en-us") for a non-computed attribute
      - .clone[0].full: planned value cty.True for a non-computed attribute
      - .clone[0].retries: planned value cty.NumberIntVal(1) for a non-computed attribute
      - .cpu[0].hotplugged: planned value cty.NumberIntVal(0) for a non-computed attribute
      - .cpu[0].limit: planned value cty.NumberIntVal(0) for a non-computed attribute
      - .cpu[0].numa: planned value cty.False for a non-computed attribute
      - .cpu[0].sockets: planned value cty.NumberIntVal(1) for a non-computed attribute
      - .disk[0].backup: planned value cty.True for a non-computed attribute
      - .disk[0].discard: planned value cty.StringVal("ignore") for a non-computed attribute
      - .disk[0].replicate: planned value cty.True for a non-computed attribute
      - .disk[0].aio: planned value cty.StringVal("io_uring") for a non-computed attribute
      - .disk[0].cache: planned value cty.StringVal("none") for a non-computed attribute
      - .disk[0].iothread: planned value cty.False for a non-computed attribute
      - .disk[0].ssd: planned value cty.False for a non-computed attribute
      - .vga: attribute representing nested block must not be unknown itself; set nested attribute values to unknown instead
      - .agent[0].type: planned value cty.StringVal("virtio") for a non-computed attribute
      - .agent[0].timeout: planned value cty.StringVal("15m") for a non-computed attribute
      - .agent[0].trim: planned value cty.False for a non-computed attribute
      - .memory[0].floating: planned value cty.NumberIntVal(0) for a non-computed attribute
      - .memory[0].keep_hugepages: planned value cty.False for a non-computed attribute
      - .memory[0].shared: planned value cty.NumberIntVal(0) for a non-computed attribute
2026-06-01T22:04:50.496+0200 [DEBUG] provider.stdio: received EOF, stopping recv loop: err="rpc error: code = Unavailable desc = error reading from server: EOF"
2026-06-01T22:04:50.498+0200 [INFO]  provider: plugin process exited: plugin=.terraform/providers/registry.terraform.io/bpg/proxmox/0.108.0/linux_amd64/terraform-provider-proxmox_v0.108.0 id=50470
2026-06-01T22:04:50.498+0200 [DEBUG] provider: plugin exited
2026-06-01T22:04:50.499+0200 [DEBUG] building apply graph to check for errors
2026-06-01T22:04:50.499+0200 [DEBUG] Resource state not found for node "proxmox_virtual_environment_vm.terraform01", instance proxmox_virtual_environment_vm.terraform01
2026-06-01T22:04:50.499+0200 [DEBUG] ProviderTransformer: "proxmox_virtual_environment_vm.terraform01" (*terraform.NodeApplyableResourceInstance) needs provider["registry.terraform.io/bpg/proxmox"]
2026-06-01T22:04:50.499+0200 [DEBUG] ProviderTransformer: "proxmox_virtual_environment_vm.terraform01 (expand)" (*terraform.nodeExpandApplyableResource) needs provider["registry.terraform.io/bpg/proxmox"]
2026-06-01T22:04:50.499+0200 [DEBUG] ReferenceTransformer: "provider[\"registry.terraform.io/bpg/proxmox\"]" references: [var.proxmox_token_id var.proxmox_token_secret var.proxmox_endpoint]
2026-06-01T22:04:50.499+0200 [DEBUG] ReferenceTransformer: "proxmox_virtual_environment_vm.terraform01 (expand)" references: []
2026-06-01T22:04:50.499+0200 [DEBUG] ReferenceTransformer: "var.proxmox_endpoint" references: []
2026-06-01T22:04:50.499+0200 [DEBUG] ReferenceTransformer: "var.proxmox_token_id" references: []
2026-06-01T22:04:50.499+0200 [DEBUG] ReferenceTransformer: "var.proxmox_token_secret" references: []
2026-06-01T22:04:50.499+0200 [DEBUG] ReferenceTransformer: "proxmox_virtual_environment_vm.terraform01" references: []
2026-06-01T22:04:50.505+0200 [DEBUG] command: asking for input: "\nDo you want to perform these actions?"
2026-06-01T22:04:52.688+0200 [INFO]  backend/local: apply calling Apply
2026-06-01T22:04:52.688+0200 [DEBUG] Building and walking apply graph for NormalMode plan
2026-06-01T22:04:52.688+0200 [DEBUG] Resource state not found for node "proxmox_virtual_environment_vm.terraform01", instance proxmox_virtual_environment_vm.terraform01
2026-06-01T22:04:52.689+0200 [DEBUG] ProviderTransformer: "proxmox_virtual_environment_vm.terraform01 (expand)" (*terraform.nodeExpandApplyableResource) needs provider["registry.terraform.io/bpg/proxmox"]
2026-06-01T22:04:52.689+0200 [DEBUG] ProviderTransformer: "proxmox_virtual_environment_vm.terraform01" (*terraform.NodeApplyableResourceInstance) needs provider["registry.terraform.io/bpg/proxmox"]
2026-06-01T22:04:52.689+0200 [DEBUG] ReferenceTransformer: "proxmox_virtual_environment_vm.terraform01 (expand)" references: []
2026-06-01T22:04:52.689+0200 [DEBUG] ReferenceTransformer: "var.proxmox_endpoint" references: []
2026-06-01T22:04:52.689+0200 [DEBUG] ReferenceTransformer: "var.proxmox_token_id" references: []
2026-06-01T22:04:52.689+0200 [DEBUG] ReferenceTransformer: "var.proxmox_token_secret" references: []
2026-06-01T22:04:52.689+0200 [DEBUG] ReferenceTransformer: "proxmox_virtual_environment_vm.terraform01" references: []
2026-06-01T22:04:52.689+0200 [DEBUG] ReferenceTransformer: "provider[\"registry.terraform.io/bpg/proxmox\"]" references: [var.proxmox_endpoint var.proxmox_token_id var.proxmox_token_secret]
2026-06-01T22:04:52.690+0200 [DEBUG] Starting graph walk: walkApply
2026-06-01T22:04:52.690+0200 [DEBUG] created provider logger: level=debug
2026-06-01T22:04:52.690+0200 [INFO]  provider: configuring client automatic mTLS
2026-06-01T22:04:52.696+0200 [DEBUG] provider: starting plugin: path=.terraform/providers/registry.terraform.io/bpg/proxmox/0.108.0/linux_amd64/terraform-provider-proxmox_v0.108.0 args=[".terraform/providers/registry.terraform.io/bpg/proxmox/0.108.0/linux_amd64/terraform-provider-proxmox_v0.108.0"]
2026-06-01T22:04:52.696+0200 [DEBUG] provider: plugin started: path=.terraform/providers/registry.terraform.io/bpg/proxmox/0.108.0/linux_amd64/terraform-provider-proxmox_v0.108.0 pid=50482
2026-06-01T22:04:52.696+0200 [DEBUG] provider: waiting for RPC address: plugin=.terraform/providers/registry.terraform.io/bpg/proxmox/0.108.0/linux_amd64/terraform-provider-proxmox_v0.108.0
2026-06-01T22:04:52.706+0200 [INFO]  provider.terraform-provider-proxmox_v0.108.0: configuring server automatic mTLS: timestamp="2026-06-01T22:04:52.706+0200"
2026-06-01T22:04:52.720+0200 [DEBUG] provider: using plugin: version=6
2026-06-01T22:04:52.720+0200 [DEBUG] provider.terraform-provider-proxmox_v0.108.0: plugin address: address=/tmp/plugin2343622725 network=unix timestamp="2026-06-01T22:04:52.719+0200"
2026-06-01T22:04:52.736+0200 [INFO]  provider.terraform-provider-proxmox_v0.108.0: Configuring the Framework Proxmox provider...: tf_mux_provider="*proto6server.Server" tf_provider_addr=registry.terraform.io/bpg/proxmox tf_req_id=39380091-e06c-5ef9-fa5a-ad75793e9e44 @caller=/home/runner/work/terraform-provider-proxmox/terraform-provider-proxmox/fwprovider/provider.go:304 @module=proxmox tf_rpc=ConfigureProvider timestamp="2026-06-01T22:04:52.736+0200"
2026-06-01T22:04:52.736+0200 [INFO]  provider.terraform-provider-proxmox_v0.108.0: Configuring the SDK Proxmox provider...: tf_provider_addr=registry.terraform.io/bpg/proxmox tf_rpc=ConfigureProvider @caller=/home/runner/work/terraform-provider-proxmox/terraform-provider-proxmox/proxmoxtf/provider/provider.go:50 @module=proxmox tf_req_id=39380091-e06c-5ef9-fa5a-ad75793e9e44 tf_mux_provider=tf5to6server.v5tov6Server timestamp="2026-06-01T22:04:52.736+0200"
2026-06-01T22:04:52.760+0200 [WARN]  Provider "registry.terraform.io/bpg/proxmox" produced an invalid plan for proxmox_virtual_environment_vm.terraform01, but we are tolerating it because it is using the legacy plugin SDK.
    The following problems may be the cause of any confusing errors from downstream operations:
      - .on_boot: planned value cty.True for a non-computed attribute
      - .purge_on_destroy: planned value cty.True for a non-computed attribute
      - .scsi_hardware: planned value cty.StringVal("virtio-scsi-pci") for a non-computed attribute
      - .timeout_create: planned value cty.NumberIntVal(1800) for a non-computed attribute
      - .timeout_reboot: planned value cty.NumberIntVal(1800) for a non-computed attribute
      - .timeout_shutdown_vm: planned value cty.NumberIntVal(1800) for a non-computed attribute
      - .protection: planned value cty.False for a non-computed attribute
      - .reboot_after_update: planned value cty.True for a non-computed attribute
      - .started: planned value cty.True for a non-computed attribute
      - .migrate: planned value cty.False for a non-computed attribute
      - .network_device: planned value cty.ListVal([]cty.Value{cty.ObjectVal(map[string]cty.Value{"bridge":cty.StringVal("vmbr1"), "disconnected":cty.NullVal(cty.Bool), "enabled":cty.True, "firewall":cty.False, "mac_address":cty.UnknownVal(cty.String), "model":cty.StringVal("virtio"), "mtu":cty.NumberIntVal(0), "queues":cty.NumberIntVal(0), "rate_limit":cty.NumberIntVal(0), "trunks":cty.NullVal(cty.String), "vlan_id":cty.NumberIntVal(0)})}) does not match config value cty.ListVal([]cty.Value{cty.ObjectVal(map[string]cty.Value{"bridge":cty.StringVal("vmbr1"), "disconnected":cty.NullVal(cty.Bool), "enabled":cty.NullVal(cty.Bool), "firewall":cty.NullVal(cty.Bool), "mac_address":cty.NullVal(cty.String), "model":cty.NullVal(cty.String), "mtu":cty.NullVal(cty.Number), "queues":cty.NullVal(cty.Number), "rate_limit":cty.NullVal(cty.Number), "trunks":cty.NullVal(cty.String), "vlan_id":cty.NullVal(cty.Number)})})
      - .tablet_device: planned value cty.True for a non-computed attribute
      - .timeout_move_disk: planned value cty.NumberIntVal(1800) for a non-computed attribute
      - .timeout_start_vm: planned value cty.NumberIntVal(1800) for a non-computed attribute
      - .acpi: planned value cty.True for a non-computed attribute
      - .bios: planned value cty.StringVal("seabios") for a non-computed attribute
      - .timeout_clone: planned value cty.NumberIntVal(1800) for a non-computed attribute
      - .delete_unreferenced_disks_on_destroy: planned value cty.True for a non-computed attribute
      - .keyboard_layout: planned value cty.StringVal("en-us") for a non-computed attribute
      - .stop_on_destroy: planned value cty.False for a non-computed attribute
      - .template: planned value cty.False for a non-computed attribute
      - .timeout_stop_vm: planned value cty.NumberIntVal(300) for a non-computed attribute
      - .reboot: planned value cty.False for a non-computed attribute
      - .timeout_migrate: planned value cty.NumberIntVal(1800) for a non-computed attribute
      - .vga: attribute representing nested block must not be unknown itself; set nested attribute values to unknown instead
      - .agent[0].timeout: planned value cty.StringVal("15m") for a non-computed attribute
      - .agent[0].trim: planned value cty.False for a non-computed attribute
      - .agent[0].type: planned value cty.StringVal("virtio") for a non-computed attribute
      - .memory[0].floating: planned value cty.NumberIntVal(0) for a non-computed attribute
      - .memory[0].keep_hugepages: planned value cty.False for a non-computed attribute
      - .memory[0].shared: planned value cty.NumberIntVal(0) for a non-computed attribute
      - .clone[0].full: planned value cty.True for a non-computed attribute
      - .clone[0].retries: planned value cty.NumberIntVal(1) for a non-computed attribute
      - .cpu[0].limit: planned value cty.NumberIntVal(0) for a non-computed attribute
      - .cpu[0].numa: planned value cty.False for a non-computed attribute
      - .cpu[0].sockets: planned value cty.NumberIntVal(1) for a non-computed attribute
      - .cpu[0].hotplugged: planned value cty.NumberIntVal(0) for a non-computed attribute
      - .disk[0].aio: planned value cty.StringVal("io_uring") for a non-computed attribute
      - .disk[0].cache: planned value cty.StringVal("none") for a non-computed attribute
      - .disk[0].iothread: planned value cty.False for a non-computed attribute
      - .disk[0].ssd: planned value cty.False for a non-computed attribute
      - .disk[0].backup: planned value cty.True for a non-computed attribute
      - .disk[0].discard: planned value cty.StringVal("ignore") for a non-computed attribute
      - .disk[0].replicate: planned value cty.True for a non-computed attribute
2026-06-01T22:04:52.761+0200 [INFO]  Starting apply for proxmox_virtual_environment_vm.terraform01
2026-06-01T22:04:52.762+0200 [DEBUG] proxmox_virtual_environment_vm.terraform01: applying the planned Create change
2026-06-01T22:04:52.765+0200 [DEBUG] provider.terraform-provider-proxmox_v0.108.0: [DEBUG] setting computed for "vga" from ComputedKeys
2026-06-01T22:04:52.765+0200 [DEBUG] provider.terraform-provider-proxmox_v0.108.0: [DEBUG] setting computed for "boot_order" from ComputedKeys
2026-06-01T22:04:52.766+0200 [DEBUG] provider.terraform-provider-proxmox_v0.108.0: [DEBUG] setting computed for "ipv6_addresses" from ComputedKeys
2026-06-01T22:04:52.766+0200 [DEBUG] provider.terraform-provider-proxmox_v0.108.0: [DEBUG] setting computed for "network_interface_names" from ComputedKeys
2026-06-01T22:04:52.766+0200 [DEBUG] provider.terraform-provider-proxmox_v0.108.0: [DEBUG] setting computed for "mac_addresses" from ComputedKeys
2026-06-01T22:04:52.766+0200 [DEBUG] provider.terraform-provider-proxmox_v0.108.0: [DEBUG] setting computed for "ipv4_addresses" from ComputedKeys
2026-06-01T22:04:52.769+0200 [DEBUG] provider.terraform-provider-proxmox_v0.108.0: Sending HTTP Request: @module=proxmox Accept=application/json Authorization="PVEAPIToken=terraform@pve!terraform-token=2df6cbb0-ee6b-4e44-9b47-38e10d58bb3b" tf_http_op_type=request tf_http_req_method=GET tf_provider_addr=registry.terraform.io/bpg/proxmox Accept-Encoding=gzip User-Agent=Go-http-client/1.1 tf_http_req_body="" tf_http_req_uri=/api2/json/cluster/nextid tf_http_req_version=HTTP/1.1 tf_mux_provider=tf5to6server.v5tov6Server tf_resource_type=proxmox_virtual_environment_vm @caller=/home/runner/go/pkg/mod/github.com/hashicorp/terraform-plugin-sdk/v2@v2.40.1/helper/logging/logging_http_transport.go:162 Host=10.4.10.10:8006 tf_http_trans_id=525b62fa-cbb2-57ba-0eac-f811d2edf017 tf_req_id=eef2f2d8-605e-7de7-db76-a92c64e24632 tf_rpc=ApplyResourceChange timestamp="2026-06-01T22:04:52.768+0200"
2026-06-01T22:04:52.776+0200 [DEBUG] provider.terraform-provider-proxmox_v0.108.0: Received HTTP Response: Cache-Control=max-age=0 Content-Type=application/json;charset=UTF-8 tf_http_op_type=response tf_http_res_version=HTTP/1.1 tf_mux_provider=tf5to6server.v5tov6Server tf_provider_addr=registry.terraform.io/bpg/proxmox Connection=Keep-Alive Date="Mon, 01 Jun 2026 20:04:52 GMT" tf_http_res_body="{\"data\":\"115\"}" tf_http_res_status_code=200 tf_http_res_status_reason="200 OK" tf_req_id=eef2f2d8-605e-7de7-db76-a92c64e24632 tf_rpc=ApplyResourceChange @module=proxmox tf_http_trans_id=525b62fa-cbb2-57ba-0eac-f811d2edf017 tf_resource_type=proxmox_virtual_environment_vm @caller=/home/runner/go/pkg/mod/github.com/hashicorp/terraform-plugin-sdk/v2@v2.40.1/helper/logging/logging_http_transport.go:162 Content-Length=14 Expires="Mon, 01 Jun 2026 20:04:52 GMT" Pragma=no-cache Server=pve-api-daemon/3.0 timestamp="2026-06-01T22:04:52.776+0200"
2026-06-01T22:04:52.777+0200 [DEBUG] provider.terraform-provider-proxmox_v0.108.0: Sending HTTP Request: tf_http_trans_id=ddf807fa-6353-e922-d775-43fe49ef553c tf_mux_provider=tf5to6server.v5tov6Server tf_provider_addr=registry.terraform.io/bpg/proxmox tf_req_id=eef2f2d8-605e-7de7-db76-a92c64e24632 tf_resource_type=proxmox_virtual_environment_vm @caller=/home/runner/go/pkg/mod/github.com/hashicorp/terraform-plugin-sdk/v2@v2.40.1/helper/logging/logging_http_transport.go:162 Content-Length=33 Accept=application/json Authorization="PVEAPIToken=terraform@pve!terraform-token=2df6cbb0-ee6b-4e44-9b47-38e10d58bb3b" tf_http_op_type=request tf_http_req_body="full=1&name=terraform01&newid=115" tf_rpc=ApplyResourceChange @module=proxmox Accept-Encoding=gzip Content-Type=application/x-www-form-urlencoded Host=10.4.10.10:8006 User-Agent=Go-http-client/1.1 tf_http_req_method=POST tf_http_req_uri=/api2/json/nodes/s12/qemu/666/clone tf_http_req_version=HTTP/1.1 timestamp="2026-06-01T22:04:52.777+0200"
2026-06-01T22:04:52.819+0200 [DEBUG] provider.terraform-provider-proxmox_v0.108.0: Received HTTP Response: Content-Length=89 Date="Mon, 01 Jun 2026 20:04:52 GMT" tf_http_op_type=response tf_http_res_status_code=200 tf_http_res_status_reason="200 OK" tf_provider_addr=registry.terraform.io/bpg/proxmox tf_rpc=ApplyResourceChange @caller=/home/runner/go/pkg/mod/github.com/hashicorp/terraform-plugin-sdk/v2@v2.40.1/helper/logging/logging_http_transport.go:162 Cache-Control=max-age=0 Pragma=no-cache Server=pve-api-daemon/3.0 tf_http_trans_id=ddf807fa-6353-e922-d775-43fe49ef553c tf_req_id=eef2f2d8-605e-7de7-db76-a92c64e24632 @module=proxmox tf_http_res_body="{\"data\":\"UPID:s12:0032CD31:01CAD22A:6A1DE5E4:qmclone:666:terraform@pve!terraform-token:\"}" tf_http_res_version=HTTP/1.1 tf_mux_provider=tf5to6server.v5tov6Server tf_resource_type=proxmox_virtual_environment_vm Content-Type=application/json;charset=UTF-8 Expires="Mon, 01 Jun 2026 20:04:52 GMT" timestamp="2026-06-01T22:04:52.819+0200"
2026-06-01T22:04:52.820+0200 [DEBUG] provider.terraform-provider-proxmox_v0.108.0: Sending HTTP Request: tf_http_op_type=request tf_http_req_body="" tf_http_req_version=HTTP/1.1 tf_mux_provider=tf5to6server.v5tov6Server tf_rpc=ApplyResourceChange User-Agent=Go-http-client/1.1 tf_http_req_uri="/api2/json/nodes/s12/tasks/UPID:s12:0032CD31:01CAD22A:6A1DE5E4:qmclone:666:terraform@pve%21terraform-token:/status" tf_provider_addr=registry.terraform.io/bpg/proxmox @module=proxmox Host=10.4.10.10:8006 tf_req_id=eef2f2d8-605e-7de7-db76-a92c64e24632 Accept-Encoding=gzip Authorization="PVEAPIToken=terraform@pve!terraform-token=2df6cbb0-ee6b-4e44-9b47-38e10d58bb3b" tf_http_req_method=GET tf_http_trans_id=b76e2f48-7c61-111c-c603-fcac598a64bc tf_resource_type=proxmox_virtual_environment_vm @caller=/home/runner/go/pkg/mod/github.com/hashicorp/terraform-plugin-sdk/v2@v2.40.1/helper/logging/logging_http_transport.go:162 Accept=application/json timestamp="2026-06-01T22:04:52.820+0200"
2026-06-01T22:04:52.838+0200 [DEBUG] provider.terraform-provider-proxmox_v0.108.0: Received HTTP Response: Content-Type=application/json;charset=UTF-8 Pragma=no-cache tf_http_res_status_code=200 tf_provider_addr=registry.terraform.io/bpg/proxmox tf_rpc=ApplyResourceChange Expires="Mon, 01 Jun 2026 20:04:52 GMT" tf_resource_type=proxmox_virtual_environment_vm @caller=/home/runner/go/pkg/mod/github.com/hashicorp/terraform-plugin-sdk/v2@v2.40.1/helper/logging/logging_http_transport.go:162 tf_http_res_status_reason="200 OK" tf_http_res_version=HTTP/1.1 tf_http_trans_id=b76e2f48-7c61-111c-c603-fcac598a64bc tf_mux_provider=tf5to6server.v5tov6Server @module=proxmox Date="Mon, 01 Jun 2026 20:04:52 GMT" Server=pve-api-daemon/3.0 tf_http_op_type=response tf_http_res_body="{\"data\":{\"pid\":3329329,\"status\":\"running\",\"id\":\"666\",\"pstart\":30069290,\"node\":\"s12\",\"type\":\"qmclone\",\"starttime\":1780344292,\"tokenid\":\"terraform-token\",\"user\":\"terraform@pve\",\"upid\":\"UPID:s12:0032CD31:01CAD22A:6A1DE5E4:qmclone:666:terraform@pve!terraform-token:\"}}" tf_req_id=eef2f2d8-605e-7de7-db76-a92c64e24632 Cache-Control=max-age=0 Content-Length=264 timestamp="2026-06-01T22:04:52.837+0200"
2026-06-01T22:04:53.838+0200 [DEBUG] provider.terraform-provider-proxmox_v0.108.0: Sending HTTP Request: @caller=/home/runner/go/pkg/mod/github.com/hashicorp/terraform-plugin-sdk/v2@v2.40.1/helper/logging/logging_http_transport.go:162 Host=10.4.10.10:8006 User-Agent=Go-http-client/1.1 tf_http_req_method=GET tf_http_trans_id=81bd6bd0-0f0c-8a9e-3cec-99bcd46fe193 tf_rpc=ApplyResourceChange Accept=application/json Accept-Encoding=gzip tf_http_req_uri="/api2/json/nodes/s12/tasks/UPID:s12:0032CD31:01CAD22A:6A1DE5E4:qmclone:666:terraform@pve%21terraform-token:/status" tf_http_req_version=HTTP/1.1 tf_provider_addr=registry.terraform.io/bpg/proxmox @module=proxmox Authorization="PVEAPIToken=terraform@pve!terraform-token=2df6cbb0-ee6b-4e44-9b47-38e10d58bb3b" tf_http_op_type=request tf_http_req_body="" tf_req_id=eef2f2d8-605e-7de7-db76-a92c64e24632 tf_mux_provider=tf5to6server.v5tov6Server tf_resource_type=proxmox_virtual_environment_vm timestamp="2026-06-01T22:04:53.838+0200"
2026-06-01T22:04:53.860+0200 [DEBUG] provider.terraform-provider-proxmox_v0.108.0: Received HTTP Response: @caller=/home/runner/go/pkg/mod/github.com/hashicorp/terraform-plugin-sdk/v2@v2.40.1/helper/logging/logging_http_transport.go:162 Cache-Control=max-age=0 Pragma=no-cache tf_http_trans_id=81bd6bd0-0f0c-8a9e-3cec-99bcd46fe193 tf_provider_addr=registry.terraform.io/bpg/proxmox @module=proxmox Content-Type=application/json;charset=UTF-8 Date="Mon, 01 Jun 2026 20:04:53 GMT" tf_http_res_body="{\"data\":{\"id\":\"666\",\"pstart\":30069290,\"pid\":3329329,\"status\":\"running\",\"user\":\"terraform@pve\",\"upid\":\"UPID:s12:0032CD31:01CAD22A:6A1DE5E4:qmclone:666:terraform@pve!terraform-token:\",\"starttime\":1780344292,\"tokenid\":\"terraform-token\",\"type\":\"qmclone\",\"node\":\"s12\"}}" Content-Length=264 Server=pve-api-daemon/3.0 tf_http_op_type=response tf_http_res_status_reason="200 OK" tf_req_id=eef2f2d8-605e-7de7-db76-a92c64e24632 tf_resource_type=proxmox_virtual_environment_vm tf_rpc=ApplyResourceChange Expires="Mon, 01 Jun 2026 20:04:53 GMT" tf_http_res_status_code=200 tf_http_res_version=HTTP/1.1 tf_mux_provider=tf5to6server.v5tov6Server timestamp="2026-06-01T22:04:53.860+0200"
2026-06-01T22:04:54.860+0200 [DEBUG] provider.terraform-provider-proxmox_v0.108.0: Sending HTTP Request: User-Agent=Go-http-client/1.1 tf_req_id=eef2f2d8-605e-7de7-db76-a92c64e24632 tf_rpc=ApplyResourceChange tf_http_trans_id=b6a27bf2-068f-2af2-96dc-bb257c007c52 tf_http_op_type=request tf_http_req_method=GET Accept-Encoding=gzip Host=10.4.10.10:8006 tf_http_req_version=HTTP/1.1 tf_resource_type=proxmox_virtual_environment_vm @module=proxmox tf_http_req_body="" tf_http_req_uri="/api2/json/nodes/s12/tasks/UPID:s12:0032CD31:01CAD22A:6A1DE5E4:qmclone:666:terraform@pve%21terraform-token:/status" tf_mux_provider=tf5to6server.v5tov6Server tf_provider_addr=registry.terraform.io/bpg/proxmox @caller=/home/runner/go/pkg/mod/github.com/hashicorp/terraform-plugin-sdk/v2@v2.40.1/helper/logging/logging_http_transport.go:162 Accept=application/json Authorization="PVEAPIToken=terraform@pve!terraform-token=2df6cbb0-ee6b-4e44-9b47-38e10d58bb3b" timestamp="2026-06-01T22:04:54.860+0200"
2026-06-01T22:04:54.880+0200 [DEBUG] provider.terraform-provider-proxmox_v0.108.0: Received HTTP Response: tf_req_id=eef2f2d8-605e-7de7-db76-a92c64e24632 @module=proxmox Content-Type=application/json;charset=UTF-8 tf_http_op_type=response tf_http_res_version=HTTP/1.1 tf_rpc=ApplyResourceChange @caller=/home/runner/go/pkg/mod/github.com/hashicorp/terraform-plugin-sdk/v2@v2.40.1/helper/logging/logging_http_transport.go:162 Pragma=no-cache Cache-Control=max-age=0 Content-Length=264 tf_http_res_body="{\"data\":{\"status\":\"running\",\"pid\":3329329,\"id\":\"666\",\"pstart\":30069290,\"node\":\"s12\",\"type\":\"qmclone\",\"starttime\":1780344292,\"tokenid\":\"terraform-token\",\"user\":\"terraform@pve\",\"upid\":\"UPID:s12:0032CD31:01CAD22A:6A1DE5E4:qmclone:666:terraform@pve!terraform-token:\"}}" tf_mux_provider=tf5to6server.v5tov6Server tf_provider_addr=registry.terraform.io/bpg/proxmox tf_resource_type=proxmox_virtual_environment_vm Date="Mon, 01 Jun 2026 20:04:54 GMT" Expires="Mon, 01 Jun 2026 20:04:54 GMT" Server=pve-api-daemon/3.0 tf_http_res_status_code=200 tf_http_res_status_reason="200 OK" tf_http_trans_id=b6a27bf2-068f-2af2-96dc-bb257c007c52 timestamp="2026-06-01T22:04:54.879+0200"
2026-06-01T22:04:55.881+0200 [DEBUG] provider.terraform-provider-proxmox_v0.108.0: Sending HTTP Request: tf_http_req_body="" Accept=application/json Authorization="PVEAPIToken=terraform@pve!terraform-token=2df6cbb0-ee6b-4e44-9b47-38e10d58bb3b" Host=10.4.10.10:8006 User-Agent=Go-http-client/1.1 tf_http_trans_id=bff6d155-4103-57c4-785d-a4722647f011 tf_provider_addr=registry.terraform.io/bpg/proxmox tf_http_op_type=request tf_http_req_method=GET @module=proxmox Accept-Encoding=gzip tf_http_req_version=HTTP/1.1 tf_req_id=eef2f2d8-605e-7de7-db76-a92c64e24632 @caller=/home/runner/go/pkg/mod/github.com/hashicorp/terraform-plugin-sdk/v2@v2.40.1/helper/logging/logging_http_transport.go:162 tf_http_req_uri="/api2/json/nodes/s12/tasks/UPID:s12:0032CD31:01CAD22A:6A1DE5E4:qmclone:666:terraform@pve%21terraform-token:/status" tf_mux_provider=tf5to6server.v5tov6Server tf_resource_type=proxmox_virtual_environment_vm tf_rpc=ApplyResourceChange timestamp="2026-06-01T22:04:55.880+0200"
2026-06-01T22:04:55.902+0200 [DEBUG] provider.terraform-provider-proxmox_v0.108.0: Received HTTP Response: Content-Type=application/json;charset=UTF-8 Pragma=no-cache tf_http_res_version=HTTP/1.1 tf_provider_addr=registry.terraform.io/bpg/proxmox @module=proxmox Cache-Control=max-age=0 Content-Length=264 Expires="Mon, 01 Jun 2026 20:04:55 GMT" tf_http_op_type=response tf_mux_provider=tf5to6server.v5tov6Server @caller=/home/runner/go/pkg/mod/github.com/hashicorp/terraform-plugin-sdk/v2@v2.40.1/helper/logging/logging_http_transport.go:162 Date="Mon, 01 Jun 2026 20:04:55 GMT" tf_http_trans_id=bff6d155-4103-57c4-785d-a4722647f011 tf_rpc=ApplyResourceChange Server=pve-api-daemon/3.0 tf_http_res_body="{\"data\":{\"type\":\"qmclone\",\"node\":\"s12\",\"user\":\"terraform@pve\",\"upid\":\"UPID:s12:0032CD31:01CAD22A:6A1DE5E4:qmclone:666:terraform@pve!terraform-token:\",\"starttime\":1780344292,\"tokenid\":\"terraform-token\",\"id\":\"666\",\"pstart\":30069290,\"pid\":3329329,\"status\":\"running\"}}" tf_http_res_status_code=200 tf_http_res_status_reason="200 OK" tf_req_id=eef2f2d8-605e-7de7-db76-a92c64e24632 tf_resource_type=proxmox_virtual_environment_vm timestamp="2026-06-01T22:04:55.902+0200"
2026-06-01T22:04:56.903+0200 [DEBUG] provider.terraform-provider-proxmox_v0.108.0: Sending HTTP Request: tf_req_id=eef2f2d8-605e-7de7-db76-a92c64e24632 @caller=/home/runner/go/pkg/mod/github.com/hashicorp/terraform-plugin-sdk/v2@v2.40.1/helper/logging/logging_http_transport.go:162 User-Agent=Go-http-client/1.1 tf_http_trans_id=a7fd1076-1afc-1f0b-6a50-7d80b113937a tf_mux_provider=tf5to6server.v5tov6Server tf_http_req_method=GET Accept=application/json Authorization="PVEAPIToken=terraform@pve!terraform-token=2df6cbb0-ee6b-4e44-9b47-38e10d58bb3b" Host=10.4.10.10:8006 tf_rpc=ApplyResourceChange tf_http_req_uri="/api2/json/nodes/s12/tasks/UPID:s12:0032CD31:01CAD22A:6A1DE5E4:qmclone:666:terraform@pve%21terraform-token:/status" tf_http_req_version=HTTP/1.1 tf_provider_addr=registry.terraform.io/bpg/proxmox tf_resource_type=proxmox_virtual_environment_vm tf_http_op_type=request tf_http_req_body="" @module=proxmox Accept-Encoding=gzip timestamp="2026-06-01T22:04:56.903+0200"
2026-06-01T22:04:56.922+0200 [DEBUG] provider.terraform-provider-proxmox_v0.108.0: Received HTTP Response: @caller=/home/runner/go/pkg/mod/github.com/hashicorp/terraform-plugin-sdk/v2@v2.40.1/helper/logging/logging_http_transport.go:162 Cache-Control=max-age=0 tf_http_res_version=HTTP/1.1 tf_http_op_type=response tf_http_res_body="{\"data\":{\"pstart\":30069290,\"id\":\"666\",\"status\":\"running\",\"pid\":3329329,\"upid\":\"UPID:s12:0032CD31:01CAD22A:6A1DE5E4:qmclone:666:terraform@pve!terraform-token:\",\"user\":\"terraform@pve\",\"tokenid\":\"terraform-token\",\"starttime\":1780344292,\"type\":\"qmclone\",\"node\":\"s12\"}}" tf_http_trans_id=a7fd1076-1afc-1f0b-6a50-7d80b113937a tf_resource_type=proxmox_virtual_environment_vm @module=proxmox Content-Length=264 Date="Mon, 01 Jun 2026 20:04:56 GMT" Expires="Mon, 01 Jun 2026 20:04:56 GMT" tf_mux_provider=tf5to6server.v5tov6Server tf_provider_addr=registry.terraform.io/bpg/proxmox tf_rpc=ApplyResourceChange Content-Type=application/json;charset=UTF-8 Pragma=no-cache Server=pve-api-daemon/3.0 tf_http_res_status_code=200 tf_http_res_status_reason="200 OK" tf_req_id=eef2f2d8-605e-7de7-db76-a92c64e24632 timestamp="2026-06-01T22:04:56.921+0200"
2026-06-01T22:04:57.922+0200 [DEBUG] provider.terraform-provider-proxmox_v0.108.0: Sending HTTP Request: @caller=/home/runner/go/pkg/mod/github.com/hashicorp/terraform-plugin-sdk/v2@v2.40.1/helper/logging/logging_http_transport.go:162 tf_http_req_method=GET @module=proxmox Accept-Encoding=gzip Authorization="PVEAPIToken=terraform@pve!terraform-token=2df6cbb0-ee6b-4e44-9b47-38e10d58bb3b" tf_http_trans_id=41bdc334-3645-f29c-37ba-34d1f7a847cc tf_mux_provider=tf5to6server.v5tov6Server tf_provider_addr=registry.terraform.io/bpg/proxmox Accept=application/json Host=10.4.10.10:8006 User-Agent=Go-http-client/1.1 tf_http_op_type=request tf_rpc=ApplyResourceChange tf_http_req_body="" tf_http_req_uri="/api2/json/nodes/s12/tasks/UPID:s12:0032CD31:01CAD22A:6A1DE5E4:qmclone:666:terraform@pve%21terraform-token:/status" tf_http_req_version=HTTP/1.1 tf_req_id=eef2f2d8-605e-7de7-db76-a92c64e24632 tf_resource_type=proxmox_virtual_environment_vm timestamp="2026-06-01T22:04:57.922+0200"
2026-06-01T22:04:57.941+0200 [DEBUG] provider.terraform-provider-proxmox_v0.108.0: Received HTTP Response: tf_http_op_type=response tf_mux_provider=tf5to6server.v5tov6Server tf_rpc=ApplyResourceChange @caller=/home/runner/go/pkg/mod/github.com/hashicorp/terraform-plugin-sdk/v2@v2.40.1/helper/logging/logging_http_transport.go:162 Content-Length=264 Server=pve-api-daemon/3.0 tf_http_res_status_reason="200 OK" tf_http_trans_id=41bdc334-3645-f29c-37ba-34d1f7a847cc tf_resource_type=proxmox_virtual_environment_vm Cache-Control=max-age=0 Date="Mon, 01 Jun 2026 20:04:57 GMT" Expires="Mon, 01 Jun 2026 20:04:57 GMT" @module=proxmox Content-Type=application/json;charset=UTF-8 tf_http_res_body="{\"data\":{\"status\":\"running\",\"pid\":3329329,\"id\":\"666\",\"pstart\":30069290,\"node\":\"s12\",\"type\":\"qmclone\",\"starttime\":1780344292,\"tokenid\":\"terraform-token\",\"user\":\"terraform@pve\",\"upid\":\"UPID:s12:0032CD31:01CAD22A:6A1DE5E4:qmclone:666:terraform@pve!terraform-token:\"}}" tf_http_res_status_code=200 tf_http_res_version=HTTP/1.1 tf_provider_addr=registry.terraform.io/bpg/proxmox tf_req_id=eef2f2d8-605e-7de7-db76-a92c64e24632 Pragma=no-cache timestamp="2026-06-01T22:04:57.940+0200"
2026-06-01T22:04:58.941+0200 [DEBUG] provider.terraform-provider-proxmox_v0.108.0: Sending HTTP Request: tf_http_req_method=GET Host=10.4.10.10:8006 tf_http_op_type=request tf_http_req_version=HTTP/1.1 tf_http_trans_id=6c2b929c-1f92-fdc2-a9c1-5386be325771 tf_mux_provider=tf5to6server.v5tov6Server tf_req_id=eef2f2d8-605e-7de7-db76-a92c64e24632 tf_http_req_uri="/api2/json/nodes/s12/tasks/UPID:s12:0032CD31:01CAD22A:6A1DE5E4:qmclone:666:terraform@pve%21terraform-token:/status" @caller=/home/runner/go/pkg/mod/github.com/hashicorp/terraform-plugin-sdk/v2@v2.40.1/helper/logging/logging_http_transport.go:162 @module=proxmox Accept-Encoding=gzip User-Agent=Go-http-client/1.1 tf_http_req_body="" tf_resource_type=proxmox_virtual_environment_vm Accept=application/json Authorization="PVEAPIToken=terraform@pve!terraform-token=2df6cbb0-ee6b-4e44-9b47-38e10d58bb3b" tf_provider_addr=registry.terraform.io/bpg/proxmox tf_rpc=ApplyResourceChange timestamp="2026-06-01T22:04:58.941+0200"
2026-06-01T22:04:58.960+0200 [DEBUG] provider.terraform-provider-proxmox_v0.108.0: Received HTTP Response: Content-Type=application/json;charset=UTF-8 tf_http_res_body="{\"data\":{\"id\":\"666\",\"pstart\":30069290,\"pid\":3329329,\"status\":\"running\",\"type\":\"qmclone\",\"node\":\"s12\",\"user\":\"terraform@pve\",\"upid\":\"UPID:s12:0032CD31:01CAD22A:6A1DE5E4:qmclone:666:terraform@pve!terraform-token:\",\"starttime\":1780344292,\"tokenid\":\"terraform-token\"}}" tf_http_res_status_reason="200 OK" tf_resource_type=proxmox_virtual_environment_vm Cache-Control=max-age=0 Expires="Mon, 01 Jun 2026 20:04:58 GMT" Content-Length=264 Date="Mon, 01 Jun 2026 20:04:58 GMT" Pragma=no-cache Server=pve-api-daemon/3.0 tf_http_res_status_code=200 tf_http_res_version=HTTP/1.1 tf_http_trans_id=6c2b929c-1f92-fdc2-a9c1-5386be325771 @caller=/home/runner/go/pkg/mod/github.com/hashicorp/terraform-plugin-sdk/v2@v2.40.1/helper/logging/logging_http_transport.go:162 tf_http_op_type=response tf_mux_provider=tf5to6server.v5tov6Server tf_provider_addr=registry.terraform.io/bpg/proxmox tf_req_id=eef2f2d8-605e-7de7-db76-a92c64e24632 tf_rpc=ApplyResourceChange @module=proxmox timestamp="2026-06-01T22:04:58.960+0200"
2026-06-01T22:04:59.961+0200 [DEBUG] provider.terraform-provider-proxmox_v0.108.0: Sending HTTP Request: tf_mux_provider=tf5to6server.v5tov6Server tf_req_id=eef2f2d8-605e-7de7-db76-a92c64e24632 tf_rpc=ApplyResourceChange @module=proxmox Accept=application/json Authorization="PVEAPIToken=terraform@pve!terraform-token=2df6cbb0-ee6b-4e44-9b47-38e10d58bb3b" Host=10.4.10.10:8006 User-Agent=Go-http-client/1.1 tf_provider_addr=registry.terraform.io/bpg/proxmox @caller=/home/runner/go/pkg/mod/github.com/hashicorp/terraform-plugin-sdk/v2@v2.40.1/helper/logging/logging_http_transport.go:162 tf_http_req_version=HTTP/1.1 tf_resource_type=proxmox_virtual_environment_vm tf_http_req_method=GET tf_http_trans_id=3c1ac2f7-9b6a-1ca5-7e50-eccd864afaaa Accept-Encoding=gzip tf_http_op_type=request tf_http_req_body="" tf_http_req_uri="/api2/json/nodes/s12/tasks/UPID:s12:0032CD31:01CAD22A:6A1DE5E4:qmclone:666:terraform@pve%21terraform-token:/status" timestamp="2026-06-01T22:04:59.961+0200"
2026-06-01T22:04:59.983+0200 [DEBUG] provider.terraform-provider-proxmox_v0.108.0: Received HTTP Response: Content-Length=264 Date="Mon, 01 Jun 2026 20:04:59 GMT" Server=pve-api-daemon/3.0 tf_mux_provider=tf5to6server.v5tov6Server Content-Type=application/json;charset=UTF-8 @caller=/home/runner/go/pkg/mod/github.com/hashicorp/terraform-plugin-sdk/v2@v2.40.1/helper/logging/logging_http_transport.go:162 Expires="Mon, 01 Jun 2026 20:04:59 GMT" Pragma=no-cache tf_http_res_body="{\"data\":{\"pstart\":30069290,\"id\":\"666\",\"status\":\"running\",\"pid\":3329329,\"upid\":\"UPID:s12:0032CD31:01CAD22A:6A1DE5E4:qmclone:666:terraform@pve!terraform-token:\",\"user\":\"terraform@pve\",\"tokenid\":\"terraform-token\",\"starttime\":1780344292,\"type\":\"qmclone\",\"node\":\"s12\"}}" tf_http_res_status_code=200 tf_http_res_status_reason="200 OK" tf_http_trans_id=3c1ac2f7-9b6a-1ca5-7e50-eccd864afaaa tf_provider_addr=registry.terraform.io/bpg/proxmox @module=proxmox Cache-Control=max-age=0 tf_http_op_type=response tf_http_res_version=HTTP/1.1 tf_req_id=eef2f2d8-605e-7de7-db76-a92c64e24632 tf_resource_type=proxmox_virtual_environment_vm tf_rpc=ApplyResourceChange timestamp="2026-06-01T22:04:59.983+0200"
2026-06-01T22:05:00.984+0200 [DEBUG] provider.terraform-provider-proxmox_v0.108.0: Sending HTTP Request: Accept=application/json Accept-Encoding=gzip User-Agent=Go-http-client/1.1 tf_http_op_type=request tf_mux_provider=tf5to6server.v5tov6Server Authorization="PVEAPIToken=terraform@pve!terraform-token=2df6cbb0-ee6b-4e44-9b47-38e10d58bb3b" tf_http_req_body="" tf_http_req_method=GET tf_http_req_version=HTTP/1.1 tf_provider_addr=registry.terraform.io/bpg/proxmox tf_resource_type=proxmox_virtual_environment_vm tf_rpc=ApplyResourceChange @caller=/home/runner/go/pkg/mod/github.com/hashicorp/terraform-plugin-sdk/v2@v2.40.1/helper/logging/logging_http_transport.go:162 @module=proxmox Host=10.4.10.10:8006 tf_http_req_uri="/api2/json/nodes/s12/tasks/UPID:s12:0032CD31:01CAD22A:6A1DE5E4:qmclone:666:terraform@pve%21terraform-token:/status" tf_http_trans_id=fc13c5d5-799b-b282-203e-091d2ddf3ece tf_req_id=eef2f2d8-605e-7de7-db76-a92c64e24632 timestamp="2026-06-01T22:05:00.983+0200"
2026-06-01T22:05:01.002+0200 [DEBUG] provider.terraform-provider-proxmox_v0.108.0: Received HTTP Response: tf_req_id=eef2f2d8-605e-7de7-db76-a92c64e24632 tf_rpc=ApplyResourceChange Content-Length=264 Expires="Mon, 01 Jun 2026 20:05:00 GMT" tf_http_op_type=response tf_http_res_status_reason="200 OK" tf_http_res_version=HTTP/1.1 tf_mux_provider=tf5to6server.v5tov6Server tf_provider_addr=registry.terraform.io/bpg/proxmox tf_resource_type=proxmox_virtual_environment_vm tf_http_res_body="{\"data\":{\"status\":\"running\",\"pid\":3329329,\"id\":\"666\",\"pstart\":30069290,\"node\":\"s12\",\"type\":\"qmclone\",\"starttime\":1780344292,\"tokenid\":\"terraform-token\",\"user\":\"terraform@pve\",\"upid\":\"UPID:s12:0032CD31:01CAD22A:6A1DE5E4:qmclone:666:terraform@pve!terraform-token:\"}}" @module=proxmox Cache-Control=max-age=0 Server=pve-api-daemon/3.0 tf_http_res_status_code=200 tf_http_trans_id=fc13c5d5-799b-b282-203e-091d2ddf3ece @caller=/home/runner/go/pkg/mod/github.com/hashicorp/terraform-plugin-sdk/v2@v2.40.1/helper/logging/logging_http_transport.go:162 Pragma=no-cache Content-Type=application/json;charset=UTF-8 Date="Mon, 01 Jun 2026 20:05:00 GMT" timestamp="2026-06-01T22:05:01.002+0200"
2026-06-01T22:05:02.003+0200 [DEBUG] provider.terraform-provider-proxmox_v0.108.0: Sending HTTP Request: tf_http_op_type=request @caller=/home/runner/go/pkg/mod/github.com/hashicorp/terraform-plugin-sdk/v2@v2.40.1/helper/logging/logging_http_transport.go:162 Host=10.4.10.10:8006 tf_http_req_uri="/api2/json/nodes/s12/tasks/UPID:s12:0032CD31:01CAD22A:6A1DE5E4:qmclone:666:terraform@pve%21terraform-token:/status" tf_http_trans_id=f695fc08-50fd-8c8e-a315-8edaded716f7 tf_resource_type=proxmox_virtual_environment_vm tf_rpc=ApplyResourceChange tf_http_req_version=HTTP/1.1 tf_mux_provider=tf5to6server.v5tov6Server tf_provider_addr=registry.terraform.io/bpg/proxmox tf_req_id=eef2f2d8-605e-7de7-db76-a92c64e24632 @module=proxmox Accept=application/json tf_http_req_body="" tf_http_req_method=GET Accept-Encoding=gzip Authorization="PVEAPIToken=terraform@pve!terraform-token=2df6cbb0-ee6b-4e44-9b47-38e10d58bb3b" User-Agent=Go-http-client/1.1 timestamp="2026-06-01T22:05:02.002+0200"
2026-06-01T22:05:02.021+0200 [DEBUG] provider.terraform-provider-proxmox_v0.108.0: Received HTTP Response: Cache-Control=max-age=0 Content-Type=application/json;charset=UTF-8 Date="Mon, 01 Jun 2026 20:05:02 GMT" Expires="Mon, 01 Jun 2026 20:05:02 GMT" Server=pve-api-daemon/3.0 tf_http_op_type=response tf_http_res_body="{\"data\":{\"starttime\":1780344292,\"tokenid\":\"terraform-token\",\"user\":\"terraform@pve\",\"upid\":\"UPID:s12:0032CD31:01CAD22A:6A1DE5E4:qmclone:666:terraform@pve!terraform-token:\",\"node\":\"s12\",\"type\":\"qmclone\",\"status\":\"running\",\"pid\":3329329,\"id\":\"666\",\"pstart\":30069290}}" @caller=/home/runner/go/pkg/mod/github.com/hashicorp/terraform-plugin-sdk/v2@v2.40.1/helper/logging/logging_http_transport.go:162 Content-Length=264 Pragma=no-cache tf_http_trans_id=f695fc08-50fd-8c8e-a315-8edaded716f7 tf_req_id=eef2f2d8-605e-7de7-db76-a92c64e24632 tf_rpc=ApplyResourceChange tf_http_res_status_code=200 tf_http_res_version=HTTP/1.1 tf_provider_addr=registry.terraform.io/bpg/proxmox tf_resource_type=proxmox_virtual_environment_vm @module=proxmox tf_http_res_status_reason="200 OK" tf_mux_provider=tf5to6server.v5tov6Server timestamp="2026-06-01T22:05:02.021+0200"
2026-06-01T22:05:03.022+0200 [DEBUG] provider.terraform-provider-proxmox_v0.108.0: Sending HTTP Request: tf_http_req_body="" tf_http_req_method=GET tf_http_trans_id=435a79fe-b623-178e-ef07-bcbf9e111e60 @module=proxmox Accept-Encoding=gzip Host=10.4.10.10:8006 User-Agent=Go-http-client/1.1 tf_http_req_uri="/api2/json/nodes/s12/tasks/UPID:s12:0032CD31:01CAD22A:6A1DE5E4:qmclone:666:terraform@pve%21terraform-token:/status" tf_mux_provider=tf5to6server.v5tov6Server Authorization="PVEAPIToken=terraform@pve!terraform-token=2df6cbb0-ee6b-4e44-9b47-38e10d58bb3b" tf_http_req_version=HTTP/1.1 tf_provider_addr=registry.terraform.io/bpg/proxmox tf_resource_type=proxmox_virtual_environment_vm tf_rpc=ApplyResourceChange @caller=/home/runner/go/pkg/mod/github.com/hashicorp/terraform-plugin-sdk/v2@v2.40.1/helper/logging/logging_http_transport.go:162 Accept=application/json tf_req_id=eef2f2d8-605e-7de7-db76-a92c64e24632 tf_http_op_type=request timestamp="2026-06-01T22:05:03.022+0200"
2026-06-01T22:05:03.039+0200 [DEBUG] provider.terraform-provider-proxmox_v0.108.0: Received HTTP Response: Date="Mon, 01 Jun 2026 20:05:03 GMT" tf_http_op_type=response tf_http_res_status_reason="200 OK" tf_resource_type=proxmox_virtual_environment_vm tf_rpc=ApplyResourceChange Cache-Control=max-age=0 tf_http_res_body="{\"data\":{\"type\":\"qmclone\",\"node\":\"s12\",\"upid\":\"UPID:s12:0032CD31:01CAD22A:6A1DE5E4:qmclone:666:terraform@pve!terraform-token:\",\"user\":\"terraform@pve\",\"tokenid\":\"terraform-token\",\"starttime\":1780344292,\"pstart\":30069290,\"id\":\"666\",\"pid\":3329329,\"status\":\"running\"}}" tf_http_res_status_code=200 tf_http_trans_id=435a79fe-b623-178e-ef07-bcbf9e111e60 @caller=/home/runner/go/pkg/mod/github.com/hashicorp/terraform-plugin-sdk/v2@v2.40.1/helper/logging/logging_http_transport.go:162 Server=pve-api-daemon/3.0 tf_http_res_version=HTTP/1.1 tf_mux_provider=tf5to6server.v5tov6Server tf_provider_addr=registry.terraform.io/bpg/proxmox @module=proxmox Content-Length=264 Expires="Mon, 01 Jun 2026 20:05:03 GMT" Pragma=no-cache tf_req_id=eef2f2d8-605e-7de7-db76-a92c64e24632 Content-Type=application/json;charset=UTF-8 timestamp="2026-06-01T22:05:03.039+0200"
2026-06-01T22:05:04.040+0200 [DEBUG] provider.terraform-provider-proxmox_v0.108.0: Sending HTTP Request: User-Agent=Go-http-client/1.1 @caller=/home/runner/go/pkg/mod/github.com/hashicorp/terraform-plugin-sdk/v2@v2.40.1/helper/logging/logging_http_transport.go:162 @module=proxmox Host=10.4.10.10:8006 tf_http_req_method=GET tf_http_req_uri="/api2/json/nodes/s12/tasks/UPID:s12:0032CD31:01CAD22A:6A1DE5E4:qmclone:666:terraform@pve%21terraform-token:/status" tf_http_req_version=HTTP/1.1 tf_http_trans_id=0a3cebf6-7847-bd23-72f4-8259d6095d80 tf_mux_provider=tf5to6server.v5tov6Server tf_provider_addr=registry.terraform.io/bpg/proxmox Accept=application/json tf_http_op_type=request tf_http_req_body="" tf_req_id=eef2f2d8-605e-7de7-db76-a92c64e24632 tf_resource_type=proxmox_virtual_environment_vm tf_rpc=ApplyResourceChange Accept-Encoding=gzip Authorization="PVEAPIToken=terraform@pve!terraform-token=2df6cbb0-ee6b-4e44-9b47-38e10d58bb3b" timestamp="2026-06-01T22:05:04.040+0200"
2026-06-01T22:05:04.057+0200 [DEBUG] provider.terraform-provider-proxmox_v0.108.0: Received HTTP Response: tf_http_res_version=HTTP/1.1 tf_resource_type=proxmox_virtual_environment_vm tf_rpc=ApplyResourceChange Pragma=no-cache Server=pve-api-daemon/3.0 @module=proxmox Content-Length=264 Content-Type=application/json;charset=UTF-8 Date="Mon, 01 Jun 2026 20:05:04 GMT" Expires="Mon, 01 Jun 2026 20:05:04 GMT" tf_http_res_status_reason="200 OK" tf_mux_provider=tf5to6server.v5tov6Server tf_provider_addr=registry.terraform.io/bpg/proxmox tf_http_op_type=response @caller=/home/runner/go/pkg/mod/github.com/hashicorp/terraform-plugin-sdk/v2@v2.40.1/helper/logging/logging_http_transport.go:162 Cache-Control=max-age=0 tf_http_res_status_code=200 tf_http_trans_id=0a3cebf6-7847-bd23-72f4-8259d6095d80 tf_req_id=eef2f2d8-605e-7de7-db76-a92c64e24632 tf_http_res_body="{\"data\":{\"pid\":3329329,\"status\":\"running\",\"pstart\":30069290,\"id\":\"666\",\"node\":\"s12\",\"type\":\"qmclone\",\"tokenid\":\"terraform-token\",\"starttime\":1780344292,\"upid\":\"UPID:s12:0032CD31:01CAD22A:6A1DE5E4:qmclone:666:terraform@pve!terraform-token:\",\"user\":\"terraform@pve\"}}" timestamp="2026-06-01T22:05:04.057+0200"
2026-06-01T22:05:05.058+0200 [DEBUG] provider.terraform-provider-proxmox_v0.108.0: Sending HTTP Request: @module=proxmox Accept=application/json User-Agent=Go-http-client/1.1 tf_http_req_body="" tf_http_op_type=request tf_req_id=eef2f2d8-605e-7de7-db76-a92c64e24632 tf_resource_type=proxmox_virtual_environment_vm tf_rpc=ApplyResourceChange Authorization="PVEAPIToken=terraform@pve!terraform-token=2df6cbb0-ee6b-4e44-9b47-38e10d58bb3b" tf_http_req_uri="/api2/json/nodes/s12/tasks/UPID:s12:0032CD31:01CAD22A:6A1DE5E4:qmclone:666:terraform@pve%21terraform-token:/status" tf_mux_provider=tf5to6server.v5tov6Server tf_provider_addr=registry.terraform.io/bpg/proxmox Accept-Encoding=gzip Host=10.4.10.10:8006 tf_http_req_method=GET tf_http_req_version=HTTP/1.1 tf_http_trans_id=e85f78ef-a172-36dc-c52f-76e56fa518db @caller=/home/runner/go/pkg/mod/github.com/hashicorp/terraform-plugin-sdk/v2@v2.40.1/helper/logging/logging_http_transport.go:162 timestamp="2026-06-01T22:05:05.058+0200"
2026-06-01T22:05:05.076+0200 [DEBUG] provider.terraform-provider-proxmox_v0.108.0: Received HTTP Response: Content-Type=application/json;charset=UTF-8 tf_http_op_type=response tf_http_res_body="{\"data\":{\"id\":\"666\",\"pstart\":30069290,\"status\":\"running\",\"pid\":3329329,\"type\":\"qmclone\",\"node\":\"s12\",\"user\":\"terraform@pve\",\"upid\":\"UPID:s12:0032CD31:01CAD22A:6A1DE5E4:qmclone:666:terraform@pve!terraform-token:\",\"starttime\":1780344292,\"tokenid\":\"terraform-token\"}}" tf_http_res_status_reason="200 OK" tf_mux_provider=tf5to6server.v5tov6Server tf_resource_type=proxmox_virtual_environment_vm @caller=/home/runner/go/pkg/mod/github.com/hashicorp/terraform-plugin-sdk/v2@v2.40.1/helper/logging/logging_http_transport.go:162 Cache-Control=max-age=0 Expires="Mon, 01 Jun 2026 20:05:05 GMT" Server=pve-api-daemon/3.0 @module=proxmox Content-Length=264 Pragma=no-cache tf_http_res_status_code=200 tf_http_trans_id=e85f78ef-a172-36dc-c52f-76e56fa518db Date="Mon, 01 Jun 2026 20:05:05 GMT" tf_http_res_version=HTTP/1.1 tf_provider_addr=registry.terraform.io/bpg/proxmox tf_req_id=eef2f2d8-605e-7de7-db76-a92c64e24632 tf_rpc=ApplyResourceChange timestamp="2026-06-01T22:05:05.076+0200"
2026-06-01T22:05:06.077+0200 [DEBUG] provider.terraform-provider-proxmox_v0.108.0: Sending HTTP Request: Host=10.4.10.10:8006 tf_http_req_body="" tf_http_trans_id=f98a93bb-c737-b8b9-2d77-30a11a875099 tf_req_id=eef2f2d8-605e-7de7-db76-a92c64e24632 tf_rpc=ApplyResourceChange Accept=application/json tf_mux_provider=tf5to6server.v5tov6Server @caller=/home/runner/go/pkg/mod/github.com/hashicorp/terraform-plugin-sdk/v2@v2.40.1/helper/logging/logging_http_transport.go:162 tf_http_req_method=GET tf_resource_type=proxmox_virtual_environment_vm @module=proxmox Accept-Encoding=gzip User-Agent=Go-http-client/1.1 tf_http_op_type=request tf_http_req_uri="/api2/json/nodes/s12/tasks/UPID:s12:0032CD31:01CAD22A:6A1DE5E4:qmclone:666:terraform@pve%21terraform-token:/status" tf_http_req_version=HTTP/1.1 tf_provider_addr=registry.terraform.io/bpg/proxmox Authorization="PVEAPIToken=terraform@pve!terraform-token=2df6cbb0-ee6b-4e44-9b47-38e10d58bb3b" timestamp="2026-06-01T22:05:06.077+0200"
2026-06-01T22:05:06.096+0200 [DEBUG] provider.terraform-provider-proxmox_v0.108.0: Received HTTP Response: @caller=/home/runner/go/pkg/mod/github.com/hashicorp/terraform-plugin-sdk/v2@v2.40.1/helper/logging/logging_http_transport.go:162 Expires="Mon, 01 Jun 2026 20:05:06 GMT" Pragma=no-cache tf_http_res_status_reason="200 OK" @module=proxmox Cache-Control=max-age=0 Content-Length=264 tf_mux_provider=tf5to6server.v5tov6Server Content-Type=application/json;charset=UTF-8 Date="Mon, 01 Jun 2026 20:05:06 GMT" tf_http_op_type=response tf_http_res_body="{\"data\":{\"node\":\"s12\",\"type\":\"qmclone\",\"starttime\":1780344292,\"tokenid\":\"terraform-token\",\"user\":\"terraform@pve\",\"upid\":\"UPID:s12:0032CD31:01CAD22A:6A1DE5E4:qmclone:666:terraform@pve!terraform-token:\",\"status\":\"running\",\"pid\":3329329,\"id\":\"666\",\"pstart\":30069290}}" tf_http_res_version=HTTP/1.1 tf_http_trans_id=f98a93bb-c737-b8b9-2d77-30a11a875099 tf_provider_addr=registry.terraform.io/bpg/proxmox Server=pve-api-daemon/3.0 tf_http_res_status_code=200 tf_req_id=eef2f2d8-605e-7de7-db76-a92c64e24632 tf_resource_type=proxmox_virtual_environment_vm tf_rpc=ApplyResourceChange timestamp="2026-06-01T22:05:06.096+0200"
2026-06-01T22:05:07.097+0200 [DEBUG] provider.terraform-provider-proxmox_v0.108.0: Sending HTTP Request: tf_http_req_version=HTTP/1.1 tf_req_id=eef2f2d8-605e-7de7-db76-a92c64e24632 tf_rpc=ApplyResourceChange @caller=/home/runner/go/pkg/mod/github.com/hashicorp/terraform-plugin-sdk/v2@v2.40.1/helper/logging/logging_http_transport.go:162 @module=proxmox Authorization="PVEAPIToken=terraform@pve!terraform-token=2df6cbb0-ee6b-4e44-9b47-38e10d58bb3b" tf_http_req_method=GET tf_mux_provider=tf5to6server.v5tov6Server tf_provider_addr=registry.terraform.io/bpg/proxmox Accept=application/json Accept-Encoding=gzip User-Agent=Go-http-client/1.1 tf_http_op_type=request tf_http_req_uri="/api2/json/nodes/s12/tasks/UPID:s12:0032CD31:01CAD22A:6A1DE5E4:qmclone:666:terraform@pve%21terraform-token:/status" tf_http_trans_id=5605f594-7e28-8386-9f29-638f5d98b247 tf_resource_type=proxmox_virtual_environment_vm Host=10.4.10.10:8006 tf_http_req_body="" timestamp="2026-06-01T22:05:07.097+0200"
2026-06-01T22:05:07.117+0200 [DEBUG] provider.terraform-provider-proxmox_v0.108.0: Received HTTP Response: Cache-Control=max-age=0 Content-Type=application/json;charset=UTF-8 Pragma=no-cache tf_http_res_version=HTTP/1.1 tf_mux_provider=tf5to6server.v5tov6Server tf_req_id=eef2f2d8-605e-7de7-db76-a92c64e24632 tf_resource_type=proxmox_virtual_environment_vm Content-Length=264 Expires="Mon, 01 Jun 2026 20:05:07 GMT" Server=pve-api-daemon/3.0 tf_http_op_type=response tf_http_res_status_code=200 tf_rpc=ApplyResourceChange @module=proxmox tf_http_res_body="{\"data\":{\"starttime\":1780344292,\"tokenid\":\"terraform-token\",\"user\":\"terraform@pve\",\"upid\":\"UPID:s12:0032CD31:01CAD22A:6A1DE5E4:qmclone:666:terraform@pve!terraform-token:\",\"node\":\"s12\",\"type\":\"qmclone\",\"status\":\"running\",\"pid\":3329329,\"id\":\"666\",\"pstart\":30069290}}" tf_http_trans_id=5605f594-7e28-8386-9f29-638f5d98b247 tf_provider_addr=registry.terraform.io/bpg/proxmox @caller=/home/runner/go/pkg/mod/github.com/hashicorp/terraform-plugin-sdk/v2@v2.40.1/helper/logging/logging_http_transport.go:162 Date="Mon, 01 Jun 2026 20:05:07 GMT" tf_http_res_status_reason="200 OK" timestamp="2026-06-01T22:05:07.117+0200"
2026-06-01T22:05:08.118+0200 [DEBUG] provider.terraform-provider-proxmox_v0.108.0: Sending HTTP Request: Accept=application/json Accept-Encoding=gzip Authorization="PVEAPIToken=terraform@pve!terraform-token=2df6cbb0-ee6b-4e44-9b47-38e10d58bb3b" tf_http_req_body="" @caller=/home/runner/go/pkg/mod/github.com/hashicorp/terraform-plugin-sdk/v2@v2.40.1/helper/logging/logging_http_transport.go:162 @module=proxmox Host=10.4.10.10:8006 User-Agent=Go-http-client/1.1 tf_http_req_method=GET tf_http_req_version=HTTP/1.1 tf_req_id=eef2f2d8-605e-7de7-db76-a92c64e24632 tf_http_req_uri="/api2/json/nodes/s12/tasks/UPID:s12:0032CD31:01CAD22A:6A1DE5E4:qmclone:666:terraform@pve%21terraform-token:/status" tf_http_trans_id=b4ea47d4-cd21-8a6e-a67d-13223982a13d tf_mux_provider=tf5to6server.v5tov6Server tf_provider_addr=registry.terraform.io/bpg/proxmox tf_resource_type=proxmox_virtual_environment_vm tf_rpc=ApplyResourceChange tf_http_op_type=request timestamp="2026-06-01T22:05:08.118+0200"
2026-06-01T22:05:08.136+0200 [DEBUG] provider.terraform-provider-proxmox_v0.108.0: Received HTTP Response: Content-Type=application/json;charset=UTF-8 tf_http_res_status_code=200 tf_http_trans_id=b4ea47d4-cd21-8a6e-a67d-13223982a13d tf_req_id=eef2f2d8-605e-7de7-db76-a92c64e24632 tf_rpc=ApplyResourceChange tf_http_op_type=response tf_http_res_body="{\"data\":{\"node\":\"s12\",\"type\":\"qmclone\",\"tokenid\":\"terraform-token\",\"starttime\":1780344292,\"upid\":\"UPID:s12:0032CD31:01CAD22A:6A1DE5E4:qmclone:666:terraform@pve!terraform-token:\",\"user\":\"terraform@pve\",\"status\":\"running\",\"pid\":3329329,\"pstart\":30069290,\"id\":\"666\"}}" Cache-Control=max-age=0 Content-Length=264 Date="Mon, 01 Jun 2026 20:05:08 GMT" tf_http_res_status_reason="200 OK" @module=proxmox Expires="Mon, 01 Jun 2026 20:05:08 GMT" Pragma=no-cache Server=pve-api-daemon/3.0 tf_http_res_version=HTTP/1.1 tf_mux_provider=tf5to6server.v5tov6Server tf_provider_addr=registry.terraform.io/bpg/proxmox tf_resource_type=proxmox_virtual_environment_vm @caller=/home/runner/go/pkg/mod/github.com/hashicorp/terraform-plugin-sdk/v2@v2.40.1/helper/logging/logging_http_transport.go:162 timestamp="2026-06-01T22:05:08.135+0200"
2026-06-01T22:05:09.136+0200 [DEBUG] provider.terraform-provider-proxmox_v0.108.0: Sending HTTP Request: Authorization="PVEAPIToken=terraform@pve!terraform-token=2df6cbb0-ee6b-4e44-9b47-38e10d58bb3b" User-Agent=Go-http-client/1.1 tf_http_req_uri="/api2/json/nodes/s12/tasks/UPID:s12:0032CD31:01CAD22A:6A1DE5E4:qmclone:666:terraform@pve%21terraform-token:/status" tf_http_req_version=HTTP/1.1 tf_http_trans_id=57abf867-7f21-37dd-33ae-d7af9acf5e1d tf_resource_type=proxmox_virtual_environment_vm Accept=application/json Accept-Encoding=gzip Host=10.4.10.10:8006 tf_http_op_type=request tf_http_req_method=GET tf_http_req_body="" tf_mux_provider=tf5to6server.v5tov6Server tf_provider_addr=registry.terraform.io/bpg/proxmox tf_req_id=eef2f2d8-605e-7de7-db76-a92c64e24632 @caller=/home/runner/go/pkg/mod/github.com/hashicorp/terraform-plugin-sdk/v2@v2.40.1/helper/logging/logging_http_transport.go:162 @module=proxmox tf_rpc=ApplyResourceChange timestamp="2026-06-01T22:05:09.136+0200"
2026-06-01T22:05:09.157+0200 [DEBUG] provider.terraform-provider-proxmox_v0.108.0: Received HTTP Response: tf_http_res_status_code=200 tf_http_res_status_reason="200 OK" tf_http_res_version=HTTP/1.1 @module=proxmox Content-Type=application/json;charset=UTF-8 tf_http_op_type=response tf_http_res_body="{\"data\":{\"type\":\"qmclone\",\"node\":\"s12\",\"user\":\"terraform@pve\",\"upid\":\"UPID:s12:0032CD31:01CAD22A:6A1DE5E4:qmclone:666:terraform@pve!terraform-token:\",\"starttime\":1780344292,\"tokenid\":\"terraform-token\",\"id\":\"666\",\"pstart\":30069290,\"pid\":3329329,\"status\":\"running\"}}" tf_req_id=eef2f2d8-605e-7de7-db76-a92c64e24632 tf_rpc=ApplyResourceChange Cache-Control=max-age=0 Content-Length=264 Date="Mon, 01 Jun 2026 20:05:09 GMT" Pragma=no-cache Server=pve-api-daemon/3.0 tf_provider_addr=registry.terraform.io/bpg/proxmox @caller=/home/runner/go/pkg/mod/github.com/hashicorp/terraform-plugin-sdk/v2@v2.40.1/helper/logging/logging_http_transport.go:162 Expires="Mon, 01 Jun 2026 20:05:09 GMT" tf_http_trans_id=57abf867-7f21-37dd-33ae-d7af9acf5e1d tf_mux_provider=tf5to6server.v5tov6Server tf_resource_type=proxmox_virtual_environment_vm timestamp="2026-06-01T22:05:09.156+0200"
2026-06-01T22:05:10.157+0200 [DEBUG] provider.terraform-provider-proxmox_v0.108.0: Sending HTTP Request: @caller=/home/runner/go/pkg/mod/github.com/hashicorp/terraform-plugin-sdk/v2@v2.40.1/helper/logging/logging_http_transport.go:162 @module=proxmox Accept=application/json Host=10.4.10.10:8006 User-Agent=Go-http-client/1.1 tf_http_op_type=request tf_mux_provider=tf5to6server.v5tov6Server tf_resource_type=proxmox_virtual_environment_vm tf_http_req_version=HTTP/1.1 Authorization="PVEAPIToken=terraform@pve!terraform-token=2df6cbb0-ee6b-4e44-9b47-38e10d58bb3b" tf_http_req_uri="/api2/json/nodes/s12/tasks/UPID:s12:0032CD31:01CAD22A:6A1DE5E4:qmclone:666:terraform@pve%21terraform-token:/status" tf_http_trans_id=d92f4a58-eb8e-e925-8960-8a3dd53a5248 tf_provider_addr=registry.terraform.io/bpg/proxmox Accept-Encoding=gzip tf_http_req_body="" tf_http_req_method=GET tf_req_id=eef2f2d8-605e-7de7-db76-a92c64e24632 tf_rpc=ApplyResourceChange timestamp="2026-06-01T22:05:10.157+0200"
2026-06-01T22:05:10.175+0200 [DEBUG] provider.terraform-provider-proxmox_v0.108.0: Received HTTP Response: tf_provider_addr=registry.terraform.io/bpg/proxmox tf_rpc=ApplyResourceChange tf_http_op_type=response @caller=/home/runner/go/pkg/mod/github.com/hashicorp/terraform-plugin-sdk/v2@v2.40.1/helper/logging/logging_http_transport.go:162 Cache-Control=max-age=0 Expires="Mon, 01 Jun 2026 20:05:10 GMT" tf_http_res_status_code=200 tf_http_res_version=HTTP/1.1 tf_mux_provider=tf5to6server.v5tov6Server @module=proxmox tf_http_res_body="{\"data\":{\"pid\":3329329,\"status\":\"running\",\"pstart\":30069290,\"id\":\"666\",\"tokenid\":\"terraform-token\",\"starttime\":1780344292,\"upid\":\"UPID:s12:0032CD31:01CAD22A:6A1DE5E4:qmclone:666:terraform@pve!terraform-token:\",\"user\":\"terraform@pve\",\"node\":\"s12\",\"type\":\"qmclone\"}}" tf_req_id=eef2f2d8-605e-7de7-db76-a92c64e24632 tf_resource_type=proxmox_virtual_environment_vm Server=pve-api-daemon/3.0 Content-Type=application/json;charset=UTF-8 Pragma=no-cache tf_http_res_status_reason="200 OK" Content-Length=264 Date="Mon, 01 Jun 2026 20:05:10 GMT" tf_http_trans_id=d92f4a58-eb8e-e925-8960-8a3dd53a5248 timestamp="2026-06-01T22:05:10.175+0200"
2026-06-01T22:05:11.176+0200 [DEBUG] provider.terraform-provider-proxmox_v0.108.0: Sending HTTP Request: tf_http_trans_id=93de2c2e-4c82-fe6b-ab93-5742cbba09e8 tf_req_id=eef2f2d8-605e-7de7-db76-a92c64e24632 Authorization="PVEAPIToken=terraform@pve!terraform-token=2df6cbb0-ee6b-4e44-9b47-38e10d58bb3b" Host=10.4.10.10:8006 tf_http_op_type=request tf_http_req_method=GET Accept=application/json tf_http_req_version=HTTP/1.1 @module=proxmox Accept-Encoding=gzip tf_mux_provider=tf5to6server.v5tov6Server tf_provider_addr=registry.terraform.io/bpg/proxmox tf_resource_type=proxmox_virtual_environment_vm tf_rpc=ApplyResourceChange @caller=/home/runner/go/pkg/mod/github.com/hashicorp/terraform-plugin-sdk/v2@v2.40.1/helper/logging/logging_http_transport.go:162 User-Agent=Go-http-client/1.1 tf_http_req_body="" tf_http_req_uri="/api2/json/nodes/s12/tasks/UPID:s12:0032CD31:01CAD22A:6A1DE5E4:qmclone:666:terraform@pve%21terraform-token:/status" timestamp="2026-06-01T22:05:11.175+0200"
2026-06-01T22:05:11.193+0200 [DEBUG] provider.terraform-provider-proxmox_v0.108.0: Received HTTP Response: Pragma=no-cache tf_http_res_body="{\"data\":{\"upid\":\"UPID:s12:0032CD31:01CAD22A:6A1DE5E4:qmclone:666:terraform@pve!terraform-token:\",\"user\":\"terraform@pve\",\"tokenid\":\"terraform-token\",\"starttime\":1780344292,\"type\":\"qmclone\",\"node\":\"s12\",\"pstart\":30069290,\"id\":\"666\",\"pid\":3329329,\"status\":\"running\"}}" tf_http_res_status_reason="200 OK" tf_http_res_version=HTTP/1.1 tf_mux_provider=tf5to6server.v5tov6Server Cache-Control=max-age=0 Content-Length=264 Server=pve-api-daemon/3.0 @caller=/home/runner/go/pkg/mod/github.com/hashicorp/terraform-plugin-sdk/v2@v2.40.1/helper/logging/logging_http_transport.go:162 Date="Mon, 01 Jun 2026 20:05:11 GMT" tf_http_res_status_code=200 tf_provider_addr=registry.terraform.io/bpg/proxmox tf_req_id=eef2f2d8-605e-7de7-db76-a92c64e24632 tf_rpc=ApplyResourceChange Content-Type=application/json;charset=UTF-8 Expires="Mon, 01 Jun 2026 20:05:11 GMT" tf_http_op_type=response tf_http_trans_id=93de2c2e-4c82-fe6b-ab93-5742cbba09e8 tf_resource_type=proxmox_virtual_environment_vm @module=proxmox timestamp="2026-06-01T22:05:11.193+0200"
2026-06-01T22:05:12.194+0200 [DEBUG] provider.terraform-provider-proxmox_v0.108.0: Sending HTTP Request: tf_req_id=eef2f2d8-605e-7de7-db76-a92c64e24632 tf_rpc=ApplyResourceChange tf_mux_provider=tf5to6server.v5tov6Server tf_resource_type=proxmox_virtual_environment_vm @caller=/home/runner/go/pkg/mod/github.com/hashicorp/terraform-plugin-sdk/v2@v2.40.1/helper/logging/logging_http_transport.go:162 Host=10.4.10.10:8006 User-Agent=Go-http-client/1.1 tf_http_req_body="" tf_http_req_method=GET tf_http_req_uri="/api2/json/nodes/s12/tasks/UPID:s12:0032CD31:01CAD22A:6A1DE5E4:qmclone:666:terraform@pve%21terraform-token:/status" tf_http_trans_id=4ae4f8c4-f703-742d-052c-ab75674df98d @module=proxmox Accept=application/json Accept-Encoding=gzip Authorization="PVEAPIToken=terraform@pve!terraform-token=2df6cbb0-ee6b-4e44-9b47-38e10d58bb3b" tf_http_op_type=request tf_http_req_version=HTTP/1.1 tf_provider_addr=registry.terraform.io/bpg/proxmox timestamp="2026-06-01T22:05:12.194+0200"
2026-06-01T22:05:12.213+0200 [DEBUG] provider.terraform-provider-proxmox_v0.108.0: Received HTTP Response: tf_http_trans_id=4ae4f8c4-f703-742d-052c-ab75674df98d tf_provider_addr=registry.terraform.io/bpg/proxmox @module=proxmox Content-Type=application/json;charset=UTF-8 Pragma=no-cache tf_http_op_type=response tf_http_res_body="{\"data\":{\"pid\":3329329,\"status\":\"running\",\"id\":\"666\",\"pstart\":30069290,\"node\":\"s12\",\"type\":\"qmclone\",\"starttime\":1780344292,\"tokenid\":\"terraform-token\",\"user\":\"terraform@pve\",\"upid\":\"UPID:s12:0032CD31:01CAD22A:6A1DE5E4:qmclone:666:terraform@pve!terraform-token:\"}}" tf_http_res_status_reason="200 OK" tf_resource_type=proxmox_virtual_environment_vm @caller=/home/runner/go/pkg/mod/github.com/hashicorp/terraform-plugin-sdk/v2@v2.40.1/helper/logging/logging_http_transport.go:162 Date="Mon, 01 Jun 2026 20:05:12 GMT" tf_http_res_version=HTTP/1.1 Expires="Mon, 01 Jun 2026 20:05:12 GMT" Server=pve-api-daemon/3.0 tf_http_res_status_code=200 tf_mux_provider=tf5to6server.v5tov6Server tf_req_id=eef2f2d8-605e-7de7-db76-a92c64e24632 tf_rpc=ApplyResourceChange Cache-Control=max-age=0 Content-Length=264 timestamp="2026-06-01T22:05:12.212+0200"
2026-06-01T22:05:13.213+0200 [DEBUG] provider.terraform-provider-proxmox_v0.108.0: Sending HTTP Request: User-Agent=Go-http-client/1.1 tf_http_req_method=GET @module=proxmox Accept=application/json Accept-Encoding=gzip tf_http_op_type=request tf_http_req_version=HTTP/1.1 tf_mux_provider=tf5to6server.v5tov6Server tf_req_id=eef2f2d8-605e-7de7-db76-a92c64e24632 Authorization="PVEAPIToken=terraform@pve!terraform-token=2df6cbb0-ee6b-4e44-9b47-38e10d58bb3b" tf_http_req_uri="/api2/json/nodes/s12/tasks/UPID:s12:0032CD31:01CAD22A:6A1DE5E4:qmclone:666:terraform@pve%21terraform-token:/status" tf_http_trans_id=a0b8f785-6be3-6c5e-abba-759faf663ec6 tf_provider_addr=registry.terraform.io/bpg/proxmox tf_rpc=ApplyResourceChange Host=10.4.10.10:8006 tf_http_req_body="" tf_resource_type=proxmox_virtual_environment_vm @caller=/home/runner/go/pkg/mod/github.com/hashicorp/terraform-plugin-sdk/v2@v2.40.1/helper/logging/logging_http_transport.go:162 timestamp="2026-06-01T22:05:13.213+0200"
2026-06-01T22:05:13.233+0200 [DEBUG] provider.terraform-provider-proxmox_v0.108.0: Received HTTP Response: Content-Length=264 Pragma=no-cache tf_http_res_version=HTTP/1.1 tf_mux_provider=tf5to6server.v5tov6Server tf_req_id=eef2f2d8-605e-7de7-db76-a92c64e24632 Cache-Control=max-age=0 Content-Type=application/json;charset=UTF-8 tf_http_op_type=response tf_http_res_status_reason="200 OK" tf_rpc=ApplyResourceChange Date="Mon, 01 Jun 2026 20:05:13 GMT" Server=pve-api-daemon/3.0 tf_http_res_body="{\"data\":{\"type\":\"qmclone\",\"node\":\"s12\",\"upid\":\"UPID:s12:0032CD31:01CAD22A:6A1DE5E4:qmclone:666:terraform@pve!terraform-token:\",\"user\":\"terraform@pve\",\"tokenid\":\"terraform-token\",\"starttime\":1780344292,\"pstart\":30069290,\"id\":\"666\",\"pid\":3329329,\"status\":\"running\"}}" tf_resource_type=proxmox_virtual_environment_vm @caller=/home/runner/go/pkg/mod/github.com/hashicorp/terraform-plugin-sdk/v2@v2.40.1/helper/logging/logging_http_transport.go:162 @module=proxmox Expires="Mon, 01 Jun 2026 20:05:13 GMT" tf_http_res_status_code=200 tf_http_trans_id=a0b8f785-6be3-6c5e-abba-759faf663ec6 tf_provider_addr=registry.terraform.io/bpg/proxmox timestamp="2026-06-01T22:05:13.233+0200"
2026-06-01T22:05:14.234+0200 [DEBUG] provider.terraform-provider-proxmox_v0.108.0: Sending HTTP Request: tf_http_req_version=HTTP/1.1 tf_rpc=ApplyResourceChange Accept=application/json tf_http_req_method=GET tf_http_req_uri="/api2/json/nodes/s12/tasks/UPID:s12:0032CD31:01CAD22A:6A1DE5E4:qmclone:666:terraform@pve%21terraform-token:/status" tf_mux_provider=tf5to6server.v5tov6Server tf_req_id=eef2f2d8-605e-7de7-db76-a92c64e24632 @caller=/home/runner/go/pkg/mod/github.com/hashicorp/terraform-plugin-sdk/v2@v2.40.1/helper/logging/logging_http_transport.go:162 Accept-Encoding=gzip Authorization="PVEAPIToken=terraform@pve!terraform-token=2df6cbb0-ee6b-4e44-9b47-38e10d58bb3b" Host=10.4.10.10:8006 User-Agent=Go-http-client/1.1 @module=proxmox tf_http_op_type=request tf_http_req_body="" tf_http_trans_id=c9399cc4-83c0-dd0a-3f3d-1976657b0b15 tf_provider_addr=registry.terraform.io/bpg/proxmox tf_resource_type=proxmox_virtual_environment_vm timestamp="2026-06-01T22:05:14.234+0200"
2026-06-01T22:05:14.253+0200 [DEBUG] provider.terraform-provider-proxmox_v0.108.0: Received HTTP Response: Content-Length=264 Content-Type=application/json;charset=UTF-8 tf_http_op_type=response tf_http_res_body="{\"data\":{\"node\":\"s12\",\"type\":\"qmclone\",\"starttime\":1780344292,\"tokenid\":\"terraform-token\",\"user\":\"terraform@pve\",\"upid\":\"UPID:s12:0032CD31:01CAD22A:6A1DE5E4:qmclone:666:terraform@pve!terraform-token:\",\"pid\":3329329,\"status\":\"running\",\"id\":\"666\",\"pstart\":30069290}}" tf_http_res_status_reason="200 OK" tf_req_id=eef2f2d8-605e-7de7-db76-a92c64e24632 @caller=/home/runner/go/pkg/mod/github.com/hashicorp/terraform-plugin-sdk/v2@v2.40.1/helper/logging/logging_http_transport.go:162 @module=proxmox Expires="Mon, 01 Jun 2026 20:05:14 GMT" Pragma=no-cache tf_http_trans_id=c9399cc4-83c0-dd0a-3f3d-1976657b0b15 tf_provider_addr=registry.terraform.io/bpg/proxmox tf_resource_type=proxmox_virtual_environment_vm Cache-Control=max-age=0 tf_http_res_status_code=200 tf_http_res_version=HTTP/1.1 Date="Mon, 01 Jun 2026 20:05:14 GMT" Server=pve-api-daemon/3.0 tf_mux_provider=tf5to6server.v5tov6Server tf_rpc=ApplyResourceChange timestamp="2026-06-01T22:05:14.253+0200"
2026-06-01T22:05:15.254+0200 [DEBUG] provider.terraform-provider-proxmox_v0.108.0: Sending HTTP Request: tf_http_req_method=GET Accept=application/json Accept-Encoding=gzip tf_http_req_uri="/api2/json/nodes/s12/tasks/UPID:s12:0032CD31:01CAD22A:6A1DE5E4:qmclone:666:terraform@pve%21terraform-token:/status" tf_http_trans_id=66929647-de81-fd48-2b0e-ab3788d53843 tf_mux_provider=tf5to6server.v5tov6Server tf_provider_addr=registry.terraform.io/bpg/proxmox @module=proxmox tf_http_req_body="" tf_http_req_version=HTTP/1.1 tf_req_id=eef2f2d8-605e-7de7-db76-a92c64e24632 tf_resource_type=proxmox_virtual_environment_vm tf_rpc=ApplyResourceChange Host=10.4.10.10:8006 tf_http_op_type=request @caller=/home/runner/go/pkg/mod/github.com/hashicorp/terraform-plugin-sdk/v2@v2.40.1/helper/logging/logging_http_transport.go:162 Authorization="PVEAPIToken=terraform@pve!terraform-token=2df6cbb0-ee6b-4e44-9b47-38e10d58bb3b" User-Agent=Go-http-client/1.1 timestamp="2026-06-01T22:05:15.254+0200"
2026-06-01T22:05:15.271+0200 [DEBUG] provider.terraform-provider-proxmox_v0.108.0: Received HTTP Response: Content-Type=application/json;charset=UTF-8 Server=pve-api-daemon/3.0 tf_resource_type=proxmox_virtual_environment_vm Cache-Control=max-age=0 Date="Mon, 01 Jun 2026 20:05:15 GMT" Pragma=no-cache tf_http_res_body="{\"data\":{\"status\":\"stopped\",\"pstart\":30069290,\"type\":\"qmclone\",\"pid\":3329329,\"id\":\"666\",\"tokenid\":\"terraform-token\",\"starttime\":1780344292,\"upid\":\"UPID:s12:0032CD31:01CAD22A:6A1DE5E4:qmclone:666:terraform@pve!terraform-token:\",\"exitstatus\":\"OK\",\"user\":\"terraform@pve\",\"node\":\"s12\"}}" tf_http_res_status_code=200 tf_mux_provider=tf5to6server.v5tov6Server tf_provider_addr=registry.terraform.io/bpg/proxmox tf_http_op_type=response Expires="Mon, 01 Jun 2026 20:05:15 GMT" tf_http_res_status_reason="200 OK" tf_http_res_version=HTTP/1.1 Content-Length=282 tf_http_trans_id=66929647-de81-fd48-2b0e-ab3788d53843 tf_req_id=eef2f2d8-605e-7de7-db76-a92c64e24632 tf_rpc=ApplyResourceChange @caller=/home/runner/go/pkg/mod/github.com/hashicorp/terraform-plugin-sdk/v2@v2.40.1/helper/logging/logging_http_transport.go:162 @module=proxmox timestamp="2026-06-01T22:05:15.271+0200"
2026-06-01T22:05:15.271+0200 [DEBUG] provider.terraform-provider-proxmox_v0.108.0: Sending HTTP Request: Accept=application/json tf_http_req_body="" tf_rpc=ApplyResourceChange @module=proxmox Host=10.4.10.10:8006 User-Agent=Go-http-client/1.1 tf_http_req_method=GET tf_mux_provider=tf5to6server.v5tov6Server tf_req_id=eef2f2d8-605e-7de7-db76-a92c64e24632 @caller=/home/runner/go/pkg/mod/github.com/hashicorp/terraform-plugin-sdk/v2@v2.40.1/helper/logging/logging_http_transport.go:162 Accept-Encoding=gzip tf_http_op_type=request tf_http_req_version=HTTP/1.1 tf_http_trans_id=ea8f976d-993f-2f24-4ef0-de659b34fcba tf_provider_addr=registry.terraform.io/bpg/proxmox tf_resource_type=proxmox_virtual_environment_vm Authorization="PVEAPIToken=terraform@pve!terraform-token=2df6cbb0-ee6b-4e44-9b47-38e10d58bb3b" tf_http_req_uri=/api2/json/nodes/s12/qemu/115/status/current timestamp="2026-06-01T22:05:15.271+0200"
2026-06-01T22:05:15.277+0200 [DEBUG] provider.terraform-provider-proxmox_v0.108.0: Received HTTP Response: @caller=/home/runner/go/pkg/mod/github.com/hashicorp/terraform-plugin-sdk/v2@v2.40.1/helper/logging/logging_http_transport.go:162 Content-Length=72 Expires="Mon, 01 Jun 2026 20:05:15 GMT" Pragma=no-cache Server=pve-api-daemon/3.0 tf_http_op_type=response tf_mux_provider=tf5to6server.v5tov6Server tf_provider_addr=registry.terraform.io/bpg/proxmox @module=proxmox Content-Type=application/json;charset=UTF-8 tf_http_res_body="{\"message\":\"Permission check failed (/vms/115, VM.Audit)\n\",\"data\":null}" tf_http_res_status_code=403 Date="Mon, 01 Jun 2026 20:05:15 GMT" tf_http_res_status_reason="403 Permission check failed (/vms/115, VM.Audit)" tf_http_res_version=HTTP/1.1 tf_http_trans_id=ea8f976d-993f-2f24-4ef0-de659b34fcba Cache-Control=max-age=0 tf_req_id=eef2f2d8-605e-7de7-db76-a92c64e24632 tf_resource_type=proxmox_virtual_environment_vm tf_rpc=ApplyResourceChange timestamp="2026-06-01T22:05:15.277+0200"
2026-06-01T22:05:16.278+0200 [DEBUG] provider.terraform-provider-proxmox_v0.108.0: Sending HTTP Request: @caller=/home/runner/go/pkg/mod/github.com/hashicorp/terraform-plugin-sdk/v2@v2.40.1/helper/logging/logging_http_transport.go:162 Authorization="PVEAPIToken=terraform@pve!terraform-token=2df6cbb0-ee6b-4e44-9b47-38e10d58bb3b" tf_http_req_method=GET @module=proxmox Accept-Encoding=gzip User-Agent=Go-http-client/1.1 tf_http_op_type=request tf_http_req_version=HTTP/1.1 tf_provider_addr=registry.terraform.io/bpg/proxmox tf_resource_type=proxmox_virtual_environment_vm tf_rpc=ApplyResourceChange tf_http_req_uri=/api2/json/nodes/s12/qemu/115/status/current Accept=application/json Host=10.4.10.10:8006 tf_http_req_body="" tf_http_trans_id=78fa898e-8532-0101-e9b5-5f622da40eca tf_mux_provider=tf5to6server.v5tov6Server tf_req_id=eef2f2d8-605e-7de7-db76-a92c64e24632 timestamp="2026-06-01T22:05:16.278+0200"
2026-06-01T22:05:16.285+0200 [DEBUG] provider.terraform-provider-proxmox_v0.108.0: Received HTTP Response: tf_http_res_status_reason="403 Permission check failed (/vms/115, VM.Audit)" tf_provider_addr=registry.terraform.io/bpg/proxmox tf_http_res_version=HTTP/1.1 tf_http_trans_id=78fa898e-8532-0101-e9b5-5f622da40eca tf_resource_type=proxmox_virtual_environment_vm @module=proxmox Content-Length=72 Expires="Mon, 01 Jun 2026 20:05:16 GMT" tf_http_res_body="{\"message\":\"Permission check failed (/vms/115, VM.Audit)\n\",\"data\":null}" tf_mux_provider=tf5to6server.v5tov6Server tf_rpc=ApplyResourceChange @caller=/home/runner/go/pkg/mod/github.com/hashicorp/terraform-plugin-sdk/v2@v2.40.1/helper/logging/logging_http_transport.go:162 Cache-Control=max-age=0 Content-Type=application/json;charset=UTF-8 Server=pve-api-daemon/3.0 tf_http_op_type=response tf_http_res_status_code=403 tf_req_id=eef2f2d8-605e-7de7-db76-a92c64e24632 Date="Mon, 01 Jun 2026 20:05:16 GMT" Pragma=no-cache timestamp="2026-06-01T22:05:16.285+0200"
2026-06-01T22:05:17.287+0200 [DEBUG] provider.terraform-provider-proxmox_v0.108.0: Sending HTTP Request: tf_http_req_method=GET tf_http_req_version=HTTP/1.1 tf_http_op_type=request tf_http_req_uri=/api2/json/nodes/s12/qemu/115/status/current tf_mux_provider=tf5to6server.v5tov6Server User-Agent=Go-http-client/1.1 tf_http_req_body="" tf_http_trans_id=2a4ea5cc-bafd-b70d-1ec2-320dacfa0565 tf_resource_type=proxmox_virtual_environment_vm @module=proxmox Accept-Encoding=gzip Authorization="PVEAPIToken=terraform@pve!terraform-token=2df6cbb0-ee6b-4e44-9b47-38e10d58bb3b" tf_provider_addr=registry.terraform.io/bpg/proxmox tf_req_id=eef2f2d8-605e-7de7-db76-a92c64e24632 tf_rpc=ApplyResourceChange @caller=/home/runner/go/pkg/mod/github.com/hashicorp/terraform-plugin-sdk/v2@v2.40.1/helper/logging/logging_http_transport.go:162 Accept=application/json Host=10.4.10.10:8006 timestamp="2026-06-01T22:05:17.287+0200"
2026-06-01T22:05:17.295+0200 [DEBUG] provider.terraform-provider-proxmox_v0.108.0: Received HTTP Response: tf_http_res_body="{\"message\":\"Permission check failed (/vms/115, VM.Audit)\n\",\"data\":null}" @caller=/home/runner/go/pkg/mod/github.com/hashicorp/terraform-plugin-sdk/v2@v2.40.1/helper/logging/logging_http_transport.go:162 Content-Type=application/json;charset=UTF-8 Expires="Mon, 01 Jun 2026 20:05:17 GMT" Server=pve-api-daemon/3.0 tf_http_res_version=HTTP/1.1 @module=proxmox Content-Length=72 Date="Mon, 01 Jun 2026 20:05:17 GMT" tf_mux_provider=tf5to6server.v5tov6Server tf_req_id=eef2f2d8-605e-7de7-db76-a92c64e24632 tf_resource_type=proxmox_virtual_environment_vm Cache-Control=max-age=0 Pragma=no-cache tf_http_trans_id=2a4ea5cc-bafd-b70d-1ec2-320dacfa0565 tf_rpc=ApplyResourceChange tf_http_res_status_code=403 tf_http_res_status_reason="403 Permission check failed (/vms/115, VM.Audit)" tf_provider_addr=registry.terraform.io/bpg/proxmox tf_http_op_type=response timestamp="2026-06-01T22:05:17.295+0200"
2026-06-01T22:05:18.296+0200 [DEBUG] provider.terraform-provider-proxmox_v0.108.0: Sending HTTP Request: @caller=/home/runner/go/pkg/mod/github.com/hashicorp/terraform-plugin-sdk/v2@v2.40.1/helper/logging/logging_http_transport.go:162 @module=proxmox Authorization="PVEAPIToken=terraform@pve!terraform-token=2df6cbb0-ee6b-4e44-9b47-38e10d58bb3b" Host=10.4.10.10:8006 tf_http_req_body="" tf_http_req_method=GET tf_provider_addr=registry.terraform.io/bpg/proxmox tf_resource_type=proxmox_virtual_environment_vm tf_http_trans_id=6621c9f8-0702-c425-6380-a9feed744e77 tf_rpc=ApplyResourceChange tf_http_op_type=request tf_http_req_uri=/api2/json/nodes/s12/qemu/115/status/current tf_http_req_version=HTTP/1.1 tf_req_id=eef2f2d8-605e-7de7-db76-a92c64e24632 Accept=application/json Accept-Encoding=gzip User-Agent=Go-http-client/1.1 tf_mux_provider=tf5to6server.v5tov6Server timestamp="2026-06-01T22:05:18.296+0200"
2026-06-01T22:05:18.302+0200 [DEBUG] provider.terraform-provider-proxmox_v0.108.0: Received HTTP Response: @module=proxmox Cache-Control=max-age=0 Content-Length=72 Pragma=no-cache tf_mux_provider=tf5to6server.v5tov6Server tf_provider_addr=registry.terraform.io/bpg/proxmox tf_resource_type=proxmox_virtual_environment_vm @caller=/home/runner/go/pkg/mod/github.com/hashicorp/terraform-plugin-sdk/v2@v2.40.1/helper/logging/logging_http_transport.go:162 Expires="Mon, 01 Jun 2026 20:05:18 GMT" Server=pve-api-daemon/3.0 tf_http_op_type=response tf_req_id=eef2f2d8-605e-7de7-db76-a92c64e24632 tf_rpc=ApplyResourceChange Content-Type=application/json;charset=UTF-8 Date="Mon, 01 Jun 2026 20:05:18 GMT" tf_http_res_body="{\"data\":null,\"message\":\"Permission check failed (/vms/115, VM.Audit)\n\"}" tf_http_res_status_code=403 tf_http_res_status_reason="403 Permission check failed (/vms/115, VM.Audit)" tf_http_res_version=HTTP/1.1 tf_http_trans_id=6621c9f8-0702-c425-6380-a9feed744e77 timestamp="2026-06-01T22:05:18.302+0200"
2026-06-01T22:05:19.303+0200 [DEBUG] provider.terraform-provider-proxmox_v0.108.0: Sending HTTP Request: tf_http_req_method=GET tf_http_req_uri=/api2/json/nodes/s12/qemu/115/status/current tf_rpc=ApplyResourceChange @caller=/home/runner/go/pkg/mod/github.com/hashicorp/terraform-plugin-sdk/v2@v2.40.1/helper/logging/logging_http_transport.go:162 @module=proxmox Authorization="PVEAPIToken=terraform@pve!terraform-token=2df6cbb0-ee6b-4e44-9b47-38e10d58bb3b" Host=10.4.10.10:8006 tf_http_op_type=request tf_http_req_body="" tf_req_id=eef2f2d8-605e-7de7-db76-a92c64e24632 User-Agent=Go-http-client/1.1 tf_provider_addr=registry.terraform.io/bpg/proxmox tf_resource_type=proxmox_virtual_environment_vm tf_http_req_version=HTTP/1.1 tf_http_trans_id=fc2619f2-1421-84bc-5b26-096681d7a8fb tf_mux_provider=tf5to6server.v5tov6Server Accept=application/json Accept-Encoding=gzip timestamp="2026-06-01T22:05:19.303+0200"
2026-06-01T22:05:19.310+0200 [DEBUG] provider.terraform-provider-proxmox_v0.108.0: Received HTTP Response: @caller=/home/runner/go/pkg/mod/github.com/hashicorp/terraform-plugin-sdk/v2@v2.40.1/helper/logging/logging_http_transport.go:162 Content-Length=72 Content-Type=application/json;charset=UTF-8 Date="Mon, 01 Jun 2026 20:05:19 GMT" Expires="Mon, 01 Jun 2026 20:05:19 GMT" Pragma=no-cache tf_http_res_status_code=403 tf_req_id=eef2f2d8-605e-7de7-db76-a92c64e24632 Server=pve-api-daemon/3.0 tf_http_res_version=HTTP/1.1 tf_mux_provider=tf5to6server.v5tov6Server tf_provider_addr=registry.terraform.io/bpg/proxmox tf_resource_type=proxmox_virtual_environment_vm @module=proxmox Cache-Control=max-age=0 tf_http_op_type=response tf_http_res_body="{\"message\":\"Permission check failed (/vms/115, VM.Audit)\n\",\"data\":null}" tf_http_res_status_reason="403 Permission check failed (/vms/115, VM.Audit)" tf_http_trans_id=fc2619f2-1421-84bc-5b26-096681d7a8fb tf_rpc=ApplyResourceChange timestamp="2026-06-01T22:05:19.310+0200"
2026-06-01T22:05:20.310+0200 [DEBUG] provider.terraform-provider-proxmox_v0.108.0: Sending HTTP Request: @caller=/home/runner/go/pkg/mod/github.com/hashicorp/terraform-plugin-sdk/v2@v2.40.1/helper/logging/logging_http_transport.go:162 tf_http_op_type=request tf_provider_addr=registry.terraform.io/bpg/proxmox tf_req_id=eef2f2d8-605e-7de7-db76-a92c64e24632 tf_resource_type=proxmox_virtual_environment_vm @module=proxmox Authorization="PVEAPIToken=terraform@pve!terraform-token=2df6cbb0-ee6b-4e44-9b47-38e10d58bb3b" Host=10.4.10.10:8006 User-Agent=Go-http-client/1.1 tf_http_req_version=HTTP/1.1 tf_http_trans_id=d808ec5c-0953-63c5-237b-43b5faf1251b tf_rpc=ApplyResourceChange Accept=application/json Accept-Encoding=gzip tf_http_req_method=GET tf_http_req_body="" tf_http_req_uri=/api2/json/nodes/s12/qemu/115/status/current tf_mux_provider=tf5to6server.v5tov6Server timestamp="2026-06-01T22:05:20.310+0200"
2026-06-01T22:05:20.318+0200 [DEBUG] provider.terraform-provider-proxmox_v0.108.0: Received HTTP Response: Cache-Control=max-age=0 tf_http_op_type=response tf_http_res_status_reason="403 Permission check failed (/vms/115, VM.Audit)" tf_req_id=eef2f2d8-605e-7de7-db76-a92c64e24632 tf_rpc=ApplyResourceChange Content-Length=72 Date="Mon, 01 Jun 2026 20:05:20 GMT" Pragma=no-cache Server=pve-api-daemon/3.0 tf_http_res_version=HTTP/1.1 tf_http_trans_id=d808ec5c-0953-63c5-237b-43b5faf1251b tf_mux_provider=tf5to6server.v5tov6Server tf_resource_type=proxmox_virtual_environment_vm @module=proxmox Content-Type=application/json;charset=UTF-8 tf_http_res_status_code=403 tf_provider_addr=registry.terraform.io/bpg/proxmox @caller=/home/runner/go/pkg/mod/github.com/hashicorp/terraform-plugin-sdk/v2@v2.40.1/helper/logging/logging_http_transport.go:162 Expires="Mon, 01 Jun 2026 20:05:20 GMT" tf_http_res_body="{\"data\":null,\"message\":\"Permission check failed (/vms/115, VM.Audit)\n\"}" timestamp="2026-06-01T22:05:20.317+0200"
2026-06-01T22:05:21.318+0200 [DEBUG] provider.terraform-provider-proxmox_v0.108.0: Sending HTTP Request: tf_mux_provider=tf5to6server.v5tov6Server tf_rpc=ApplyResourceChange Accept-Encoding=gzip Host=10.4.10.10:8006 tf_http_op_type=request tf_resource_type=proxmox_virtual_environment_vm Accept=application/json tf_http_req_uri=/api2/json/nodes/s12/qemu/115/status/current tf_http_trans_id=489e46d9-24c0-1042-2bd0-ed84c6fde1b7 tf_provider_addr=registry.terraform.io/bpg/proxmox tf_req_id=eef2f2d8-605e-7de7-db76-a92c64e24632 tf_http_req_method=GET @caller=/home/runner/go/pkg/mod/github.com/hashicorp/terraform-plugin-sdk/v2@v2.40.1/helper/logging/logging_http_transport.go:162 @module=proxmox Authorization="PVEAPIToken=terraform@pve!terraform-token=2df6cbb0-ee6b-4e44-9b47-38e10d58bb3b" tf_http_req_body="" tf_http_req_version=HTTP/1.1 User-Agent=Go-http-client/1.1 timestamp="2026-06-01T22:05:21.318+0200"
2026-06-01T22:05:21.325+0200 [DEBUG] provider.terraform-provider-proxmox_v0.108.0: Received HTTP Response: Content-Type=application/json;charset=UTF-8 Pragma=no-cache Server=pve-api-daemon/3.0 tf_mux_provider=tf5to6server.v5tov6Server @caller=/home/runner/go/pkg/mod/github.com/hashicorp/terraform-plugin-sdk/v2@v2.40.1/helper/logging/logging_http_transport.go:162 Cache-Control=max-age=0 tf_provider_addr=registry.terraform.io/bpg/proxmox Date="Mon, 01 Jun 2026 20:05:21 GMT" Expires="Mon, 01 Jun 2026 20:05:21 GMT" tf_http_res_body="{\"data\":null,\"message\":\"Permission check failed (/vms/115, VM.Audit)\n\"}" tf_http_trans_id=489e46d9-24c0-1042-2bd0-ed84c6fde1b7 tf_req_id=eef2f2d8-605e-7de7-db76-a92c64e24632 tf_resource_type=proxmox_virtual_environment_vm tf_rpc=ApplyResourceChange @module=proxmox tf_http_op_type=response tf_http_res_status_code=403 tf_http_res_status_reason="403 Permission check failed (/vms/115, VM.Audit)" tf_http_res_version=HTTP/1.1 Content-Length=72 timestamp="2026-06-01T22:05:21.325+0200"
2026-06-01T22:05:22.325+0200 [DEBUG] provider.terraform-provider-proxmox_v0.108.0: Sending HTTP Request: Host=10.4.10.10:8006 tf_http_req_uri=/api2/json/nodes/s12/qemu/115/status/current @module=proxmox Accept=application/json Authorization="PVEAPIToken=terraform@pve!terraform-token=2df6cbb0-ee6b-4e44-9b47-38e10d58bb3b" tf_http_req_body="" tf_http_req_version=HTTP/1.1 tf_req_id=eef2f2d8-605e-7de7-db76-a92c64e24632 tf_http_op_type=request tf_http_req_method=GET tf_http_trans_id=89cf8563-b336-09d8-10a7-5c376478dde7 tf_mux_provider=tf5to6server.v5tov6Server tf_provider_addr=registry.terraform.io/bpg/proxmox @caller=/home/runner/go/pkg/mod/github.com/hashicorp/terraform-plugin-sdk/v2@v2.40.1/helper/logging/logging_http_transport.go:162 Accept-Encoding=gzip User-Agent=Go-http-client/1.1 tf_resource_type=proxmox_virtual_environment_vm tf_rpc=ApplyResourceChange timestamp="2026-06-01T22:05:22.325+0200"
2026-06-01T22:05:22.333+0200 [DEBUG] provider.terraform-provider-proxmox_v0.108.0: Received HTTP Response: tf_http_op_type=response tf_http_res_version=HTTP/1.1 tf_mux_provider=tf5to6server.v5tov6Server tf_rpc=ApplyResourceChange @caller=/home/runner/go/pkg/mod/github.com/hashicorp/terraform-plugin-sdk/v2@v2.40.1/helper/logging/logging_http_transport.go:162 Expires="Mon, 01 Jun 2026 20:05:22 GMT" tf_http_res_body="{\"message\":\"Permission check failed (/vms/115, VM.Audit)\n\",\"data\":null}" tf_http_trans_id=89cf8563-b336-09d8-10a7-5c376478dde7 tf_req_id=eef2f2d8-605e-7de7-db76-a92c64e24632 Cache-Control=max-age=0 Content-Length=72 Content-Type=application/json;charset=UTF-8 Pragma=no-cache @module=proxmox Date="Mon, 01 Jun 2026 20:05:22 GMT" Server=pve-api-daemon/3.0 tf_http_res_status_code=403 tf_http_res_status_reason="403 Permission check failed (/vms/115, VM.Audit)" tf_provider_addr=registry.terraform.io/bpg/proxmox tf_resource_type=proxmox_virtual_environment_vm timestamp="2026-06-01T22:05:22.332+0200"
2026-06-01T22:05:23.334+0200 [DEBUG] provider.terraform-provider-proxmox_v0.108.0: Sending HTTP Request: tf_http_req_body="" tf_provider_addr=registry.terraform.io/bpg/proxmox tf_req_id=eef2f2d8-605e-7de7-db76-a92c64e24632 @caller=/home/runner/go/pkg/mod/github.com/hashicorp/terraform-plugin-sdk/v2@v2.40.1/helper/logging/logging_http_transport.go:162 @module=proxmox Accept-Encoding=gzip Authorization="PVEAPIToken=terraform@pve!terraform-token=2df6cbb0-ee6b-4e44-9b47-38e10d58bb3b" tf_resource_type=proxmox_virtual_environment_vm Accept=application/json User-Agent=Go-http-client/1.1 tf_http_req_uri=/api2/json/nodes/s12/qemu/115/status/current tf_http_trans_id=cd6ad6ff-a977-b76d-e198-169cc72ce700 tf_rpc=ApplyResourceChange Host=10.4.10.10:8006 tf_http_op_type=request tf_http_req_method=GET tf_http_req_version=HTTP/1.1 tf_mux_provider=tf5to6server.v5tov6Server timestamp="2026-06-01T22:05:23.333+0200"
2026-06-01T22:05:23.342+0200 [DEBUG] provider.terraform-provider-proxmox_v0.108.0: Received HTTP Response: @caller=/home/runner/go/pkg/mod/github.com/hashicorp/terraform-plugin-sdk/v2@v2.40.1/helper/logging/logging_http_transport.go:162 Content-Type=application/json;charset=UTF-8 tf_http_res_status_code=403 tf_http_res_status_reason="403 Permission check failed (/vms/115, VM.Audit)" tf_req_id=eef2f2d8-605e-7de7-db76-a92c64e24632 tf_rpc=ApplyResourceChange Date="Mon, 01 Jun 2026 20:05:23 GMT" Expires="Mon, 01 Jun 2026 20:05:23 GMT" Cache-Control=max-age=0 Pragma=no-cache tf_http_op_type=response tf_http_res_body="{\"message\":\"Permission check failed (/vms/115, VM.Audit)\n\",\"data\":null}" tf_http_res_version=HTTP/1.1 tf_mux_provider=tf5to6server.v5tov6Server @module=proxmox Content-Length=72 Server=pve-api-daemon/3.0 tf_http_trans_id=cd6ad6ff-a977-b76d-e198-169cc72ce700 tf_provider_addr=registry.terraform.io/bpg/proxmox tf_resource_type=proxmox_virtual_environment_vm timestamp="2026-06-01T22:05:23.342+0200"
2026-06-01T22:05:24.342+0200 [DEBUG] provider.terraform-provider-proxmox_v0.108.0: Sending HTTP Request: Accept=application/json User-Agent=Go-http-client/1.1 tf_http_op_type=request tf_http_req_method=GET tf_http_req_version=HTTP/1.1 tf_http_trans_id=725a35f9-2be6-0dd9-abf7-b2c3010c652f tf_mux_provider=tf5to6server.v5tov6Server Accept-Encoding=gzip Authorization="PVEAPIToken=terraform@pve!terraform-token=2df6cbb0-ee6b-4e44-9b47-38e10d58bb3b" Host=10.4.10.10:8006 tf_http_req_uri=/api2/json/nodes/s12/qemu/115/status/current tf_resource_type=proxmox_virtual_environment_vm @module=proxmox tf_req_id=eef2f2d8-605e-7de7-db76-a92c64e24632 @caller=/home/runner/go/pkg/mod/github.com/hashicorp/terraform-plugin-sdk/v2@v2.40.1/helper/logging/logging_http_transport.go:162 tf_http_req_body="" tf_provider_addr=registry.terraform.io/bpg/proxmox tf_rpc=ApplyResourceChange timestamp="2026-06-01T22:05:24.342+0200"
2026-06-01T22:05:24.349+0200 [DEBUG] provider.terraform-provider-proxmox_v0.108.0: Received HTTP Response: tf_provider_addr=registry.terraform.io/bpg/proxmox tf_rpc=ApplyResourceChange Content-Type=application/json;charset=UTF-8 tf_resource_type=proxmox_virtual_environment_vm @caller=/home/runner/go/pkg/mod/github.com/hashicorp/terraform-plugin-sdk/v2@v2.40.1/helper/logging/logging_http_transport.go:162 Expires="Mon, 01 Jun 2026 20:05:24 GMT" Pragma=no-cache Server=pve-api-daemon/3.0 tf_http_res_status_code=403 tf_http_res_status_reason="403 Permission check failed (/vms/115, VM.Audit)" tf_mux_provider=tf5to6server.v5tov6Server tf_req_id=eef2f2d8-605e-7de7-db76-a92c64e24632 @module=proxmox Cache-Control=max-age=0 Content-Length=72 tf_http_op_type=response tf_http_trans_id=725a35f9-2be6-0dd9-abf7-b2c3010c652f Date="Mon, 01 Jun 2026 20:05:24 GMT" tf_http_res_body="{\"message\":\"Permission check failed (/vms/115, VM.Audit)\n\",\"data\":null}" tf_http_res_version=HTTP/1.1 timestamp="2026-06-01T22:05:24.349+0200"
2026-06-01T22:05:25.350+0200 [DEBUG] provider.terraform-provider-proxmox_v0.108.0: Sending HTTP Request: tf_http_op_type=request tf_http_req_body="" tf_http_req_method=GET tf_http_req_uri=/api2/json/nodes/s12/qemu/115/status/current tf_http_req_version=HTTP/1.1 tf_provider_addr=registry.terraform.io/bpg/proxmox tf_req_id=eef2f2d8-605e-7de7-db76-a92c64e24632 @caller=/home/runner/go/pkg/mod/github.com/hashicorp/terraform-plugin-sdk/v2@v2.40.1/helper/logging/logging_http_transport.go:162 Accept-Encoding=gzip Host=10.4.10.10:8006 User-Agent=Go-http-client/1.1 tf_rpc=ApplyResourceChange Accept=application/json tf_http_trans_id=a698d0dd-4fd7-4d0b-8ce2-c5c951c3161c @module=proxmox Authorization="PVEAPIToken=terraform@pve!terraform-token=2df6cbb0-ee6b-4e44-9b47-38e10d58bb3b" tf_mux_provider=tf5to6server.v5tov6Server tf_resource_type=proxmox_virtual_environment_vm timestamp="2026-06-01T22:05:25.350+0200"
2026-06-01T22:05:25.358+0200 [DEBUG] provider.terraform-provider-proxmox_v0.108.0: Received HTTP Response: tf_http_trans_id=a698d0dd-4fd7-4d0b-8ce2-c5c951c3161c tf_mux_provider=tf5to6server.v5tov6Server tf_resource_type=proxmox_virtual_environment_vm @caller=/home/runner/go/pkg/mod/github.com/hashicorp/terraform-plugin-sdk/v2@v2.40.1/helper/logging/logging_http_transport.go:162 Content-Length=72 Server=pve-api-daemon/3.0 @module=proxmox Expires="Mon, 01 Jun 2026 20:05:25 GMT" tf_http_res_body="{\"data\":null,\"message\":\"Permission check failed (/vms/115, VM.Audit)\n\"}" tf_http_res_status_code=403 tf_http_res_status_reason="403 Permission check failed (/vms/115, VM.Audit)" tf_provider_addr=registry.terraform.io/bpg/proxmox tf_req_id=eef2f2d8-605e-7de7-db76-a92c64e24632 Cache-Control=max-age=0 Content-Type=application/json;charset=UTF-8 tf_rpc=ApplyResourceChange Date="Mon, 01 Jun 2026 20:05:25 GMT" Pragma=no-cache tf_http_op_type=response tf_http_res_version=HTTP/1.1 timestamp="2026-06-01T22:05:25.357+0200"
2026-06-01T22:05:26.358+0200 [DEBUG] provider.terraform-provider-proxmox_v0.108.0: Sending HTTP Request: tf_http_trans_id=dadda37e-7216-d114-b734-eb3314ec92dd tf_mux_provider=tf5to6server.v5tov6Server tf_provider_addr=registry.terraform.io/bpg/proxmox tf_rpc=ApplyResourceChange tf_http_req_method=GET Accept-Encoding=gzip tf_http_op_type=request tf_http_req_version=HTTP/1.1 @caller=/home/runner/go/pkg/mod/github.com/hashicorp/terraform-plugin-sdk/v2@v2.40.1/helper/logging/logging_http_transport.go:162 Authorization="PVEAPIToken=terraform@pve!terraform-token=2df6cbb0-ee6b-4e44-9b47-38e10d58bb3b" tf_http_req_uri=/api2/json/nodes/s12/qemu/115/status/current tf_req_id=eef2f2d8-605e-7de7-db76-a92c64e24632 tf_resource_type=proxmox_virtual_environment_vm Accept=application/json Host=10.4.10.10:8006 User-Agent=Go-http-client/1.1 tf_http_req_body="" @module=proxmox timestamp="2026-06-01T22:05:26.358+0200"
2026-06-01T22:05:26.365+0200 [DEBUG] provider.terraform-provider-proxmox_v0.108.0: Received HTTP Response: tf_resource_type=proxmox_virtual_environment_vm @caller=/home/runner/go/pkg/mod/github.com/hashicorp/terraform-plugin-sdk/v2@v2.40.1/helper/logging/logging_http_transport.go:162 Cache-Control=max-age=0 Content-Length=72 tf_http_op_type=response tf_http_res_status_code=403 tf_rpc=ApplyResourceChange @module=proxmox Pragma=no-cache tf_provider_addr=registry.terraform.io/bpg/proxmox Content-Type=application/json;charset=UTF-8 Date="Mon, 01 Jun 2026 20:05:26 GMT" tf_http_res_body="{\"data\":null,\"message\":\"Permission check failed (/vms/115, VM.Audit)\n\"}" tf_http_res_status_reason="403 Permission check failed (/vms/115, VM.Audit)" tf_http_res_version=HTTP/1.1 tf_http_trans_id=dadda37e-7216-d114-b734-eb3314ec92dd Expires="Mon, 01 Jun 2026 20:05:26 GMT" Server=pve-api-daemon/3.0 tf_mux_provider=tf5to6server.v5tov6Server tf_req_id=eef2f2d8-605e-7de7-db76-a92c64e24632 timestamp="2026-06-01T22:05:26.365+0200"
2026-06-01T22:05:27.366+0200 [DEBUG] provider.terraform-provider-proxmox_v0.108.0: Sending HTTP Request: Accept=application/json User-Agent=Go-http-client/1.1 tf_http_req_version=HTTP/1.1 tf_http_trans_id=955a933c-3d07-5c66-b67c-2d89011fd514 Authorization="PVEAPIToken=terraform@pve!terraform-token=2df6cbb0-ee6b-4e44-9b47-38e10d58bb3b" Host=10.4.10.10:8006 tf_http_op_type=request tf_mux_provider=tf5to6server.v5tov6Server tf_req_id=eef2f2d8-605e-7de7-db76-a92c64e24632 @caller=/home/runner/go/pkg/mod/github.com/hashicorp/terraform-plugin-sdk/v2@v2.40.1/helper/logging/logging_http_transport.go:162 tf_http_req_body="" tf_http_req_method=GET tf_resource_type=proxmox_virtual_environment_vm @module=proxmox Accept-Encoding=gzip tf_http_req_uri=/api2/json/nodes/s12/qemu/115/status/current tf_provider_addr=registry.terraform.io/bpg/proxmox tf_rpc=ApplyResourceChange timestamp="2026-06-01T22:05:27.366+0200"
2026-06-01T22:05:27.373+0200 [DEBUG] provider.terraform-provider-proxmox_v0.108.0: Received HTTP Response: Content-Type=application/json;charset=UTF-8 Date="Mon, 01 Jun 2026 20:05:27 GMT" Server=pve-api-daemon/3.0 tf_resource_type=proxmox_virtual_environment_vm Cache-Control=max-age=0 Content-Length=72 Expires="Mon, 01 Jun 2026 20:05:27 GMT" tf_http_op_type=response tf_http_res_version=HTTP/1.1 tf_http_trans_id=955a933c-3d07-5c66-b67c-2d89011fd514 @module=proxmox tf_http_res_status_code=403 tf_mux_provider=tf5to6server.v5tov6Server tf_provider_addr=registry.terraform.io/bpg/proxmox tf_req_id=eef2f2d8-605e-7de7-db76-a92c64e24632 tf_rpc=ApplyResourceChange @caller=/home/runner/go/pkg/mod/github.com/hashicorp/terraform-plugin-sdk/v2@v2.40.1/helper/logging/logging_http_transport.go:162 Pragma=no-cache tf_http_res_body="{\"message\":\"Permission check failed (/vms/115, VM.Audit)\n\",\"data\":null}" tf_http_res_status_reason="403 Permission check failed (/vms/115, VM.Audit)" timestamp="2026-06-01T22:05:27.373+0200"
2026-06-01T22:05:28.374+0200 [DEBUG] provider.terraform-provider-proxmox_v0.108.0: Sending HTTP Request: tf_mux_provider=tf5to6server.v5tov6Server tf_provider_addr=registry.terraform.io/bpg/proxmox tf_resource_type=proxmox_virtual_environment_vm Authorization="PVEAPIToken=terraform@pve!terraform-token=2df6cbb0-ee6b-4e44-9b47-38e10d58bb3b" Host=10.4.10.10:8006 User-Agent=Go-http-client/1.1 tf_req_id=eef2f2d8-605e-7de7-db76-a92c64e24632 tf_rpc=ApplyResourceChange @module=proxmox tf_http_req_body="" tf_http_req_method=GET tf_http_req_uri=/api2/json/nodes/s12/qemu/115/status/current @caller=/home/runner/go/pkg/mod/github.com/hashicorp/terraform-plugin-sdk/v2@v2.40.1/helper/logging/logging_http_transport.go:162 Accept=application/json Accept-Encoding=gzip tf_http_op_type=request tf_http_req_version=HTTP/1.1 tf_http_trans_id=fa88aba6-eb2c-e0e3-bbf2-2b19fcf84b7e timestamp="2026-06-01T22:05:28.374+0200"
2026-06-01T22:05:28.380+0200 [DEBUG] provider.terraform-provider-proxmox_v0.108.0: Received HTTP Response: tf_provider_addr=registry.terraform.io/bpg/proxmox tf_req_id=eef2f2d8-605e-7de7-db76-a92c64e24632 @module=proxmox Content-Length=72 Date="Mon, 01 Jun 2026 20:05:28 GMT" Server=pve-api-daemon/3.0 tf_http_res_body="{\"data\":null,\"message\":\"Permission check failed (/vms/115, VM.Audit)\n\"}" tf_http_res_status_code=403 tf_resource_type=proxmox_virtual_environment_vm Content-Type=application/json;charset=UTF-8 Cache-Control=max-age=0 Expires="Mon, 01 Jun 2026 20:05:28 GMT" Pragma=no-cache tf_http_res_version=HTTP/1.1 tf_rpc=ApplyResourceChange @caller=/home/runner/go/pkg/mod/github.com/hashicorp/terraform-plugin-sdk/v2@v2.40.1/helper/logging/logging_http_transport.go:162 tf_http_op_type=response tf_http_res_status_reason="403 Permission check failed (/vms/115, VM.Audit)" tf_http_trans_id=fa88aba6-eb2c-e0e3-bbf2-2b19fcf84b7e tf_mux_provider=tf5to6server.v5tov6Server timestamp="2026-06-01T22:05:28.380+0200"
2026-06-01T22:05:29.381+0200 [DEBUG] provider.terraform-provider-proxmox_v0.108.0: Sending HTTP Request: @caller=/home/runner/go/pkg/mod/github.com/hashicorp/terraform-plugin-sdk/v2@v2.40.1/helper/logging/logging_http_transport.go:162 tf_http_req_method=GET tf_http_trans_id=b7137ea6-7017-4b59-c523-d50ac31d9261 tf_resource_type=proxmox_virtual_environment_vm Authorization="PVEAPIToken=terraform@pve!terraform-token=2df6cbb0-ee6b-4e44-9b47-38e10d58bb3b" Host=10.4.10.10:8006 User-Agent=Go-http-client/1.1 tf_http_op_type=request tf_req_id=eef2f2d8-605e-7de7-db76-a92c64e24632 tf_rpc=ApplyResourceChange @module=proxmox Accept=application/json tf_http_req_uri=/api2/json/nodes/s12/qemu/115/status/current tf_mux_provider=tf5to6server.v5tov6Server tf_provider_addr=registry.terraform.io/bpg/proxmox Accept-Encoding=gzip tf_http_req_body="" tf_http_req_version=HTTP/1.1 timestamp="2026-06-01T22:05:29.381+0200"
2026-06-01T22:05:29.389+0200 [DEBUG] provider.terraform-provider-proxmox_v0.108.0: Received HTTP Response: Server=pve-api-daemon/3.0 tf_http_res_status_reason="403 Permission check failed (/vms/115, VM.Audit)" tf_resource_type=proxmox_virtual_environment_vm tf_http_op_type=response tf_http_res_status_code=403 tf_provider_addr=registry.terraform.io/bpg/proxmox @caller=/home/runner/go/pkg/mod/github.com/hashicorp/terraform-plugin-sdk/v2@v2.40.1/helper/logging/logging_http_transport.go:162 Content-Type=application/json;charset=UTF-8 Expires="Mon, 01 Jun 2026 20:05:29 GMT" tf_http_res_version=HTTP/1.1 tf_http_trans_id=b7137ea6-7017-4b59-c523-d50ac31d9261 tf_mux_provider=tf5to6server.v5tov6Server tf_rpc=ApplyResourceChange @module=proxmox Content-Length=72 Date="Mon, 01 Jun 2026 20:05:29 GMT" Pragma=no-cache tf_http_res_body="{\"message\":\"Permission check failed (/vms/115, VM.Audit)\n\",\"data\":null}" tf_req_id=eef2f2d8-605e-7de7-db76-a92c64e24632 Cache-Control=max-age=0 timestamp="2026-06-01T22:05:29.388+0200"
2026-06-01T22:05:30.389+0200 [DEBUG] provider.terraform-provider-proxmox_v0.108.0: Sending HTTP Request: Accept-Encoding=gzip Host=10.4.10.10:8006 tf_req_id=eef2f2d8-605e-7de7-db76-a92c64e24632 tf_http_op_type=request tf_http_req_version=HTTP/1.1 tf_http_trans_id=5a289f54-d089-30fb-86fa-0700cbd361a0 tf_mux_provider=tf5to6server.v5tov6Server tf_provider_addr=registry.terraform.io/bpg/proxmox tf_http_req_method=GET @module=proxmox Authorization="PVEAPIToken=terraform@pve!terraform-token=2df6cbb0-ee6b-4e44-9b47-38e10d58bb3b" User-Agent=Go-http-client/1.1 tf_http_req_body="" tf_resource_type=proxmox_virtual_environment_vm tf_http_req_uri=/api2/json/nodes/s12/qemu/115/status/current tf_rpc=ApplyResourceChange @caller=/home/runner/go/pkg/mod/github.com/hashicorp/terraform-plugin-sdk/v2@v2.40.1/helper/logging/logging_http_transport.go:162 Accept=application/json timestamp="2026-06-01T22:05:30.389+0200"
2026-06-01T22:05:30.398+0200 [DEBUG] provider.terraform-provider-proxmox_v0.108.0: Received HTTP Response: tf_rpc=ApplyResourceChange @caller=/home/runner/go/pkg/mod/github.com/hashicorp/terraform-plugin-sdk/v2@v2.40.1/helper/logging/logging_http_transport.go:162 @module=proxmox Cache-Control=max-age=0 Pragma=no-cache tf_http_op_type=response tf_mux_provider=tf5to6server.v5tov6Server tf_resource_type=proxmox_virtual_environment_vm Expires="Mon, 01 Jun 2026 20:05:30 GMT" tf_http_trans_id=5a289f54-d089-30fb-86fa-0700cbd361a0 tf_http_res_body="{\"message\":\"Permission check failed (/vms/115, VM.Audit)\n\",\"data\":null}" tf_http_res_status_code=403 tf_http_res_status_reason="403 Permission check failed (/vms/115, VM.Audit)" tf_req_id=eef2f2d8-605e-7de7-db76-a92c64e24632 Content-Length=72 Content-Type=application/json;charset=UTF-8 Date="Mon, 01 Jun 2026 20:05:30 GMT" Server=pve-api-daemon/3.0 tf_http_res_version=HTTP/1.1 tf_provider_addr=registry.terraform.io/bpg/proxmox timestamp="2026-06-01T22:05:30.397+0200"
2026-06-01T22:05:31.399+0200 [DEBUG] provider.terraform-provider-proxmox_v0.108.0: Sending HTTP Request: Host=10.4.10.10:8006 tf_http_op_type=request tf_http_req_uri=/api2/json/nodes/s12/qemu/115/status/current Accept=application/json Accept-Encoding=gzip tf_http_req_version=HTTP/1.1 tf_http_trans_id=918f9d14-2031-48b0-bd1c-0a1ccf78c69d tf_mux_provider=tf5to6server.v5tov6Server tf_provider_addr=registry.terraform.io/bpg/proxmox tf_req_id=eef2f2d8-605e-7de7-db76-a92c64e24632 tf_http_req_method=GET Authorization="PVEAPIToken=terraform@pve!terraform-token=2df6cbb0-ee6b-4e44-9b47-38e10d58bb3b" User-Agent=Go-http-client/1.1 tf_http_req_body="" tf_resource_type=proxmox_virtual_environment_vm tf_rpc=ApplyResourceChange @caller=/home/runner/go/pkg/mod/github.com/hashicorp/terraform-plugin-sdk/v2@v2.40.1/helper/logging/logging_http_transport.go:162 @module=proxmox timestamp="2026-06-01T22:05:31.398+0200"
2026-06-01T22:05:31.406+0200 [DEBUG] provider.terraform-provider-proxmox_v0.108.0: Received HTTP Response: tf_http_op_type=response tf_http_res_body="{\"message\":\"Permission check failed (/vms/115, VM.Audit)\n\",\"data\":null}" tf_http_trans_id=918f9d14-2031-48b0-bd1c-0a1ccf78c69d tf_provider_addr=registry.terraform.io/bpg/proxmox @module=proxmox Content-Length=72 tf_http_res_status_code=403 tf_http_res_version=HTTP/1.1 tf_req_id=eef2f2d8-605e-7de7-db76-a92c64e24632 @caller=/home/runner/go/pkg/mod/github.com/hashicorp/terraform-plugin-sdk/v2@v2.40.1/helper/logging/logging_http_transport.go:162 Content-Type=application/json;charset=UTF-8 tf_mux_provider=tf5to6server.v5tov6Server Cache-Control=max-age=0 Server=pve-api-daemon/3.0 tf_http_res_status_reason="403 Permission check failed (/vms/115, VM.Audit)" tf_resource_type=proxmox_virtual_environment_vm tf_rpc=ApplyResourceChange Date="Mon, 01 Jun 2026 20:05:31 GMT" Expires="Mon, 01 Jun 2026 20:05:31 GMT" Pragma=no-cache timestamp="2026-06-01T22:05:31.406+0200"
2026-06-01T22:05:32.407+0200 [DEBUG] provider.terraform-provider-proxmox_v0.108.0: Sending HTTP Request: tf_http_req_method=GET tf_http_req_uri=/api2/json/nodes/s12/qemu/115/status/current tf_http_trans_id=773a9485-67e4-3391-653f-766cec09eb64 tf_provider_addr=registry.terraform.io/bpg/proxmox tf_req_id=eef2f2d8-605e-7de7-db76-a92c64e24632 Accept=application/json tf_http_op_type=request tf_http_req_version=HTTP/1.1 tf_resource_type=proxmox_virtual_environment_vm tf_rpc=ApplyResourceChange @caller=/home/runner/go/pkg/mod/github.com/hashicorp/terraform-plugin-sdk/v2@v2.40.1/helper/logging/logging_http_transport.go:162 Authorization="PVEAPIToken=terraform@pve!terraform-token=2df6cbb0-ee6b-4e44-9b47-38e10d58bb3b" tf_mux_provider=tf5to6server.v5tov6Server @module=proxmox Host=10.4.10.10:8006 tf_http_req_body="" Accept-Encoding=gzip User-Agent=Go-http-client/1.1 timestamp="2026-06-01T22:05:32.407+0200"
2026-06-01T22:05:32.414+0200 [DEBUG] provider.terraform-provider-proxmox_v0.108.0: Received HTTP Response: tf_rpc=ApplyResourceChange Content-Length=72 tf_http_res_status_code=403 @caller=/home/runner/go/pkg/mod/github.com/hashicorp/terraform-plugin-sdk/v2@v2.40.1/helper/logging/logging_http_transport.go:162 Cache-Control=max-age=0 Date="Mon, 01 Jun 2026 20:05:32 GMT" Expires="Mon, 01 Jun 2026 20:05:32 GMT" tf_http_op_type=response tf_req_id=eef2f2d8-605e-7de7-db76-a92c64e24632 Server=pve-api-daemon/3.0 tf_http_res_version=HTTP/1.1 tf_http_trans_id=773a9485-67e4-3391-653f-766cec09eb64 tf_resource_type=proxmox_virtual_environment_vm @module=proxmox Content-Type=application/json;charset=UTF-8 Pragma=no-cache tf_http_res_body="{\"data\":null,\"message\":\"Permission check failed (/vms/115, VM.Audit)\n\"}" tf_http_res_status_reason="403 Permission check failed (/vms/115, VM.Audit)" tf_mux_provider=tf5to6server.v5tov6Server tf_provider_addr=registry.terraform.io/bpg/proxmox timestamp="2026-06-01T22:05:32.414+0200"
2026-06-01T22:05:33.415+0200 [DEBUG] provider.terraform-provider-proxmox_v0.108.0: Sending HTTP Request: Accept-Encoding=gzip Host=10.4.10.10:8006 tf_http_trans_id=09dd2069-19a5-418f-968c-1330f04a44ca tf_mux_provider=tf5to6server.v5tov6Server tf_provider_addr=registry.terraform.io/bpg/proxmox tf_rpc=ApplyResourceChange @caller=/home/runner/go/pkg/mod/github.com/hashicorp/terraform-plugin-sdk/v2@v2.40.1/helper/logging/logging_http_transport.go:162 @module=proxmox tf_http_req_method=GET tf_resource_type=proxmox_virtual_environment_vm Authorization="PVEAPIToken=terraform@pve!terraform-token=2df6cbb0-ee6b-4e44-9b47-38e10d58bb3b" User-Agent=Go-http-client/1.1 tf_http_op_type=request tf_http_req_body="" tf_req_id=eef2f2d8-605e-7de7-db76-a92c64e24632 Accept=application/json tf_http_req_uri=/api2/json/nodes/s12/qemu/115/status/current tf_http_req_version=HTTP/1.1 timestamp="2026-06-01T22:05:33.415+0200"
2026-06-01T22:05:33.422+0200 [DEBUG] provider.terraform-provider-proxmox_v0.108.0: Received HTTP Response: Cache-Control=max-age=0 Content-Length=72 Date="Mon, 01 Jun 2026 20:05:33 GMT" Pragma=no-cache tf_http_res_status_code=403 tf_provider_addr=registry.terraform.io/bpg/proxmox @caller=/home/runner/go/pkg/mod/github.com/hashicorp/terraform-plugin-sdk/v2@v2.40.1/helper/logging/logging_http_transport.go:162 Expires="Mon, 01 Jun 2026 20:05:33 GMT" tf_http_op_type=response tf_rpc=ApplyResourceChange Content-Type=application/json;charset=UTF-8 tf_http_res_status_reason="403 Permission check failed (/vms/115, VM.Audit)" tf_http_res_version=HTTP/1.1 tf_http_trans_id=09dd2069-19a5-418f-968c-1330f04a44ca tf_req_id=eef2f2d8-605e-7de7-db76-a92c64e24632 tf_resource_type=proxmox_virtual_environment_vm @module=proxmox Server=pve-api-daemon/3.0 tf_http_res_body="{\"data\":null,\"message\":\"Permission check failed (/vms/115, VM.Audit)\n\"}" tf_mux_provider=tf5to6server.v5tov6Server timestamp="2026-06-01T22:05:33.422+0200"
2026-06-01T22:05:34.423+0200 [DEBUG] provider.terraform-provider-proxmox_v0.108.0: Sending HTTP Request: Accept=application/json tf_http_req_method=GET tf_http_req_version=HTTP/1.1 tf_provider_addr=registry.terraform.io/bpg/proxmox tf_http_req_uri=/api2/json/nodes/s12/qemu/115/status/current @caller=/home/runner/go/pkg/mod/github.com/hashicorp/terraform-plugin-sdk/v2@v2.40.1/helper/logging/logging_http_transport.go:162 @module=proxmox Accept-Encoding=gzip Authorization="PVEAPIToken=terraform@pve!terraform-token=2df6cbb0-ee6b-4e44-9b47-38e10d58bb3b" User-Agent=Go-http-client/1.1 tf_req_id=eef2f2d8-605e-7de7-db76-a92c64e24632 Host=10.4.10.10:8006 tf_http_req_body="" tf_http_trans_id=f4eb09df-db54-388a-3d7f-92e8d5aa6924 tf_mux_provider=tf5to6server.v5tov6Server tf_resource_type=proxmox_virtual_environment_vm tf_rpc=ApplyResourceChange tf_http_op_type=request timestamp="2026-06-01T22:05:34.423+0200"
2026-06-01T22:05:34.430+0200 [DEBUG] provider.terraform-provider-proxmox_v0.108.0: Received HTTP Response: Date="Mon, 01 Jun 2026 20:05:34 GMT" tf_http_res_status_reason="403 Permission check failed (/vms/115, VM.Audit)" tf_http_trans_id=f4eb09df-db54-388a-3d7f-92e8d5aa6924 tf_req_id=eef2f2d8-605e-7de7-db76-a92c64e24632 tf_rpc=ApplyResourceChange @module=proxmox Server=pve-api-daemon/3.0 tf_http_res_status_code=403 tf_mux_provider=tf5to6server.v5tov6Server Pragma=no-cache tf_http_op_type=response tf_http_res_body="{\"data\":null,\"message\":\"Permission check failed (/vms/115, VM.Audit)\n\"}" tf_http_res_version=HTTP/1.1 tf_provider_addr=registry.terraform.io/bpg/proxmox Cache-Control=max-age=0 Content-Length=72 Expires="Mon, 01 Jun 2026 20:05:34 GMT" tf_resource_type=proxmox_virtual_environment_vm @caller=/home/runner/go/pkg/mod/github.com/hashicorp/terraform-plugin-sdk/v2@v2.40.1/helper/logging/logging_http_transport.go:162 Content-Type=application/json;charset=UTF-8 timestamp="2026-06-01T22:05:34.430+0200"
2026-06-01T22:05:35.430+0200 [DEBUG] provider.terraform-provider-proxmox_v0.108.0: Sending HTTP Request: Accept-Encoding=gzip Host=10.4.10.10:8006 User-Agent=Go-http-client/1.1 tf_http_req_method=GET tf_http_req_version=HTTP/1.1 tf_req_id=eef2f2d8-605e-7de7-db76-a92c64e24632 @caller=/home/runner/go/pkg/mod/github.com/hashicorp/terraform-plugin-sdk/v2@v2.40.1/helper/logging/logging_http_transport.go:162 @module=proxmox Accept=application/json tf_http_req_uri=/api2/json/nodes/s12/qemu/115/status/current tf_http_trans_id=4949b01d-a0a1-1412-3294-df69627a15f1 tf_resource_type=proxmox_virtual_environment_vm tf_http_req_body="" Authorization="PVEAPIToken=terraform@pve!terraform-token=2df6cbb0-ee6b-4e44-9b47-38e10d58bb3b" tf_http_op_type=request tf_mux_provider=tf5to6server.v5tov6Server tf_provider_addr=registry.terraform.io/bpg/proxmox tf_rpc=ApplyResourceChange timestamp="2026-06-01T22:05:35.430+0200"
2026-06-01T22:05:35.438+0200 [DEBUG] provider.terraform-provider-proxmox_v0.108.0: Received HTTP Response: Content-Type=application/json;charset=UTF-8 Pragma=no-cache Server=pve-api-daemon/3.0 tf_http_res_body="{\"data\":null,\"message\":\"Permission check failed (/vms/115, VM.Audit)\n\"}" tf_http_res_status_reason="403 Permission check failed (/vms/115, VM.Audit)" tf_http_res_version=HTTP/1.1 Cache-Control=max-age=0 tf_http_trans_id=4949b01d-a0a1-1412-3294-df69627a15f1 tf_provider_addr=registry.terraform.io/bpg/proxmox tf_resource_type=proxmox_virtual_environment_vm tf_rpc=ApplyResourceChange Date="Mon, 01 Jun 2026 20:05:35 GMT" tf_http_op_type=response tf_mux_provider=tf5to6server.v5tov6Server tf_req_id=eef2f2d8-605e-7de7-db76-a92c64e24632 @caller=/home/runner/go/pkg/mod/github.com/hashicorp/terraform-plugin-sdk/v2@v2.40.1/helper/logging/logging_http_transport.go:162 @module=proxmox Expires="Mon, 01 Jun 2026 20:05:35 GMT" tf_http_res_status_code=403 Content-Length=72 timestamp="2026-06-01T22:05:35.437+0200"
2026-06-01T22:05:36.438+0200 [DEBUG] provider.terraform-provider-proxmox_v0.108.0: Sending HTTP Request: tf_provider_addr=registry.terraform.io/bpg/proxmox User-Agent=Go-http-client/1.1 tf_http_req_method=GET tf_rpc=ApplyResourceChange tf_http_op_type=request tf_http_req_body="" tf_http_req_version=HTTP/1.1 tf_http_trans_id=76dc12a5-e887-c012-81b9-db2d726f8383 tf_req_id=eef2f2d8-605e-7de7-db76-a92c64e24632 @caller=/home/runner/go/pkg/mod/github.com/hashicorp/terraform-plugin-sdk/v2@v2.40.1/helper/logging/logging_http_transport.go:162 Accept=application/json Authorization="PVEAPIToken=terraform@pve!terraform-token=2df6cbb0-ee6b-4e44-9b47-38e10d58bb3b" Host=10.4.10.10:8006 tf_http_req_uri=/api2/json/nodes/s12/qemu/115/status/current tf_mux_provider=tf5to6server.v5tov6Server tf_resource_type=proxmox_virtual_environment_vm @module=proxmox Accept-Encoding=gzip timestamp="2026-06-01T22:05:36.438+0200"
2026-06-01T22:05:36.445+0200 [DEBUG] provider.terraform-provider-proxmox_v0.108.0: Received HTTP Response: Date="Mon, 01 Jun 2026 20:05:36 GMT" Expires="Mon, 01 Jun 2026 20:05:36 GMT" tf_http_op_type=response tf_http_res_status_reason="403 Permission check failed (/vms/115, VM.Audit)" tf_http_trans_id=76dc12a5-e887-c012-81b9-db2d726f8383 Pragma=no-cache Server=pve-api-daemon/3.0 tf_req_id=eef2f2d8-605e-7de7-db76-a92c64e24632 tf_resource_type=proxmox_virtual_environment_vm Content-Type=application/json;charset=UTF-8 tf_http_res_body="{\"message\":\"Permission check failed (/vms/115, VM.Audit)\n\",\"data\":null}" tf_http_res_status_code=403 tf_http_res_version=HTTP/1.1 tf_mux_provider=tf5to6server.v5tov6Server tf_rpc=ApplyResourceChange @caller=/home/runner/go/pkg/mod/github.com/hashicorp/terraform-plugin-sdk/v2@v2.40.1/helper/logging/logging_http_transport.go:162 @module=proxmox Cache-Control=max-age=0 tf_provider_addr=registry.terraform.io/bpg/proxmox Content-Length=72 timestamp="2026-06-01T22:05:36.445+0200"
2026-06-01T22:05:37.446+0200 [DEBUG] provider.terraform-provider-proxmox_v0.108.0: Sending HTTP Request: @caller=/home/runner/go/pkg/mod/github.com/hashicorp/terraform-plugin-sdk/v2@v2.40.1/helper/logging/logging_http_transport.go:162 tf_http_op_type=request @module=proxmox Accept=application/json Authorization="PVEAPIToken=terraform@pve!terraform-token=2df6cbb0-ee6b-4e44-9b47-38e10d58bb3b" User-Agent=Go-http-client/1.1 tf_http_req_method=GET tf_http_req_uri=/api2/json/nodes/s12/qemu/115/status/current tf_provider_addr=registry.terraform.io/bpg/proxmox tf_req_id=eef2f2d8-605e-7de7-db76-a92c64e24632 Accept-Encoding=gzip Host=10.4.10.10:8006 tf_http_trans_id=817b4159-d61d-9b8b-0ef3-59acaef6349b tf_mux_provider=tf5to6server.v5tov6Server tf_resource_type=proxmox_virtual_environment_vm tf_http_req_body="" tf_http_req_version=HTTP/1.1 tf_rpc=ApplyResourceChange timestamp="2026-06-01T22:05:37.446+0200"
2026-06-01T22:05:37.452+0200 [DEBUG] provider.terraform-provider-proxmox_v0.108.0: Received HTTP Response: @module=proxmox Content-Length=72 Pragma=no-cache tf_http_op_type=response tf_http_res_status_code=403 tf_http_res_version=HTTP/1.1 tf_provider_addr=registry.terraform.io/bpg/proxmox tf_rpc=ApplyResourceChange @caller=/home/runner/go/pkg/mod/github.com/hashicorp/terraform-plugin-sdk/v2@v2.40.1/helper/logging/logging_http_transport.go:162 Content-Type=application/json;charset=UTF-8 Expires="Mon, 01 Jun 2026 20:05:37 GMT" tf_http_trans_id=817b4159-d61d-9b8b-0ef3-59acaef6349b Date="Mon, 01 Jun 2026 20:05:37 GMT" Server=pve-api-daemon/3.0 tf_req_id=eef2f2d8-605e-7de7-db76-a92c64e24632 tf_resource_type=proxmox_virtual_environment_vm Cache-Control=max-age=0 tf_http_res_body="{\"data\":null,\"message\":\"Permission check failed (/vms/115, VM.Audit)\n\"}" tf_http_res_status_reason="403 Permission check failed (/vms/115, VM.Audit)" tf_mux_provider=tf5to6server.v5tov6Server timestamp="2026-06-01T22:05:37.452+0200"
2026-06-01T22:05:38.452+0200 [DEBUG] provider.terraform-provider-proxmox_v0.108.0: Sending HTTP Request: tf_http_req_uri=/api2/json/nodes/s12/qemu/115/status/current tf_http_req_version=HTTP/1.1 tf_req_id=eef2f2d8-605e-7de7-db76-a92c64e24632 Host=10.4.10.10:8006 tf_http_req_body="" tf_http_trans_id=87daf797-83e6-9028-5af2-463c4328595b tf_mux_provider=tf5to6server.v5tov6Server Accept-Encoding=gzip tf_rpc=ApplyResourceChange @module=proxmox Accept=application/json Authorization="PVEAPIToken=terraform@pve!terraform-token=2df6cbb0-ee6b-4e44-9b47-38e10d58bb3b" User-Agent=Go-http-client/1.1 tf_http_req_method=GET tf_provider_addr=registry.terraform.io/bpg/proxmox tf_resource_type=proxmox_virtual_environment_vm @caller=/home/runner/go/pkg/mod/github.com/hashicorp/terraform-plugin-sdk/v2@v2.40.1/helper/logging/logging_http_transport.go:162 tf_http_op_type=request timestamp="2026-06-01T22:05:38.452+0200"
2026-06-01T22:05:38.459+0200 [DEBUG] provider.terraform-provider-proxmox_v0.108.0: Received HTTP Response: Date="Mon, 01 Jun 2026 20:05:38 GMT" tf_http_res_body="{\"message\":\"Permission check failed (/vms/115, VM.Audit)\n\",\"data\":null}" tf_http_res_status_code=403 tf_req_id=eef2f2d8-605e-7de7-db76-a92c64e24632 tf_resource_type=proxmox_virtual_environment_vm tf_http_op_type=response Pragma=no-cache tf_mux_provider=tf5to6server.v5tov6Server @module=proxmox tf_http_res_status_reason="403 Permission check failed (/vms/115, VM.Audit)" tf_provider_addr=registry.terraform.io/bpg/proxmox tf_rpc=ApplyResourceChange Cache-Control=max-age=0 Content-Length=72 Content-Type=application/json;charset=UTF-8 Expires="Mon, 01 Jun 2026 20:05:38 GMT" Server=pve-api-daemon/3.0 tf_http_res_version=HTTP/1.1 tf_http_trans_id=87daf797-83e6-9028-5af2-463c4328595b @caller=/home/runner/go/pkg/mod/github.com/hashicorp/terraform-plugin-sdk/v2@v2.40.1/helper/logging/logging_http_transport.go:162 timestamp="2026-06-01T22:05:38.459+0200"
2026-06-01T22:05:39.460+0200 [DEBUG] provider.terraform-provider-proxmox_v0.108.0: Sending HTTP Request: tf_http_trans_id=880e75d4-d880-b1d5-3ed8-6f7b097da285 tf_http_req_method=GET tf_http_req_uri=/api2/json/nodes/s12/qemu/115/status/current tf_mux_provider=tf5to6server.v5tov6Server tf_provider_addr=registry.terraform.io/bpg/proxmox tf_resource_type=proxmox_virtual_environment_vm tf_http_op_type=request tf_req_id=eef2f2d8-605e-7de7-db76-a92c64e24632 tf_rpc=ApplyResourceChange @module=proxmox Accept=application/json Accept-Encoding=gzip User-Agent=Go-http-client/1.1 tf_http_req_version=HTTP/1.1 @caller=/home/runner/go/pkg/mod/github.com/hashicorp/terraform-plugin-sdk/v2@v2.40.1/helper/logging/logging_http_transport.go:162 Authorization="PVEAPIToken=terraform@pve!terraform-token=2df6cbb0-ee6b-4e44-9b47-38e10d58bb3b" Host=10.4.10.10:8006 tf_http_req_body="" timestamp="2026-06-01T22:05:39.460+0200"
2026-06-01T22:05:39.468+0200 [DEBUG] provider.terraform-provider-proxmox_v0.108.0: Received HTTP Response: @caller=/home/runner/go/pkg/mod/github.com/hashicorp/terraform-plugin-sdk/v2@v2.40.1/helper/logging/logging_http_transport.go:162 Cache-Control=max-age=0 Server=pve-api-daemon/3.0 tf_http_res_body="{\"data\":null,\"message\":\"Permission check failed (/vms/115, VM.Audit)\n\"}" tf_http_res_status_reason="403 Permission check failed (/vms/115, VM.Audit)" tf_http_trans_id=880e75d4-d880-b1d5-3ed8-6f7b097da285 tf_req_id=eef2f2d8-605e-7de7-db76-a92c64e24632 Content-Length=72 Content-Type=application/json;charset=UTF-8 tf_mux_provider=tf5to6server.v5tov6Server tf_provider_addr=registry.terraform.io/bpg/proxmox tf_resource_type=proxmox_virtual_environment_vm @module=proxmox tf_http_op_type=response tf_http_res_version=HTTP/1.1 tf_rpc=ApplyResourceChange Date="Mon, 01 Jun 2026 20:05:39 GMT" Expires="Mon, 01 Jun 2026 20:05:39 GMT" Pragma=no-cache tf_http_res_status_code=403 timestamp="2026-06-01T22:05:39.468+0200"
2026-06-01T22:05:40.469+0200 [DEBUG] provider.terraform-provider-proxmox_v0.108.0: Sending HTTP Request: tf_http_req_uri=/api2/json/nodes/s12/qemu/115/status/current Accept=application/json Accept-Encoding=gzip User-Agent=Go-http-client/1.1 tf_http_req_body="" Authorization="PVEAPIToken=terraform@pve!terraform-token=2df6cbb0-ee6b-4e44-9b47-38e10d58bb3b" tf_http_req_version=HTTP/1.1 tf_http_trans_id=19d3069e-e4cf-9953-711b-65dee545406a tf_mux_provider=tf5to6server.v5tov6Server @caller=/home/runner/go/pkg/mod/github.com/hashicorp/terraform-plugin-sdk/v2@v2.40.1/helper/logging/logging_http_transport.go:162 @module=proxmox Host=10.4.10.10:8006 tf_http_op_type=request tf_req_id=eef2f2d8-605e-7de7-db76-a92c64e24632 tf_resource_type=proxmox_virtual_environment_vm tf_http_req_method=GET tf_provider_addr=registry.terraform.io/bpg/proxmox tf_rpc=ApplyResourceChange timestamp="2026-06-01T22:05:40.469+0200"
2026-06-01T22:05:40.475+0200 [DEBUG] provider.terraform-provider-proxmox_v0.108.0: Received HTTP Response: Content-Length=72 Content-Type=application/json;charset=UTF-8 Date="Mon, 01 Jun 2026 20:05:40 GMT" Server=pve-api-daemon/3.0 tf_http_res_status_reason="403 Permission check failed (/vms/115, VM.Audit)" tf_provider_addr=registry.terraform.io/bpg/proxmox Pragma=no-cache tf_http_res_body="{\"message\":\"Permission check failed (/vms/115, VM.Audit)\n\",\"data\":null}" tf_http_trans_id=19d3069e-e4cf-9953-711b-65dee545406a tf_req_id=eef2f2d8-605e-7de7-db76-a92c64e24632 tf_resource_type=proxmox_virtual_environment_vm tf_rpc=ApplyResourceChange Cache-Control=max-age=0 tf_http_res_status_code=403 tf_http_res_version=HTTP/1.1 @module=proxmox Expires="Mon, 01 Jun 2026 20:05:40 GMT" tf_http_op_type=response tf_mux_provider=tf5to6server.v5tov6Server @caller=/home/runner/go/pkg/mod/github.com/hashicorp/terraform-plugin-sdk/v2@v2.40.1/helper/logging/logging_http_transport.go:162 timestamp="2026-06-01T22:05:40.475+0200"
2026-06-01T22:05:41.476+0200 [DEBUG] provider.terraform-provider-proxmox_v0.108.0: Sending HTTP Request: tf_http_req_method=GET Accept-Encoding=gzip Authorization="PVEAPIToken=terraform@pve!terraform-token=2df6cbb0-ee6b-4e44-9b47-38e10d58bb3b" tf_provider_addr=registry.terraform.io/bpg/proxmox tf_rpc=ApplyResourceChange Host=10.4.10.10:8006 tf_http_op_type=request tf_http_req_body="" tf_http_req_uri=/api2/json/nodes/s12/qemu/115/status/current @caller=/home/runner/go/pkg/mod/github.com/hashicorp/terraform-plugin-sdk/v2@v2.40.1/helper/logging/logging_http_transport.go:162 @module=proxmox Accept=application/json tf_http_req_version=HTTP/1.1 tf_http_trans_id=beb89fc9-00cf-cabf-bc8f-0d786e7223cf tf_mux_provider=tf5to6server.v5tov6Server User-Agent=Go-http-client/1.1 tf_req_id=eef2f2d8-605e-7de7-db76-a92c64e24632 tf_resource_type=proxmox_virtual_environment_vm timestamp="2026-06-01T22:05:41.476+0200"
2026-06-01T22:05:41.482+0200 [DEBUG] provider.terraform-provider-proxmox_v0.108.0: Received HTTP Response: tf_http_res_version=HTTP/1.1 tf_provider_addr=registry.terraform.io/bpg/proxmox tf_rpc=ApplyResourceChange @module=proxmox Cache-Control=max-age=0 Content-Type=application/json;charset=UTF-8 tf_http_op_type=response tf_http_res_body="{\"data\":null,\"message\":\"Permission check failed (/vms/115, VM.Audit)\n\"}" tf_http_trans_id=beb89fc9-00cf-cabf-bc8f-0d786e7223cf Pragma=no-cache tf_mux_provider=tf5to6server.v5tov6Server tf_req_id=eef2f2d8-605e-7de7-db76-a92c64e24632 Expires="Mon, 01 Jun 2026 20:05:41 GMT" Server=pve-api-daemon/3.0 tf_http_res_status_code=403 tf_resource_type=proxmox_virtual_environment_vm @caller=/home/runner/go/pkg/mod/github.com/hashicorp/terraform-plugin-sdk/v2@v2.40.1/helper/logging/logging_http_transport.go:162 Content-Length=72 Date="Mon, 01 Jun 2026 20:05:41 GMT" tf_http_res_status_reason="403 Permission check failed (/vms/115, VM.Audit)" timestamp="2026-06-01T22:05:41.482+0200"
2026-06-01T22:05:42.482+0200 [DEBUG] provider.terraform-provider-proxmox_v0.108.0: Sending HTTP Request: tf_mux_provider=tf5to6server.v5tov6Server tf_provider_addr=registry.terraform.io/bpg/proxmox Accept-Encoding=gzip User-Agent=Go-http-client/1.1 tf_http_op_type=request tf_http_req_uri=/api2/json/nodes/s12/qemu/115/status/current tf_resource_type=proxmox_virtual_environment_vm tf_rpc=ApplyResourceChange Authorization="PVEAPIToken=terraform@pve!terraform-token=2df6cbb0-ee6b-4e44-9b47-38e10d58bb3b" tf_http_req_body="" tf_http_req_method=GET tf_http_req_version=HTTP/1.1 @module=proxmox Accept=application/json tf_req_id=eef2f2d8-605e-7de7-db76-a92c64e24632 @caller=/home/runner/go/pkg/mod/github.com/hashicorp/terraform-plugin-sdk/v2@v2.40.1/helper/logging/logging_http_transport.go:162 Host=10.4.10.10:8006 tf_http_trans_id=bc701f3b-c56a-bec8-7991-b14599b595ef timestamp="2026-06-01T22:05:42.482+0200"
2026-06-01T22:05:42.488+0200 [DEBUG] provider.terraform-provider-proxmox_v0.108.0: Received HTTP Response: tf_req_id=eef2f2d8-605e-7de7-db76-a92c64e24632 @caller=/home/runner/go/pkg/mod/github.com/hashicorp/terraform-plugin-sdk/v2@v2.40.1/helper/logging/logging_http_transport.go:162 @module=proxmox Expires="Mon, 01 Jun 2026 20:05:42 GMT" Server=pve-api-daemon/3.0 tf_http_res_body="{\"data\":null,\"message\":\"Permission check failed (/vms/115, VM.Audit)\n\"}" tf_http_res_status_code=403 tf_http_res_status_reason="403 Permission check failed (/vms/115, VM.Audit)" Cache-Control=max-age=0 tf_http_res_version=HTTP/1.1 tf_http_trans_id=bc701f3b-c56a-bec8-7991-b14599b595ef tf_mux_provider=tf5to6server.v5tov6Server tf_resource_type=proxmox_virtual_environment_vm tf_http_op_type=response tf_rpc=ApplyResourceChange Content-Length=72 Content-Type=application/json;charset=UTF-8 Date="Mon, 01 Jun 2026 20:05:42 GMT" Pragma=no-cache tf_provider_addr=registry.terraform.io/bpg/proxmox timestamp="2026-06-01T22:05:42.488+0200"
2026-06-01T22:05:43.489+0200 [DEBUG] provider.terraform-provider-proxmox_v0.108.0: Sending HTTP Request: @module=proxmox Authorization="PVEAPIToken=terraform@pve!terraform-token=2df6cbb0-ee6b-4e44-9b47-38e10d58bb3b" User-Agent=Go-http-client/1.1 tf_http_op_type=request tf_http_req_body="" tf_http_req_uri=/api2/json/nodes/s12/qemu/115/status/current tf_http_trans_id=f4b59fe5-c43f-f162-fa09-1d332387314c Accept-Encoding=gzip tf_http_req_method=GET tf_rpc=ApplyResourceChange @caller=/home/runner/go/pkg/mod/github.com/hashicorp/terraform-plugin-sdk/v2@v2.40.1/helper/logging/logging_http_transport.go:162 Accept=application/json Host=10.4.10.10:8006 tf_req_id=eef2f2d8-605e-7de7-db76-a92c64e24632 tf_resource_type=proxmox_virtual_environment_vm tf_http_req_version=HTTP/1.1 tf_mux_provider=tf5to6server.v5tov6Server tf_provider_addr=registry.terraform.io/bpg/proxmox timestamp="2026-06-01T22:05:43.489+0200"
2026-06-01T22:05:43.495+0200 [DEBUG] provider.terraform-provider-proxmox_v0.108.0: Received HTTP Response: Cache-Control=max-age=0 Date="Mon, 01 Jun 2026 20:05:43 GMT" tf_http_res_status_code=403 tf_mux_provider=tf5to6server.v5tov6Server tf_rpc=ApplyResourceChange Pragma=no-cache tf_http_res_body="{\"message\":\"Permission check failed (/vms/115, VM.Audit)\n\",\"data\":null}" tf_http_res_version=HTTP/1.1 Server=pve-api-daemon/3.0 @module=proxmox Content-Type=application/json;charset=UTF-8 Expires="Mon, 01 Jun 2026 20:05:43 GMT" tf_http_res_status_reason="403 Permission check failed (/vms/115, VM.Audit)" tf_http_trans_id=f4b59fe5-c43f-f162-fa09-1d332387314c tf_req_id=eef2f2d8-605e-7de7-db76-a92c64e24632 Content-Length=72 tf_http_op_type=response tf_provider_addr=registry.terraform.io/bpg/proxmox tf_resource_type=proxmox_virtual_environment_vm @caller=/home/runner/go/pkg/mod/github.com/hashicorp/terraform-plugin-sdk/v2@v2.40.1/helper/logging/logging_http_transport.go:162 timestamp="2026-06-01T22:05:43.495+0200"
2026-06-01T22:05:44.496+0200 [DEBUG] provider.terraform-provider-proxmox_v0.108.0: Sending HTTP Request: tf_http_op_type=request tf_http_req_method=GET tf_http_trans_id=afddda0b-147c-e041-1688-e59dadc67608 @caller=/home/runner/go/pkg/mod/github.com/hashicorp/terraform-plugin-sdk/v2@v2.40.1/helper/logging/logging_http_transport.go:162 User-Agent=Go-http-client/1.1 tf_resource_type=proxmox_virtual_environment_vm Accept-Encoding=gzip Host=10.4.10.10:8006 tf_req_id=eef2f2d8-605e-7de7-db76-a92c64e24632 tf_rpc=ApplyResourceChange Accept=application/json tf_http_req_body="" tf_http_req_version=HTTP/1.1 tf_mux_provider=tf5to6server.v5tov6Server tf_provider_addr=registry.terraform.io/bpg/proxmox tf_http_req_uri=/api2/json/nodes/s12/qemu/115/status/current @module=proxmox Authorization="PVEAPIToken=terraform@pve!terraform-token=2df6cbb0-ee6b-4e44-9b47-38e10d58bb3b" timestamp="2026-06-01T22:05:44.496+0200"
2026-06-01T22:05:44.503+0200 [DEBUG] provider.terraform-provider-proxmox_v0.108.0: Received HTTP Response: tf_req_id=eef2f2d8-605e-7de7-db76-a92c64e24632 @module=proxmox Expires="Mon, 01 Jun 2026 20:05:44 GMT" Server=pve-api-daemon/3.0 tf_http_op_type=response tf_http_res_body="{\"data\":null,\"message\":\"Permission check failed (/vms/115, VM.Audit)\n\"}" tf_mux_provider=tf5to6server.v5tov6Server Date="Mon, 01 Jun 2026 20:05:44 GMT" Pragma=no-cache tf_http_res_status_code=403 tf_http_res_status_reason="403 Permission check failed (/vms/115, VM.Audit)" Cache-Control=max-age=0 Content-Length=72 Content-Type=application/json;charset=UTF-8 tf_provider_addr=registry.terraform.io/bpg/proxmox tf_resource_type=proxmox_virtual_environment_vm tf_rpc=ApplyResourceChange @caller=/home/runner/go/pkg/mod/github.com/hashicorp/terraform-plugin-sdk/v2@v2.40.1/helper/logging/logging_http_transport.go:162 tf_http_res_version=HTTP/1.1 tf_http_trans_id=afddda0b-147c-e041-1688-e59dadc67608 timestamp="2026-06-01T22:05:44.503+0200"
2026-06-01T22:05:45.505+0200 [DEBUG] provider.terraform-provider-proxmox_v0.108.0: Sending HTTP Request: tf_http_trans_id=be373cf1-daa0-7842-b99e-b025583643eb tf_rpc=ApplyResourceChange User-Agent=Go-http-client/1.1 tf_provider_addr=registry.terraform.io/bpg/proxmox @caller=/home/runner/go/pkg/mod/github.com/hashicorp/terraform-plugin-sdk/v2@v2.40.1/helper/logging/logging_http_transport.go:162 Accept=application/json Accept-Encoding=gzip tf_http_op_type=request tf_http_req_body="" tf_http_req_version=HTTP/1.1 tf_mux_provider=tf5to6server.v5tov6Server @module=proxmox tf_http_req_method=GET tf_http_req_uri=/api2/json/nodes/s12/qemu/115/status/current tf_req_id=eef2f2d8-605e-7de7-db76-a92c64e24632 tf_resource_type=proxmox_virtual_environment_vm Authorization="PVEAPIToken=terraform@pve!terraform-token=2df6cbb0-ee6b-4e44-9b47-38e10d58bb3b" Host=10.4.10.10:8006 timestamp="2026-06-01T22:05:45.505+0200"
2026-06-01T22:05:45.514+0200 [DEBUG] provider.terraform-provider-proxmox_v0.108.0: Received HTTP Response: Cache-Control=max-age=0 Date="Mon, 01 Jun 2026 20:05:45 GMT" tf_http_res_status_code=403 tf_http_res_version=HTTP/1.1 tf_provider_addr=registry.terraform.io/bpg/proxmox Content-Length=72 Content-Type=application/json;charset=UTF-8 Expires="Mon, 01 Jun 2026 20:05:45 GMT" tf_http_op_type=response tf_http_res_body="{\"message\":\"Permission check failed (/vms/115, VM.Audit)\n\",\"data\":null}" @caller=/home/runner/go/pkg/mod/github.com/hashicorp/terraform-plugin-sdk/v2@v2.40.1/helper/logging/logging_http_transport.go:162 Pragma=no-cache Server=pve-api-daemon/3.0 tf_mux_provider=tf5to6server.v5tov6Server tf_req_id=eef2f2d8-605e-7de7-db76-a92c64e24632 tf_resource_type=proxmox_virtual_environment_vm tf_http_res_status_reason="403 Permission check failed (/vms/115, VM.Audit)" tf_http_trans_id=be373cf1-daa0-7842-b99e-b025583643eb tf_rpc=ApplyResourceChange @module=proxmox timestamp="2026-06-01T22:05:45.514+0200"
2026-06-01T22:05:46.515+0200 [DEBUG] provider.terraform-provider-proxmox_v0.108.0: Sending HTTP Request: @caller=/home/runner/go/pkg/mod/github.com/hashicorp/terraform-plugin-sdk/v2@v2.40.1/helper/logging/logging_http_transport.go:162 @module=proxmox Host=10.4.10.10:8006 User-Agent=Go-http-client/1.1 tf_req_id=eef2f2d8-605e-7de7-db76-a92c64e24632 Accept=application/json Accept-Encoding=gzip Authorization="PVEAPIToken=terraform@pve!terraform-token=2df6cbb0-ee6b-4e44-9b47-38e10d58bb3b" tf_http_req_uri=/api2/json/nodes/s12/qemu/115/status/current tf_http_op_type=request tf_http_req_body="" tf_http_req_method=GET tf_mux_provider=tf5to6server.v5tov6Server tf_resource_type=proxmox_virtual_environment_vm tf_http_req_version=HTTP/1.1 tf_http_trans_id=c7ad5af1-1297-8320-f468-f9fd505ce88b tf_provider_addr=registry.terraform.io/bpg/proxmox tf_rpc=ApplyResourceChange timestamp="2026-06-01T22:05:46.514+0200"
2026-06-01T22:05:46.523+0200 [DEBUG] provider.terraform-provider-proxmox_v0.108.0: Received HTTP Response: @module=proxmox Content-Length=72 Pragma=no-cache tf_http_op_type=response tf_http_res_version=HTTP/1.1 tf_provider_addr=registry.terraform.io/bpg/proxmox Date="Mon, 01 Jun 2026 20:05:46 GMT" Expires="Mon, 01 Jun 2026 20:05:46 GMT" Server=pve-api-daemon/3.0 tf_mux_provider=tf5to6server.v5tov6Server tf_req_id=eef2f2d8-605e-7de7-db76-a92c64e24632 tf_resource_type=proxmox_virtual_environment_vm @caller=/home/runner/go/pkg/mod/github.com/hashicorp/terraform-plugin-sdk/v2@v2.40.1/helper/logging/logging_http_transport.go:162 tf_http_res_status_code=403 tf_http_res_status_reason="403 Permission check failed (/vms/115, VM.Audit)" Cache-Control=max-age=0 Content-Type=application/json;charset=UTF-8 tf_http_res_body="{\"message\":\"Permission check failed (/vms/115, VM.Audit)\n\",\"data\":null}" tf_http_trans_id=c7ad5af1-1297-8320-f468-f9fd505ce88b tf_rpc=ApplyResourceChange timestamp="2026-06-01T22:05:46.523+0200"
2026-06-01T22:05:47.524+0200 [DEBUG] provider.terraform-provider-proxmox_v0.108.0: Sending HTTP Request: tf_provider_addr=registry.terraform.io/bpg/proxmox tf_rpc=ApplyResourceChange tf_resource_type=proxmox_virtual_environment_vm @module=proxmox Authorization="PVEAPIToken=terraform@pve!terraform-token=2df6cbb0-ee6b-4e44-9b47-38e10d58bb3b" Host=10.4.10.10:8006 tf_http_req_method=GET tf_http_req_uri=/api2/json/nodes/s12/qemu/115/status/current tf_http_trans_id=81d19cc5-e178-bba3-4f5b-3d93c362d2a3 Accept=application/json Accept-Encoding=gzip User-Agent=Go-http-client/1.1 tf_http_op_type=request tf_http_req_body="" tf_http_req_version=HTTP/1.1 tf_req_id=eef2f2d8-605e-7de7-db76-a92c64e24632 @caller=/home/runner/go/pkg/mod/github.com/hashicorp/terraform-plugin-sdk/v2@v2.40.1/helper/logging/logging_http_transport.go:162 tf_mux_provider=tf5to6server.v5tov6Server timestamp="2026-06-01T22:05:47.524+0200"
2026-06-01T22:05:47.532+0200 [DEBUG] provider.terraform-provider-proxmox_v0.108.0: Received HTTP Response: @caller=/home/runner/go/pkg/mod/github.com/hashicorp/terraform-plugin-sdk/v2@v2.40.1/helper/logging/logging_http_transport.go:162 @module=proxmox Pragma=no-cache tf_http_trans_id=81d19cc5-e178-bba3-4f5b-3d93c362d2a3 tf_mux_provider=tf5to6server.v5tov6Server tf_req_id=eef2f2d8-605e-7de7-db76-a92c64e24632 tf_http_res_version=HTTP/1.1 Content-Length=72 Content-Type=application/json;charset=UTF-8 Date="Mon, 01 Jun 2026 20:05:47 GMT" Expires="Mon, 01 Jun 2026 20:05:47 GMT" Server=pve-api-daemon/3.0 tf_http_res_status_code=403 tf_http_res_status_reason="403 Permission check failed (/vms/115, VM.Audit)" tf_rpc=ApplyResourceChange Cache-Control=max-age=0 tf_http_op_type=response tf_http_res_body="{\"message\":\"Permission check failed (/vms/115, VM.Audit)\n\",\"data\":null}" tf_provider_addr=registry.terraform.io/bpg/proxmox tf_resource_type=proxmox_virtual_environment_vm timestamp="2026-06-01T22:05:47.532+0200"
2026-06-01T22:05:48.533+0200 [DEBUG] provider.terraform-provider-proxmox_v0.108.0: Sending HTTP Request: tf_http_req_body="" tf_http_req_uri=/api2/json/nodes/s12/qemu/115/status/current tf_resource_type=proxmox_virtual_environment_vm Accept=application/json Authorization="PVEAPIToken=terraform@pve!terraform-token=2df6cbb0-ee6b-4e44-9b47-38e10d58bb3b" User-Agent=Go-http-client/1.1 tf_http_req_version=HTTP/1.1 tf_rpc=ApplyResourceChange @caller=/home/runner/go/pkg/mod/github.com/hashicorp/terraform-plugin-sdk/v2@v2.40.1/helper/logging/logging_http_transport.go:162 Accept-Encoding=gzip tf_http_op_type=request tf_http_trans_id=b837a2e9-56a9-cca7-05fa-8e041d3d5341 tf_req_id=eef2f2d8-605e-7de7-db76-a92c64e24632 @module=proxmox Host=10.4.10.10:8006 tf_http_req_method=GET tf_mux_provider=tf5to6server.v5tov6Server tf_provider_addr=registry.terraform.io/bpg/proxmox timestamp="2026-06-01T22:05:48.533+0200"
2026-06-01T22:05:48.541+0200 [DEBUG] provider.terraform-provider-proxmox_v0.108.0: Received HTTP Response: tf_http_trans_id=b837a2e9-56a9-cca7-05fa-8e041d3d5341 tf_mux_provider=tf5to6server.v5tov6Server tf_req_id=eef2f2d8-605e-7de7-db76-a92c64e24632 Content-Type=application/json;charset=UTF-8 Pragma=no-cache tf_http_res_status_code=403 tf_http_res_status_reason="403 Permission check failed (/vms/115, VM.Audit)" tf_provider_addr=registry.terraform.io/bpg/proxmox tf_resource_type=proxmox_virtual_environment_vm @caller=/home/runner/go/pkg/mod/github.com/hashicorp/terraform-plugin-sdk/v2@v2.40.1/helper/logging/logging_http_transport.go:162 Cache-Control=max-age=0 tf_http_op_type=response tf_http_res_version=HTTP/1.1 Date="Mon, 01 Jun 2026 20:05:48 GMT" Server=pve-api-daemon/3.0 tf_http_res_body="{\"data\":null,\"message\":\"Permission check failed (/vms/115, VM.Audit)\n\"}" tf_rpc=ApplyResourceChange @module=proxmox Content-Length=72 Expires="Mon, 01 Jun 2026 20:05:48 GMT" timestamp="2026-06-01T22:05:48.541+0200"
2026-06-01T22:05:49.542+0200 [DEBUG] provider.terraform-provider-proxmox_v0.108.0: Sending HTTP Request: Authorization="PVEAPIToken=terraform@pve!terraform-token=2df6cbb0-ee6b-4e44-9b47-38e10d58bb3b" Host=10.4.10.10:8006 User-Agent=Go-http-client/1.1 tf_http_trans_id=d9226f17-1342-36de-2c7a-2f124da584b8 tf_provider_addr=registry.terraform.io/bpg/proxmox @caller=/home/runner/go/pkg/mod/github.com/hashicorp/terraform-plugin-sdk/v2@v2.40.1/helper/logging/logging_http_transport.go:162 Accept=application/json Accept-Encoding=gzip tf_http_op_type=request tf_http_req_method=GET tf_http_req_version=HTTP/1.1 tf_http_req_body="" tf_http_req_uri=/api2/json/nodes/s12/qemu/115/status/current tf_mux_provider=tf5to6server.v5tov6Server tf_rpc=ApplyResourceChange tf_req_id=eef2f2d8-605e-7de7-db76-a92c64e24632 tf_resource_type=proxmox_virtual_environment_vm @module=proxmox timestamp="2026-06-01T22:05:49.541+0200"
2026-06-01T22:05:49.549+0200 [DEBUG] provider.terraform-provider-proxmox_v0.108.0: Received HTTP Response: Pragma=no-cache tf_http_op_type=response tf_http_res_version=HTTP/1.1 tf_mux_provider=tf5to6server.v5tov6Server tf_resource_type=proxmox_virtual_environment_vm Server=pve-api-daemon/3.0 tf_http_res_body="{\"data\":null,\"message\":\"Permission check failed (/vms/115, VM.Audit)\n\"}" tf_http_trans_id=d9226f17-1342-36de-2c7a-2f124da584b8 tf_rpc=ApplyResourceChange @caller=/home/runner/go/pkg/mod/github.com/hashicorp/terraform-plugin-sdk/v2@v2.40.1/helper/logging/logging_http_transport.go:162 Cache-Control=max-age=0 Expires="Mon, 01 Jun 2026 20:05:49 GMT" tf_http_res_status_reason="403 Permission check failed (/vms/115, VM.Audit)" @module=proxmox Content-Type=application/json;charset=UTF-8 tf_http_res_status_code=403 tf_provider_addr=registry.terraform.io/bpg/proxmox tf_req_id=eef2f2d8-605e-7de7-db76-a92c64e24632 Content-Length=72 Date="Mon, 01 Jun 2026 20:05:49 GMT" timestamp="2026-06-01T22:05:49.549+0200"
2026-06-01T22:05:50.550+0200 [DEBUG] provider.terraform-provider-proxmox_v0.108.0: Sending HTTP Request: tf_http_req_method=GET @caller=/home/runner/go/pkg/mod/github.com/hashicorp/terraform-plugin-sdk/v2@v2.40.1/helper/logging/logging_http_transport.go:162 User-Agent=Go-http-client/1.1 tf_http_req_uri=/api2/json/nodes/s12/qemu/115/status/current @module=proxmox Accept=application/json Authorization="PVEAPIToken=terraform@pve!terraform-token=2df6cbb0-ee6b-4e44-9b47-38e10d58bb3b" tf_http_op_type=request tf_http_req_version=HTTP/1.1 tf_http_trans_id=4d1ccfde-e93f-9e0b-162d-4ebd9f598684 Accept-Encoding=gzip Host=10.4.10.10:8006 tf_mux_provider=tf5to6server.v5tov6Server tf_provider_addr=registry.terraform.io/bpg/proxmox tf_req_id=eef2f2d8-605e-7de7-db76-a92c64e24632 tf_resource_type=proxmox_virtual_environment_vm tf_rpc=ApplyResourceChange tf_http_req_body="" timestamp="2026-06-01T22:05:50.549+0200"
2026-06-01T22:05:50.558+0200 [DEBUG] provider.terraform-provider-proxmox_v0.108.0: Received HTTP Response: Server=pve-api-daemon/3.0 tf_http_op_type=response tf_http_res_body="{\"data\":null,\"message\":\"Permission check failed (/vms/115, VM.Audit)\n\"}" tf_http_trans_id=4d1ccfde-e93f-9e0b-162d-4ebd9f598684 tf_req_id=eef2f2d8-605e-7de7-db76-a92c64e24632 Content-Length=72 Pragma=no-cache tf_provider_addr=registry.terraform.io/bpg/proxmox Content-Type=application/json;charset=UTF-8 Expires="Mon, 01 Jun 2026 20:05:50 GMT" tf_http_res_status_code=403 tf_http_res_status_reason="403 Permission check failed (/vms/115, VM.Audit)" tf_mux_provider=tf5to6server.v5tov6Server tf_rpc=ApplyResourceChange @caller=/home/runner/go/pkg/mod/github.com/hashicorp/terraform-plugin-sdk/v2@v2.40.1/helper/logging/logging_http_transport.go:162 Cache-Control=max-age=0 tf_http_res_version=HTTP/1.1 tf_resource_type=proxmox_virtual_environment_vm @module=proxmox Date="Mon, 01 Jun 2026 20:05:50 GMT" timestamp="2026-06-01T22:05:50.558+0200"
2026-06-01T22:05:51.559+0200 [DEBUG] provider.terraform-provider-proxmox_v0.108.0: Sending HTTP Request: Host=10.4.10.10:8006 User-Agent=Go-http-client/1.1 tf_http_req_body="" tf_provider_addr=registry.terraform.io/bpg/proxmox @caller=/home/runner/go/pkg/mod/github.com/hashicorp/terraform-plugin-sdk/v2@v2.40.1/helper/logging/logging_http_transport.go:162 Accept=application/json Accept-Encoding=gzip tf_http_op_type=request tf_http_req_method=GET tf_http_req_version=HTTP/1.1 tf_rpc=ApplyResourceChange tf_http_req_uri=/api2/json/nodes/s12/qemu/115/status/current tf_http_trans_id=ae064a1c-9625-a491-363f-475c1aa8fac9 tf_mux_provider=tf5to6server.v5tov6Server tf_req_id=eef2f2d8-605e-7de7-db76-a92c64e24632 tf_resource_type=proxmox_virtual_environment_vm @module=proxmox Authorization="PVEAPIToken=terraform@pve!terraform-token=2df6cbb0-ee6b-4e44-9b47-38e10d58bb3b" timestamp="2026-06-01T22:05:51.559+0200"
2026-06-01T22:05:51.567+0200 [DEBUG] provider.terraform-provider-proxmox_v0.108.0: Received HTTP Response: tf_http_res_version=HTTP/1.1 tf_rpc=ApplyResourceChange @module=proxmox Cache-Control=max-age=0 Server=pve-api-daemon/3.0 tf_http_op_type=response tf_http_trans_id=ae064a1c-9625-a491-363f-475c1aa8fac9 tf_provider_addr=registry.terraform.io/bpg/proxmox tf_req_id=eef2f2d8-605e-7de7-db76-a92c64e24632 @caller=/home/runner/go/pkg/mod/github.com/hashicorp/terraform-plugin-sdk/v2@v2.40.1/helper/logging/logging_http_transport.go:162 Content-Type=application/json;charset=UTF-8 Expires="Mon, 01 Jun 2026 20:05:51 GMT" tf_http_res_status_code=403 tf_mux_provider=tf5to6server.v5tov6Server tf_resource_type=proxmox_virtual_environment_vm Content-Length=72 Date="Mon, 01 Jun 2026 20:05:51 GMT" Pragma=no-cache tf_http_res_body="{\"message\":\"Permission check failed (/vms/115, VM.Audit)\n\",\"data\":null}" tf_http_res_status_reason="403 Permission check failed (/vms/115, VM.Audit)" timestamp="2026-06-01T22:05:51.567+0200"
2026-06-01T22:05:52.568+0200 [DEBUG] provider.terraform-provider-proxmox_v0.108.0: Sending HTTP Request: tf_req_id=eef2f2d8-605e-7de7-db76-a92c64e24632 @module=proxmox Authorization="PVEAPIToken=terraform@pve!terraform-token=2df6cbb0-ee6b-4e44-9b47-38e10d58bb3b" tf_http_req_body="" tf_rpc=ApplyResourceChange @caller=/home/runner/go/pkg/mod/github.com/hashicorp/terraform-plugin-sdk/v2@v2.40.1/helper/logging/logging_http_transport.go:162 Accept=application/json Host=10.4.10.10:8006 tf_http_req_method=GET tf_http_req_uri=/api2/json/nodes/s12/qemu/115/status/current tf_provider_addr=registry.terraform.io/bpg/proxmox tf_resource_type=proxmox_virtual_environment_vm User-Agent=Go-http-client/1.1 tf_http_op_type=request tf_http_req_version=HTTP/1.1 tf_http_trans_id=8e52274e-9a48-b546-8558-ce73ddc7374a tf_mux_provider=tf5to6server.v5tov6Server Accept-Encoding=gzip timestamp="2026-06-01T22:05:52.568+0200"
2026-06-01T22:05:52.576+0200 [DEBUG] provider.terraform-provider-proxmox_v0.108.0: Received HTTP Response: Pragma=no-cache tf_http_res_body="{\"data\":null,\"message\":\"Permission check failed (/vms/115, VM.Audit)\n\"}" tf_http_res_status_reason="403 Permission check failed (/vms/115, VM.Audit)" tf_provider_addr=registry.terraform.io/bpg/proxmox @caller=/home/runner/go/pkg/mod/github.com/hashicorp/terraform-plugin-sdk/v2@v2.40.1/helper/logging/logging_http_transport.go:162 Cache-Control=max-age=0 Content-Type=application/json;charset=UTF-8 Date="Mon, 01 Jun 2026 20:05:52 GMT" tf_http_res_version=HTTP/1.1 tf_http_trans_id=8e52274e-9a48-b546-8558-ce73ddc7374a tf_mux_provider=tf5to6server.v5tov6Server Content-Length=72 Server=pve-api-daemon/3.0 tf_http_op_type=response tf_http_res_status_code=403 tf_resource_type=proxmox_virtual_environment_vm tf_rpc=ApplyResourceChange @module=proxmox Expires="Mon, 01 Jun 2026 20:05:52 GMT" tf_req_id=eef2f2d8-605e-7de7-db76-a92c64e24632 timestamp="2026-06-01T22:05:52.576+0200"
2026-06-01T22:05:53.577+0200 [DEBUG] provider.terraform-provider-proxmox_v0.108.0: Sending HTTP Request: tf_mux_provider=tf5to6server.v5tov6Server tf_rpc=ApplyResourceChange tf_http_req_body="" tf_http_req_method=GET tf_resource_type=proxmox_virtual_environment_vm @module=proxmox tf_http_req_uri=/api2/json/nodes/s12/qemu/115/status/current tf_http_req_version=HTTP/1.1 tf_req_id=eef2f2d8-605e-7de7-db76-a92c64e24632 Authorization="PVEAPIToken=terraform@pve!terraform-token=2df6cbb0-ee6b-4e44-9b47-38e10d58bb3b" Host=10.4.10.10:8006 tf_http_trans_id=e1a313cb-ddf7-dbad-cfa2-54474640cba0 tf_provider_addr=registry.terraform.io/bpg/proxmox @caller=/home/runner/go/pkg/mod/github.com/hashicorp/terraform-plugin-sdk/v2@v2.40.1/helper/logging/logging_http_transport.go:162 Accept=application/json Accept-Encoding=gzip User-Agent=Go-http-client/1.1 tf_http_op_type=request timestamp="2026-06-01T22:05:53.577+0200"
2026-06-01T22:05:53.584+0200 [DEBUG] provider.terraform-provider-proxmox_v0.108.0: Received HTTP Response: tf_provider_addr=registry.terraform.io/bpg/proxmox tf_req_id=eef2f2d8-605e-7de7-db76-a92c64e24632 Server=pve-api-daemon/3.0 @module=proxmox Expires="Mon, 01 Jun 2026 20:05:53 GMT" Pragma=no-cache tf_resource_type=proxmox_virtual_environment_vm tf_rpc=ApplyResourceChange tf_http_op_type=response tf_http_res_body="{\"data\":null,\"message\":\"Permission check failed (/vms/115, VM.Audit)\n\"}" tf_http_res_status_reason="403 Permission check failed (/vms/115, VM.Audit)" @caller=/home/runner/go/pkg/mod/github.com/hashicorp/terraform-plugin-sdk/v2@v2.40.1/helper/logging/logging_http_transport.go:162 Content-Length=72 Date="Mon, 01 Jun 2026 20:05:53 GMT" tf_http_trans_id=e1a313cb-ddf7-dbad-cfa2-54474640cba0 Cache-Control=max-age=0 Content-Type=application/json;charset=UTF-8 tf_http_res_status_code=403 tf_http_res_version=HTTP/1.1 tf_mux_provider=tf5to6server.v5tov6Server timestamp="2026-06-01T22:05:53.584+0200"
2026-06-01T22:05:54.585+0200 [DEBUG] provider.terraform-provider-proxmox_v0.108.0: Sending HTTP Request: tf_req_id=eef2f2d8-605e-7de7-db76-a92c64e24632 Authorization="PVEAPIToken=terraform@pve!terraform-token=2df6cbb0-ee6b-4e44-9b47-38e10d58bb3b" tf_rpc=ApplyResourceChange @module=proxmox Accept=application/json Accept-Encoding=gzip Host=10.4.10.10:8006 User-Agent=Go-http-client/1.1 tf_http_op_type=request tf_resource_type=proxmox_virtual_environment_vm @caller=/home/runner/go/pkg/mod/github.com/hashicorp/terraform-plugin-sdk/v2@v2.40.1/helper/logging/logging_http_transport.go:162 tf_http_req_body="" tf_http_req_uri=/api2/json/nodes/s12/qemu/115/status/current tf_http_req_version=HTTP/1.1 tf_http_trans_id=7eb1532b-9142-5d07-6e4a-63effb63ef70 tf_mux_provider=tf5to6server.v5tov6Server tf_provider_addr=registry.terraform.io/bpg/proxmox tf_http_req_method=GET timestamp="2026-06-01T22:05:54.584+0200"
2026-06-01T22:05:54.592+0200 [DEBUG] provider.terraform-provider-proxmox_v0.108.0: Received HTTP Response: tf_provider_addr=registry.terraform.io/bpg/proxmox Content-Length=72 Content-Type=application/json;charset=UTF-8 Expires="Mon, 01 Jun 2026 20:05:54 GMT" Pragma=no-cache tf_http_op_type=response tf_http_res_status_code=403 tf_http_res_status_reason="403 Permission check failed (/vms/115, VM.Audit)" @module=proxmox Cache-Control=max-age=0 tf_http_res_version=HTTP/1.1 tf_mux_provider=tf5to6server.v5tov6Server tf_req_id=eef2f2d8-605e-7de7-db76-a92c64e24632 tf_resource_type=proxmox_virtual_environment_vm @caller=/home/runner/go/pkg/mod/github.com/hashicorp/terraform-plugin-sdk/v2@v2.40.1/helper/logging/logging_http_transport.go:162 tf_rpc=ApplyResourceChange Date="Mon, 01 Jun 2026 20:05:54 GMT" Server=pve-api-daemon/3.0 tf_http_res_body="{\"message\":\"Permission check failed (/vms/115, VM.Audit)\n\",\"data\":null}" tf_http_trans_id=7eb1532b-9142-5d07-6e4a-63effb63ef70 timestamp="2026-06-01T22:05:54.592+0200"
2026-06-01T22:05:55.593+0200 [DEBUG] provider.terraform-provider-proxmox_v0.108.0: Sending HTTP Request: tf_http_req_method=GET tf_mux_provider=tf5to6server.v5tov6Server tf_resource_type=proxmox_virtual_environment_vm tf_http_op_type=request tf_http_req_version=HTTP/1.1 tf_provider_addr=registry.terraform.io/bpg/proxmox Accept=application/json Accept-Encoding=gzip tf_http_req_body="" tf_req_id=eef2f2d8-605e-7de7-db76-a92c64e24632 @caller=/home/runner/go/pkg/mod/github.com/hashicorp/terraform-plugin-sdk/v2@v2.40.1/helper/logging/logging_http_transport.go:162 Host=10.4.10.10:8006 tf_http_req_uri=/api2/json/nodes/s12/qemu/115/status/current tf_http_trans_id=d545aaf7-abc5-5e6a-9c31-95c3fe85b9df tf_rpc=ApplyResourceChange @module=proxmox Authorization="PVEAPIToken=terraform@pve!terraform-token=2df6cbb0-ee6b-4e44-9b47-38e10d58bb3b" User-Agent=Go-http-client/1.1 timestamp="2026-06-01T22:05:55.592+0200"
2026-06-01T22:05:55.600+0200 [DEBUG] provider.terraform-provider-proxmox_v0.108.0: Received HTTP Response: tf_http_res_body="{\"data\":null,\"message\":\"Permission check failed (/vms/115, VM.Audit)\n\"}" tf_http_res_status_code=403 tf_http_res_status_reason="403 Permission check failed (/vms/115, VM.Audit)" @module=proxmox Pragma=no-cache Server=pve-api-daemon/3.0 tf_http_op_type=response tf_mux_provider=tf5to6server.v5tov6Server Cache-Control=max-age=0 Content-Length=72 Content-Type=application/json;charset=UTF-8 tf_http_res_version=HTTP/1.1 @caller=/home/runner/go/pkg/mod/github.com/hashicorp/terraform-plugin-sdk/v2@v2.40.1/helper/logging/logging_http_transport.go:162 Expires="Mon, 01 Jun 2026 20:05:55 GMT" tf_http_trans_id=d545aaf7-abc5-5e6a-9c31-95c3fe85b9df tf_provider_addr=registry.terraform.io/bpg/proxmox tf_req_id=eef2f2d8-605e-7de7-db76-a92c64e24632 tf_resource_type=proxmox_virtual_environment_vm tf_rpc=ApplyResourceChange Date="Mon, 01 Jun 2026 20:05:55 GMT" timestamp="2026-06-01T22:05:55.600+0200"
2026-06-01T22:05:56.601+0200 [DEBUG] provider.terraform-provider-proxmox_v0.108.0: Sending HTTP Request: tf_http_req_version=HTTP/1.1 tf_mux_provider=tf5to6server.v5tov6Server tf_provider_addr=registry.terraform.io/bpg/proxmox tf_rpc=ApplyResourceChange Accept=application/json User-Agent=Go-http-client/1.1 @caller=/home/runner/go/pkg/mod/github.com/hashicorp/terraform-plugin-sdk/v2@v2.40.1/helper/logging/logging_http_transport.go:162 @module=proxmox tf_http_op_type=request tf_http_req_body="" tf_http_trans_id=8523b94c-d170-13b9-132e-c3743a5eb483 tf_req_id=eef2f2d8-605e-7de7-db76-a92c64e24632 tf_resource_type=proxmox_virtual_environment_vm Authorization="PVEAPIToken=terraform@pve!terraform-token=2df6cbb0-ee6b-4e44-9b47-38e10d58bb3b" Host=10.4.10.10:8006 tf_http_req_uri=/api2/json/nodes/s12/qemu/115/status/current Accept-Encoding=gzip tf_http_req_method=GET timestamp="2026-06-01T22:05:56.600+0200"
2026-06-01T22:05:56.608+0200 [DEBUG] provider.terraform-provider-proxmox_v0.108.0: Received HTTP Response: tf_http_res_body="{\"message\":\"Permission check failed (/vms/115, VM.Audit)\n\",\"data\":null}" tf_http_res_status_code=403 Content-Length=72 Content-Type=application/json;charset=UTF-8 tf_http_res_status_reason="403 Permission check failed (/vms/115, VM.Audit)" tf_provider_addr=registry.terraform.io/bpg/proxmox @module=proxmox Server=pve-api-daemon/3.0 tf_http_op_type=response tf_mux_provider=tf5to6server.v5tov6Server tf_req_id=eef2f2d8-605e-7de7-db76-a92c64e24632 tf_resource_type=proxmox_virtual_environment_vm tf_rpc=ApplyResourceChange @caller=/home/runner/go/pkg/mod/github.com/hashicorp/terraform-plugin-sdk/v2@v2.40.1/helper/logging/logging_http_transport.go:162 Expires="Mon, 01 Jun 2026 20:05:56 GMT" tf_http_res_version=HTTP/1.1 tf_http_trans_id=8523b94c-d170-13b9-132e-c3743a5eb483 Cache-Control=max-age=0 Date="Mon, 01 Jun 2026 20:05:56 GMT" Pragma=no-cache timestamp="2026-06-01T22:05:56.608+0200"
2026-06-01T22:05:57.609+0200 [DEBUG] provider.terraform-provider-proxmox_v0.108.0: Sending HTTP Request: Accept-Encoding=gzip tf_http_req_method=GET tf_http_trans_id=139a46f6-fcee-ed74-ecd0-126546fadd6f tf_provider_addr=registry.terraform.io/bpg/proxmox tf_req_id=eef2f2d8-605e-7de7-db76-a92c64e24632 tf_rpc=ApplyResourceChange Host=10.4.10.10:8006 User-Agent=Go-http-client/1.1 tf_http_req_version=HTTP/1.1 tf_resource_type=proxmox_virtual_environment_vm @caller=/home/runner/go/pkg/mod/github.com/hashicorp/terraform-plugin-sdk/v2@v2.40.1/helper/logging/logging_http_transport.go:162 tf_http_op_type=request tf_http_req_uri=/api2/json/nodes/s12/qemu/115/status/current tf_mux_provider=tf5to6server.v5tov6Server Authorization="PVEAPIToken=terraform@pve!terraform-token=2df6cbb0-ee6b-4e44-9b47-38e10d58bb3b" tf_http_req_body="" @module=proxmox Accept=application/json timestamp="2026-06-01T22:05:57.608+0200"
2026-06-01T22:05:57.616+0200 [DEBUG] provider.terraform-provider-proxmox_v0.108.0: Received HTTP Response: Pragma=no-cache tf_mux_provider=tf5to6server.v5tov6Server tf_provider_addr=registry.terraform.io/bpg/proxmox @caller=/home/runner/go/pkg/mod/github.com/hashicorp/terraform-plugin-sdk/v2@v2.40.1/helper/logging/logging_http_transport.go:162 Content-Length=72 Date="Mon, 01 Jun 2026 20:05:57 GMT" tf_http_res_version=HTTP/1.1 tf_req_id=eef2f2d8-605e-7de7-db76-a92c64e24632 tf_resource_type=proxmox_virtual_environment_vm tf_rpc=ApplyResourceChange Cache-Control=max-age=0 Content-Type=application/json;charset=UTF-8 Expires="Mon, 01 Jun 2026 20:05:57 GMT" tf_http_res_status_reason="403 Permission check failed (/vms/115, VM.Audit)" @module=proxmox Server=pve-api-daemon/3.0 tf_http_op_type=response tf_http_res_body="{\"data\":null,\"message\":\"Permission check failed (/vms/115, VM.Audit)\n\"}" tf_http_res_status_code=403 tf_http_trans_id=139a46f6-fcee-ed74-ecd0-126546fadd6f timestamp="2026-06-01T22:05:57.615+0200"
2026-06-01T22:05:58.616+0200 [DEBUG] provider.terraform-provider-proxmox_v0.108.0: Sending HTTP Request: tf_mux_provider=tf5to6server.v5tov6Server tf_resource_type=proxmox_virtual_environment_vm tf_rpc=ApplyResourceChange @module=proxmox Authorization="PVEAPIToken=terraform@pve!terraform-token=2df6cbb0-ee6b-4e44-9b47-38e10d58bb3b" Accept=application/json Host=10.4.10.10:8006 User-Agent=Go-http-client/1.1 tf_http_req_method=GET tf_http_req_uri=/api2/json/nodes/s12/qemu/115/status/current tf_http_req_version=HTTP/1.1 Accept-Encoding=gzip tf_http_op_type=request tf_provider_addr=registry.terraform.io/bpg/proxmox tf_req_id=eef2f2d8-605e-7de7-db76-a92c64e24632 @caller=/home/runner/go/pkg/mod/github.com/hashicorp/terraform-plugin-sdk/v2@v2.40.1/helper/logging/logging_http_transport.go:162 tf_http_req_body="" tf_http_trans_id=ec669d2c-5467-484a-80ff-db1505284929 timestamp="2026-06-01T22:05:58.616+0200"
2026-06-01T22:05:58.622+0200 [DEBUG] provider.terraform-provider-proxmox_v0.108.0: Received HTTP Response: @module=proxmox Server=pve-api-daemon/3.0 tf_http_res_status_code=403 tf_http_trans_id=ec669d2c-5467-484a-80ff-db1505284929 tf_rpc=ApplyResourceChange @caller=/home/runner/go/pkg/mod/github.com/hashicorp/terraform-plugin-sdk/v2@v2.40.1/helper/logging/logging_http_transport.go:162 Content-Type=application/json;charset=UTF-8 Pragma=no-cache tf_http_res_body="{\"data\":null,\"message\":\"Permission check failed (/vms/115, VM.Audit)\n\"}" tf_mux_provider=tf5to6server.v5tov6Server tf_provider_addr=registry.terraform.io/bpg/proxmox Cache-Control=max-age=0 Date="Mon, 01 Jun 2026 20:05:58 GMT" Expires="Mon, 01 Jun 2026 20:05:58 GMT" tf_http_res_status_reason="403 Permission check failed (/vms/115, VM.Audit)" Content-Length=72 tf_http_op_type=response tf_http_res_version=HTTP/1.1 tf_req_id=eef2f2d8-605e-7de7-db76-a92c64e24632 tf_resource_type=proxmox_virtual_environment_vm timestamp="2026-06-01T22:05:58.622+0200"
2026-06-01T22:05:59.622+0200 [DEBUG] provider.terraform-provider-proxmox_v0.108.0: Sending HTTP Request: tf_resource_type=proxmox_virtual_environment_vm tf_http_req_version=HTTP/1.1 tf_mux_provider=tf5to6server.v5tov6Server tf_provider_addr=registry.terraform.io/bpg/proxmox tf_req_id=eef2f2d8-605e-7de7-db76-a92c64e24632 tf_rpc=ApplyResourceChange @caller=/home/runner/go/pkg/mod/github.com/hashicorp/terraform-plugin-sdk/v2@v2.40.1/helper/logging/logging_http_transport.go:162 Accept=application/json Host=10.4.10.10:8006 tf_http_op_type=request tf_http_req_body="" tf_http_req_uri=/api2/json/nodes/s12/qemu/115/status/current @module=proxmox Accept-Encoding=gzip Authorization="PVEAPIToken=terraform@pve!terraform-token=2df6cbb0-ee6b-4e44-9b47-38e10d58bb3b" User-Agent=Go-http-client/1.1 tf_http_req_method=GET tf_http_trans_id=b0bb25b5-6990-d182-4059-d5fa491d24ef timestamp="2026-06-01T22:05:59.622+0200"
2026-06-01T22:05:59.629+0200 [DEBUG] provider.terraform-provider-proxmox_v0.108.0: Received HTTP Response: tf_http_res_status_reason="403 Permission check failed (/vms/115, VM.Audit)" tf_http_trans_id=b0bb25b5-6990-d182-4059-d5fa491d24ef Pragma=no-cache Server=pve-api-daemon/3.0 tf_http_res_version=HTTP/1.1 Cache-Control=max-age=0 Content-Type=application/json;charset=UTF-8 Date="Mon, 01 Jun 2026 20:05:59 GMT" tf_http_op_type=response tf_http_res_body="{\"data\":null,\"message\":\"Permission check failed (/vms/115, VM.Audit)\n\"}" tf_req_id=eef2f2d8-605e-7de7-db76-a92c64e24632 tf_resource_type=proxmox_virtual_environment_vm @module=proxmox tf_mux_provider=tf5to6server.v5tov6Server tf_provider_addr=registry.terraform.io/bpg/proxmox tf_rpc=ApplyResourceChange @caller=/home/runner/go/pkg/mod/github.com/hashicorp/terraform-plugin-sdk/v2@v2.40.1/helper/logging/logging_http_transport.go:162 Content-Length=72 Expires="Mon, 01 Jun 2026 20:05:59 GMT" tf_http_res_status_code=403 timestamp="2026-06-01T22:05:59.629+0200"
2026-06-01T22:06:00.630+0200 [DEBUG] provider.terraform-provider-proxmox_v0.108.0: Sending HTTP Request: Accept-Encoding=gzip Host=10.4.10.10:8006 tf_http_req_uri=/api2/json/nodes/s12/qemu/115/status/current tf_http_trans_id=611905fe-8fa4-bd02-7b85-efc61b36e415 Authorization="PVEAPIToken=terraform@pve!terraform-token=2df6cbb0-ee6b-4e44-9b47-38e10d58bb3b" User-Agent=Go-http-client/1.1 tf_http_req_body="" tf_http_req_version=HTTP/1.1 tf_mux_provider=tf5to6server.v5tov6Server tf_provider_addr=registry.terraform.io/bpg/proxmox @caller=/home/runner/go/pkg/mod/github.com/hashicorp/terraform-plugin-sdk/v2@v2.40.1/helper/logging/logging_http_transport.go:162 @module=proxmox tf_http_op_type=request tf_req_id=eef2f2d8-605e-7de7-db76-a92c64e24632 tf_rpc=ApplyResourceChange Accept=application/json tf_http_req_method=GET tf_resource_type=proxmox_virtual_environment_vm timestamp="2026-06-01T22:06:00.630+0200"
2026-06-01T22:06:00.636+0200 [DEBUG] provider.terraform-provider-proxmox_v0.108.0: Received HTTP Response: @module=proxmox Date="Mon, 01 Jun 2026 20:06:00 GMT" Expires="Mon, 01 Jun 2026 20:06:00 GMT" Server=pve-api-daemon/3.0 tf_http_op_type=response tf_mux_provider=tf5to6server.v5tov6Server tf_provider_addr=registry.terraform.io/bpg/proxmox @caller=/home/runner/go/pkg/mod/github.com/hashicorp/terraform-plugin-sdk/v2@v2.40.1/helper/logging/logging_http_transport.go:162 tf_http_res_body="{\"message\":\"Permission check failed (/vms/115, VM.Audit)\n\",\"data\":null}" tf_resource_type=proxmox_virtual_environment_vm Content-Length=72 Content-Type=application/json;charset=UTF-8 Pragma=no-cache tf_http_res_status_reason="403 Permission check failed (/vms/115, VM.Audit)" tf_http_res_version=HTTP/1.1 tf_req_id=eef2f2d8-605e-7de7-db76-a92c64e24632 Cache-Control=max-age=0 tf_http_res_status_code=403 tf_http_trans_id=611905fe-8fa4-bd02-7b85-efc61b36e415 tf_rpc=ApplyResourceChange timestamp="2026-06-01T22:06:00.636+0200"
2026-06-01T22:06:01.636+0200 [DEBUG] provider.terraform-provider-proxmox_v0.108.0: Sending HTTP Request: Host=10.4.10.10:8006 tf_http_req_uri=/api2/json/nodes/s12/qemu/115/status/current tf_http_trans_id=184317a6-a5a3-706a-7299-4c4771b78656 tf_rpc=ApplyResourceChange @caller=/home/runner/go/pkg/mod/github.com/hashicorp/terraform-plugin-sdk/v2@v2.40.1/helper/logging/logging_http_transport.go:162 Accept-Encoding=gzip tf_http_op_type=request tf_http_req_version=HTTP/1.1 tf_req_id=eef2f2d8-605e-7de7-db76-a92c64e24632 Accept=application/json Authorization="PVEAPIToken=terraform@pve!terraform-token=2df6cbb0-ee6b-4e44-9b47-38e10d58bb3b" User-Agent=Go-http-client/1.1 tf_http_req_method=GET tf_http_req_body="" tf_mux_provider=tf5to6server.v5tov6Server tf_provider_addr=registry.terraform.io/bpg/proxmox tf_resource_type=proxmox_virtual_environment_vm @module=proxmox timestamp="2026-06-01T22:06:01.636+0200"
2026-06-01T22:06:01.644+0200 [DEBUG] provider.terraform-provider-proxmox_v0.108.0: Received HTTP Response: Content-Type=application/json;charset=UTF-8 Server=pve-api-daemon/3.0 tf_http_res_version=HTTP/1.1 tf_http_trans_id=184317a6-a5a3-706a-7299-4c4771b78656 tf_mux_provider=tf5to6server.v5tov6Server tf_provider_addr=registry.terraform.io/bpg/proxmox tf_req_id=eef2f2d8-605e-7de7-db76-a92c64e24632 @caller=/home/runner/go/pkg/mod/github.com/hashicorp/terraform-plugin-sdk/v2@v2.40.1/helper/logging/logging_http_transport.go:162 Content-Length=72 Pragma=no-cache tf_http_op_type=response tf_http_res_body="{\"message\":\"Permission check failed (/vms/115, VM.Audit)\n\",\"data\":null}" tf_http_res_status_code=403 tf_rpc=ApplyResourceChange @module=proxmox Date="Mon, 01 Jun 2026 20:06:01 GMT" Expires="Mon, 01 Jun 2026 20:06:01 GMT" tf_http_res_status_reason="403 Permission check failed (/vms/115, VM.Audit)" Cache-Control=max-age=0 tf_resource_type=proxmox_virtual_environment_vm timestamp="2026-06-01T22:06:01.644+0200"
2026-06-01T22:06:02.644+0200 [DEBUG] provider.terraform-provider-proxmox_v0.108.0: Sending HTTP Request: tf_http_req_uri=/api2/json/nodes/s12/qemu/115/status/current tf_http_trans_id=0ee5732a-768c-ced0-1c57-f4b5ca2c2364 @caller=/home/runner/go/pkg/mod/github.com/hashicorp/terraform-plugin-sdk/v2@v2.40.1/helper/logging/logging_http_transport.go:162 Accept=application/json tf_http_req_body="" tf_http_req_method=GET tf_mux_provider=tf5to6server.v5tov6Server tf_resource_type=proxmox_virtual_environment_vm Accept-Encoding=gzip Authorization="PVEAPIToken=terraform@pve!terraform-token=2df6cbb0-ee6b-4e44-9b47-38e10d58bb3b" Host=10.4.10.10:8006 tf_http_req_version=HTTP/1.1 tf_rpc=ApplyResourceChange @module=proxmox User-Agent=Go-http-client/1.1 tf_http_op_type=request tf_provider_addr=registry.terraform.io/bpg/proxmox tf_req_id=eef2f2d8-605e-7de7-db76-a92c64e24632 timestamp="2026-06-01T22:06:02.644+0200"
2026-06-01T22:06:02.653+0200 [DEBUG] provider.terraform-provider-proxmox_v0.108.0: Received HTTP Response: tf_provider_addr=registry.terraform.io/bpg/proxmox @module=proxmox tf_http_op_type=response tf_http_res_body="{\"data\":null,\"message\":\"Permission check failed (/vms/115, VM.Audit)\n\"}" tf_rpc=ApplyResourceChange @caller=/home/runner/go/pkg/mod/github.com/hashicorp/terraform-plugin-sdk/v2@v2.40.1/helper/logging/logging_http_transport.go:162 Cache-Control=max-age=0 Content-Length=72 Content-Type=application/json;charset=UTF-8 Date="Mon, 01 Jun 2026 20:06:02 GMT" tf_http_res_version=HTTP/1.1 tf_mux_provider=tf5to6server.v5tov6Server tf_http_res_status_reason="403 Permission check failed (/vms/115, VM.Audit)" tf_http_trans_id=0ee5732a-768c-ced0-1c57-f4b5ca2c2364 tf_req_id=eef2f2d8-605e-7de7-db76-a92c64e24632 tf_resource_type=proxmox_virtual_environment_vm Expires="Mon, 01 Jun 2026 20:06:02 GMT" Pragma=no-cache Server=pve-api-daemon/3.0 tf_http_res_status_code=403 timestamp="2026-06-01T22:06:02.653+0200"
2026-06-01T22:06:03.653+0200 [DEBUG] provider.terraform-provider-proxmox_v0.108.0: Sending HTTP Request: @caller=/home/runner/go/pkg/mod/github.com/hashicorp/terraform-plugin-sdk/v2@v2.40.1/helper/logging/logging_http_transport.go:162 @module=proxmox tf_http_req_uri=/api2/json/nodes/s12/qemu/115/status/current Accept-Encoding=gzip Authorization="PVEAPIToken=terraform@pve!terraform-token=2df6cbb0-ee6b-4e44-9b47-38e10d58bb3b" tf_mux_provider=tf5to6server.v5tov6Server Accept=application/json tf_http_op_type=request tf_http_trans_id=e378910a-601f-abd1-52b3-a085443a3c23 tf_provider_addr=registry.terraform.io/bpg/proxmox tf_rpc=ApplyResourceChange Host=10.4.10.10:8006 User-Agent=Go-http-client/1.1 tf_http_req_body="" tf_http_req_method=GET tf_http_req_version=HTTP/1.1 tf_req_id=eef2f2d8-605e-7de7-db76-a92c64e24632 tf_resource_type=proxmox_virtual_environment_vm timestamp="2026-06-01T22:06:03.653+0200"
2026-06-01T22:06:03.661+0200 [DEBUG] provider.terraform-provider-proxmox_v0.108.0: Received HTTP Response: Content-Length=72 Content-Type=application/json;charset=UTF-8 Expires="Mon, 01 Jun 2026 20:06:03 GMT" Pragma=no-cache tf_http_res_status_code=403 Cache-Control=max-age=0 Date="Mon, 01 Jun 2026 20:06:03 GMT" tf_http_res_body="{\"data\":null,\"message\":\"Permission check failed (/vms/115, VM.Audit)\n\"}" tf_provider_addr=registry.terraform.io/bpg/proxmox tf_req_id=eef2f2d8-605e-7de7-db76-a92c64e24632 tf_rpc=ApplyResourceChange tf_http_op_type=response @module=proxmox tf_http_res_version=HTTP/1.1 tf_http_trans_id=e378910a-601f-abd1-52b3-a085443a3c23 tf_mux_provider=tf5to6server.v5tov6Server tf_http_res_status_reason="403 Permission check failed (/vms/115, VM.Audit)" tf_resource_type=proxmox_virtual_environment_vm Server=pve-api-daemon/3.0 @caller=/home/runner/go/pkg/mod/github.com/hashicorp/terraform-plugin-sdk/v2@v2.40.1/helper/logging/logging_http_transport.go:162 timestamp="2026-06-01T22:06:03.661+0200"
2026-06-01T22:06:04.661+0200 [DEBUG] provider.terraform-provider-proxmox_v0.108.0: Sending HTTP Request: Accept-Encoding=gzip Host=10.4.10.10:8006 tf_http_req_body="" tf_provider_addr=registry.terraform.io/bpg/proxmox @module=proxmox Authorization="PVEAPIToken=terraform@pve!terraform-token=2df6cbb0-ee6b-4e44-9b47-38e10d58bb3b" tf_http_req_uri=/api2/json/nodes/s12/qemu/115/status/current tf_http_trans_id=1813049f-be2a-33c1-86dd-e8bda5030221 tf_req_id=eef2f2d8-605e-7de7-db76-a92c64e24632 User-Agent=Go-http-client/1.1 tf_http_op_type=request tf_resource_type=proxmox_virtual_environment_vm tf_rpc=ApplyResourceChange @caller=/home/runner/go/pkg/mod/github.com/hashicorp/terraform-plugin-sdk/v2@v2.40.1/helper/logging/logging_http_transport.go:162 Accept=application/json tf_http_req_method=GET tf_http_req_version=HTTP/1.1 tf_mux_provider=tf5to6server.v5tov6Server timestamp="2026-06-01T22:06:04.661+0200"
2026-06-01T22:06:04.669+0200 [DEBUG] provider.terraform-provider-proxmox_v0.108.0: Received HTTP Response: tf_resource_type=proxmox_virtual_environment_vm tf_rpc=ApplyResourceChange @module=proxmox Date="Mon, 01 Jun 2026 20:06:04 GMT" tf_http_res_status_code=403 tf_provider_addr=registry.terraform.io/bpg/proxmox tf_req_id=eef2f2d8-605e-7de7-db76-a92c64e24632 @caller=/home/runner/go/pkg/mod/github.com/hashicorp/terraform-plugin-sdk/v2@v2.40.1/helper/logging/logging_http_transport.go:162 Cache-Control=max-age=0 Expires="Mon, 01 Jun 2026 20:06:04 GMT" Pragma=no-cache Server=pve-api-daemon/3.0 tf_http_res_version=HTTP/1.1 tf_mux_provider=tf5to6server.v5tov6Server Content-Type=application/json;charset=UTF-8 tf_http_op_type=response tf_http_res_status_reason="403 Permission check failed (/vms/115, VM.Audit)" Content-Length=72 tf_http_res_body="{\"message\":\"Permission check failed (/vms/115, VM.Audit)\n\",\"data\":null}" tf_http_trans_id=1813049f-be2a-33c1-86dd-e8bda5030221 timestamp="2026-06-01T22:06:04.669+0200"
2026-06-01T22:06:05.670+0200 [DEBUG] provider.terraform-provider-proxmox_v0.108.0: Sending HTTP Request: tf_http_req_method=GET Accept-Encoding=gzip Authorization="PVEAPIToken=terraform@pve!terraform-token=2df6cbb0-ee6b-4e44-9b47-38e10d58bb3b" Host=10.4.10.10:8006 tf_http_op_type=request tf_http_req_uri=/api2/json/nodes/s12/qemu/115/status/current tf_http_trans_id=e8e5b164-89c7-1feb-ef85-f167fe2e056d tf_mux_provider=tf5to6server.v5tov6Server @module=proxmox Accept=application/json User-Agent=Go-http-client/1.1 tf_http_req_body="" tf_http_req_version=HTTP/1.1 tf_provider_addr=registry.terraform.io/bpg/proxmox tf_req_id=eef2f2d8-605e-7de7-db76-a92c64e24632 @caller=/home/runner/go/pkg/mod/github.com/hashicorp/terraform-plugin-sdk/v2@v2.40.1/helper/logging/logging_http_transport.go:162 tf_resource_type=proxmox_virtual_environment_vm tf_rpc=ApplyResourceChange timestamp="2026-06-01T22:06:05.670+0200"
2026-06-01T22:06:05.678+0200 [DEBUG] provider.terraform-provider-proxmox_v0.108.0: Received HTTP Response: Content-Length=72 Expires="Mon, 01 Jun 2026 20:06:05 GMT" tf_http_trans_id=e8e5b164-89c7-1feb-ef85-f167fe2e056d tf_rpc=ApplyResourceChange Server=pve-api-daemon/3.0 tf_http_op_type=response tf_http_res_body="{\"message\":\"Permission check failed (/vms/115, VM.Audit)\n\",\"data\":null}" tf_http_res_version=HTTP/1.1 @module=proxmox Cache-Control=max-age=0 Date="Mon, 01 Jun 2026 20:06:05 GMT" tf_http_res_status_reason="403 Permission check failed (/vms/115, VM.Audit)" tf_req_id=eef2f2d8-605e-7de7-db76-a92c64e24632 tf_resource_type=proxmox_virtual_environment_vm @caller=/home/runner/go/pkg/mod/github.com/hashicorp/terraform-plugin-sdk/v2@v2.40.1/helper/logging/logging_http_transport.go:162 Content-Type=application/json;charset=UTF-8 Pragma=no-cache tf_http_res_status_code=403 tf_mux_provider=tf5to6server.v5tov6Server tf_provider_addr=registry.terraform.io/bpg/proxmox timestamp="2026-06-01T22:06:05.677+0200"
2026-06-01T22:06:06.678+0200 [DEBUG] provider.terraform-provider-proxmox_v0.108.0: Sending HTTP Request: Accept-Encoding=gzip Authorization="PVEAPIToken=terraform@pve!terraform-token=2df6cbb0-ee6b-4e44-9b47-38e10d58bb3b" User-Agent=Go-http-client/1.1 tf_http_req_method=GET tf_http_req_version=HTTP/1.1 tf_http_trans_id=45f45acd-01f1-a5be-2703-0fc2d05bd105 tf_mux_provider=tf5to6server.v5tov6Server @caller=/home/runner/go/pkg/mod/github.com/hashicorp/terraform-plugin-sdk/v2@v2.40.1/helper/logging/logging_http_transport.go:162 @module=proxmox tf_http_req_body="" tf_http_req_uri=/api2/json/nodes/s12/qemu/115/status/current tf_provider_addr=registry.terraform.io/bpg/proxmox tf_resource_type=proxmox_virtual_environment_vm Host=10.4.10.10:8006 tf_req_id=eef2f2d8-605e-7de7-db76-a92c64e24632 Accept=application/json tf_http_op_type=request tf_rpc=ApplyResourceChange timestamp="2026-06-01T22:06:06.678+0200"
2026-06-01T22:06:06.687+0200 [DEBUG] provider.terraform-provider-proxmox_v0.108.0: Received HTTP Response: @caller=/home/runner/go/pkg/mod/github.com/hashicorp/terraform-plugin-sdk/v2@v2.40.1/helper/logging/logging_http_transport.go:162 Cache-Control=max-age=0 Server=pve-api-daemon/3.0 tf_rpc=ApplyResourceChange Date="Mon, 01 Jun 2026 20:06:06 GMT" Expires="Mon, 01 Jun 2026 20:06:06 GMT" tf_http_res_body="{\"message\":\"Permission check failed (/vms/115, VM.Audit)\n\",\"data\":null}" tf_http_res_status_reason="403 Permission check failed (/vms/115, VM.Audit)" tf_mux_provider=tf5to6server.v5tov6Server tf_provider_addr=registry.terraform.io/bpg/proxmox tf_resource_type=proxmox_virtual_environment_vm tf_http_op_type=response @module=proxmox Content-Length=72 Content-Type=application/json;charset=UTF-8 Pragma=no-cache tf_http_trans_id=45f45acd-01f1-a5be-2703-0fc2d05bd105 tf_req_id=eef2f2d8-605e-7de7-db76-a92c64e24632 tf_http_res_status_code=403 tf_http_res_version=HTTP/1.1 timestamp="2026-06-01T22:06:06.687+0200"
2026-06-01T22:06:07.688+0200 [DEBUG] provider.terraform-provider-proxmox_v0.108.0: Sending HTTP Request: tf_http_req_version=HTTP/1.1 tf_req_id=eef2f2d8-605e-7de7-db76-a92c64e24632 tf_http_op_type=request tf_mux_provider=tf5to6server.v5tov6Server Accept=application/json User-Agent=Go-http-client/1.1 tf_rpc=ApplyResourceChange @module=proxmox Accept-Encoding=gzip tf_http_req_body="" tf_http_trans_id=15c1982f-3ad0-aa17-b50e-25f144ddc9df tf_provider_addr=registry.terraform.io/bpg/proxmox tf_resource_type=proxmox_virtual_environment_vm @caller=/home/runner/go/pkg/mod/github.com/hashicorp/terraform-plugin-sdk/v2@v2.40.1/helper/logging/logging_http_transport.go:162 Authorization="PVEAPIToken=terraform@pve!terraform-token=2df6cbb0-ee6b-4e44-9b47-38e10d58bb3b" Host=10.4.10.10:8006 tf_http_req_method=GET tf_http_req_uri=/api2/json/nodes/s12/qemu/115/status/current timestamp="2026-06-01T22:06:07.687+0200"
2026-06-01T22:06:07.695+0200 [DEBUG] provider.terraform-provider-proxmox_v0.108.0: Received HTTP Response: Date="Mon, 01 Jun 2026 20:06:07 GMT" tf_http_res_body="{\"data\":null,\"message\":\"Permission check failed (/vms/115, VM.Audit)\n\"}" tf_http_res_status_code=403 tf_http_res_version=HTTP/1.1 tf_http_trans_id=15c1982f-3ad0-aa17-b50e-25f144ddc9df Cache-Control=max-age=0 Content-Type=application/json;charset=UTF-8 tf_http_res_status_reason="403 Permission check failed (/vms/115, VM.Audit)" tf_provider_addr=registry.terraform.io/bpg/proxmox @caller=/home/runner/go/pkg/mod/github.com/hashicorp/terraform-plugin-sdk/v2@v2.40.1/helper/logging/logging_http_transport.go:162 tf_resource_type=proxmox_virtual_environment_vm tf_rpc=ApplyResourceChange Content-Length=72 Expires="Mon, 01 Jun 2026 20:06:07 GMT" Pragma=no-cache Server=pve-api-daemon/3.0 tf_http_op_type=response tf_mux_provider=tf5to6server.v5tov6Server tf_req_id=eef2f2d8-605e-7de7-db76-a92c64e24632 @module=proxmox timestamp="2026-06-01T22:06:07.695+0200"
2026-06-01T22:06:08.696+0200 [DEBUG] provider.terraform-provider-proxmox_v0.108.0: Sending HTTP Request: tf_http_req_version=HTTP/1.1 tf_mux_provider=tf5to6server.v5tov6Server tf_provider_addr=registry.terraform.io/bpg/proxmox @caller=/home/runner/go/pkg/mod/github.com/hashicorp/terraform-plugin-sdk/v2@v2.40.1/helper/logging/logging_http_transport.go:162 tf_http_op_type=request tf_resource_type=proxmox_virtual_environment_vm tf_rpc=ApplyResourceChange User-Agent=Go-http-client/1.1 tf_http_req_method=GET tf_http_req_uri=/api2/json/nodes/s12/qemu/115/status/current @module=proxmox Accept=application/json Accept-Encoding=gzip Host=10.4.10.10:8006 tf_http_req_body="" tf_http_trans_id=89f4b25c-211c-9e18-0c1c-4184319bfb6f tf_req_id=eef2f2d8-605e-7de7-db76-a92c64e24632 Authorization="PVEAPIToken=terraform@pve!terraform-token=2df6cbb0-ee6b-4e44-9b47-38e10d58bb3b" timestamp="2026-06-01T22:06:08.696+0200"
2026-06-01T22:06:08.704+0200 [DEBUG] provider.terraform-provider-proxmox_v0.108.0: Received HTTP Response: tf_req_id=eef2f2d8-605e-7de7-db76-a92c64e24632 tf_http_res_body="{\"message\":\"Permission check failed (/vms/115, VM.Audit)\n\",\"data\":null}" tf_http_trans_id=89f4b25c-211c-9e18-0c1c-4184319bfb6f tf_provider_addr=registry.terraform.io/bpg/proxmox tf_resource_type=proxmox_virtual_environment_vm tf_rpc=ApplyResourceChange tf_http_op_type=response @module=proxmox Cache-Control=max-age=0 Content-Length=72 Content-Type=application/json;charset=UTF-8 Date="Mon, 01 Jun 2026 20:06:08 GMT" Server=pve-api-daemon/3.0 @caller=/home/runner/go/pkg/mod/github.com/hashicorp/terraform-plugin-sdk/v2@v2.40.1/helper/logging/logging_http_transport.go:162 Pragma=no-cache tf_http_res_status_reason="403 Permission check failed (/vms/115, VM.Audit)" tf_http_res_version=HTTP/1.1 Expires="Mon, 01 Jun 2026 20:06:08 GMT" tf_http_res_status_code=403 tf_mux_provider=tf5to6server.v5tov6Server timestamp="2026-06-01T22:06:08.704+0200"
2026-06-01T22:06:09.705+0200 [DEBUG] provider.terraform-provider-proxmox_v0.108.0: Sending HTTP Request: @caller=/home/runner/go/pkg/mod/github.com/hashicorp/terraform-plugin-sdk/v2@v2.40.1/helper/logging/logging_http_transport.go:162 @module=proxmox Accept-Encoding=gzip tf_http_req_method=GET tf_provider_addr=registry.terraform.io/bpg/proxmox Accept=application/json tf_http_req_body="" tf_rpc=ApplyResourceChange Host=10.4.10.10:8006 tf_http_op_type=request tf_http_req_version=HTTP/1.1 tf_req_id=eef2f2d8-605e-7de7-db76-a92c64e24632 Authorization="PVEAPIToken=terraform@pve!terraform-token=2df6cbb0-ee6b-4e44-9b47-38e10d58bb3b" User-Agent=Go-http-client/1.1 tf_http_req_uri=/api2/json/nodes/s12/qemu/115/status/current tf_http_trans_id=96cd512b-f5f4-4f4d-b031-c7f481f18f72 tf_mux_provider=tf5to6server.v5tov6Server tf_resource_type=proxmox_virtual_environment_vm timestamp="2026-06-01T22:06:09.704+0200"
2026-06-01T22:06:09.715+0200 [DEBUG] provider.terraform-provider-proxmox_v0.108.0: Received HTTP Response: Content-Length=72 tf_http_res_body="{\"data\":null,\"message\":\"Permission check failed (/vms/115, VM.Audit)\n\"}" tf_http_res_status_reason="403 Permission check failed (/vms/115, VM.Audit)" tf_http_res_version=HTTP/1.1 tf_mux_provider=tf5to6server.v5tov6Server tf_provider_addr=registry.terraform.io/bpg/proxmox @module=proxmox Cache-Control=max-age=0 Date="Mon, 01 Jun 2026 20:06:09 GMT" tf_http_op_type=response tf_resource_type=proxmox_virtual_environment_vm Expires="Mon, 01 Jun 2026 20:06:09 GMT" Pragma=no-cache Server=pve-api-daemon/3.0 tf_http_res_status_code=403 tf_http_trans_id=96cd512b-f5f4-4f4d-b031-c7f481f18f72 tf_rpc=ApplyResourceChange @caller=/home/runner/go/pkg/mod/github.com/hashicorp/terraform-plugin-sdk/v2@v2.40.1/helper/logging/logging_http_transport.go:162 Content-Type=application/json;charset=UTF-8 tf_req_id=eef2f2d8-605e-7de7-db76-a92c64e24632 timestamp="2026-06-01T22:06:09.715+0200"
2026-06-01T22:06:10.716+0200 [DEBUG] provider.terraform-provider-proxmox_v0.108.0: Sending HTTP Request: tf_rpc=ApplyResourceChange @caller=/home/runner/go/pkg/mod/github.com/hashicorp/terraform-plugin-sdk/v2@v2.40.1/helper/logging/logging_http_transport.go:162 @module=proxmox Authorization="PVEAPIToken=terraform@pve!terraform-token=2df6cbb0-ee6b-4e44-9b47-38e10d58bb3b" User-Agent=Go-http-client/1.1 tf_provider_addr=registry.terraform.io/bpg/proxmox tf_req_id=eef2f2d8-605e-7de7-db76-a92c64e24632 Accept=application/json Host=10.4.10.10:8006 tf_http_req_version=HTTP/1.1 tf_resource_type=proxmox_virtual_environment_vm tf_http_op_type=request tf_http_req_method=GET tf_http_trans_id=fd3942b4-8619-161a-9d47-952175b0011d tf_mux_provider=tf5to6server.v5tov6Server Accept-Encoding=gzip tf_http_req_body="" tf_http_req_uri=/api2/json/nodes/s12/qemu/115/status/current timestamp="2026-06-01T22:06:10.716+0200"
2026-06-01T22:06:10.724+0200 [DEBUG] provider.terraform-provider-proxmox_v0.108.0: Received HTTP Response: @caller=/home/runner/go/pkg/mod/github.com/hashicorp/terraform-plugin-sdk/v2@v2.40.1/helper/logging/logging_http_transport.go:162 Content-Length=72 Date="Mon, 01 Jun 2026 20:06:10 GMT" Server=pve-api-daemon/3.0 tf_http_res_version=HTTP/1.1 tf_http_trans_id=fd3942b4-8619-161a-9d47-952175b0011d Pragma=no-cache tf_http_res_status_code=403 tf_provider_addr=registry.terraform.io/bpg/proxmox @module=proxmox Content-Type=application/json;charset=UTF-8 tf_http_op_type=response tf_http_res_body="{\"data\":null,\"message\":\"Permission check failed (/vms/115, VM.Audit)\n\"}" tf_mux_provider=tf5to6server.v5tov6Server tf_req_id=eef2f2d8-605e-7de7-db76-a92c64e24632 Cache-Control=max-age=0 Expires="Mon, 01 Jun 2026 20:06:10 GMT" tf_http_res_status_reason="403 Permission check failed (/vms/115, VM.Audit)" tf_resource_type=proxmox_virtual_environment_vm tf_rpc=ApplyResourceChange timestamp="2026-06-01T22:06:10.723+0200"
2026-06-01T22:06:11.724+0200 [DEBUG] provider.terraform-provider-proxmox_v0.108.0: Sending HTTP Request: tf_provider_addr=registry.terraform.io/bpg/proxmox tf_rpc=ApplyResourceChange @caller=/home/runner/go/pkg/mod/github.com/hashicorp/terraform-plugin-sdk/v2@v2.40.1/helper/logging/logging_http_transport.go:162 @module=proxmox Accept=application/json Authorization="PVEAPIToken=terraform@pve!terraform-token=2df6cbb0-ee6b-4e44-9b47-38e10d58bb3b" tf_http_req_body="" tf_mux_provider=tf5to6server.v5tov6Server tf_req_id=eef2f2d8-605e-7de7-db76-a92c64e24632 Host=10.4.10.10:8006 tf_http_req_method=GET tf_resource_type=proxmox_virtual_environment_vm Accept-Encoding=gzip tf_http_req_uri=/api2/json/nodes/s12/qemu/115/status/current tf_http_req_version=HTTP/1.1 User-Agent=Go-http-client/1.1 tf_http_op_type=request tf_http_trans_id=31b1bd4d-8b4d-40c6-abe1-7cb8c82b5485 timestamp="2026-06-01T22:06:11.724+0200"
2026-06-01T22:06:11.732+0200 [DEBUG] provider.terraform-provider-proxmox_v0.108.0: Received HTTP Response: @module=proxmox Expires="Mon, 01 Jun 2026 20:06:11 GMT" tf_mux_provider=tf5to6server.v5tov6Server tf_req_id=eef2f2d8-605e-7de7-db76-a92c64e24632 tf_resource_type=proxmox_virtual_environment_vm Content-Type=application/json;charset=UTF-8 Pragma=no-cache Server=pve-api-daemon/3.0 tf_http_res_body="{\"message\":\"Permission check failed (/vms/115, VM.Audit)\n\",\"data\":null}" tf_http_res_status_reason="403 Permission check failed (/vms/115, VM.Audit)" tf_rpc=ApplyResourceChange @caller=/home/runner/go/pkg/mod/github.com/hashicorp/terraform-plugin-sdk/v2@v2.40.1/helper/logging/logging_http_transport.go:162 tf_http_trans_id=31b1bd4d-8b4d-40c6-abe1-7cb8c82b5485 tf_provider_addr=registry.terraform.io/bpg/proxmox Cache-Control=max-age=0 Content-Length=72 Date="Mon, 01 Jun 2026 20:06:11 GMT" tf_http_op_type=response tf_http_res_status_code=403 tf_http_res_version=HTTP/1.1 timestamp="2026-06-01T22:06:11.732+0200"
2026-06-01T22:06:12.733+0200 [DEBUG] provider.terraform-provider-proxmox_v0.108.0: Sending HTTP Request: Accept-Encoding=gzip Authorization="PVEAPIToken=terraform@pve!terraform-token=2df6cbb0-ee6b-4e44-9b47-38e10d58bb3b" Host=10.4.10.10:8006 tf_http_op_type=request tf_http_req_version=HTTP/1.1 @module=proxmox Accept=application/json User-Agent=Go-http-client/1.1 tf_http_req_body="" tf_http_req_uri=/api2/json/nodes/s12/qemu/115/status/current tf_mux_provider=tf5to6server.v5tov6Server tf_http_req_method=GET tf_provider_addr=registry.terraform.io/bpg/proxmox tf_req_id=eef2f2d8-605e-7de7-db76-a92c64e24632 @caller=/home/runner/go/pkg/mod/github.com/hashicorp/terraform-plugin-sdk/v2@v2.40.1/helper/logging/logging_http_transport.go:162 tf_http_trans_id=d7c7167f-cf46-f4c1-3e5d-d650a051b972 tf_resource_type=proxmox_virtual_environment_vm tf_rpc=ApplyResourceChange timestamp="2026-06-01T22:06:12.733+0200"
2026-06-01T22:06:12.741+0200 [DEBUG] provider.terraform-provider-proxmox_v0.108.0: Received HTTP Response: tf_http_res_status_code=403 tf_http_res_body="{\"message\":\"Permission check failed (/vms/115, VM.Audit)\n\",\"data\":null}" tf_http_res_version=HTTP/1.1 tf_http_trans_id=d7c7167f-cf46-f4c1-3e5d-d650a051b972 tf_resource_type=proxmox_virtual_environment_vm tf_rpc=ApplyResourceChange Server=pve-api-daemon/3.0 tf_provider_addr=registry.terraform.io/bpg/proxmox Content-Length=72 Content-Type=application/json;charset=UTF-8 Date="Mon, 01 Jun 2026 20:06:12 GMT" Expires="Mon, 01 Jun 2026 20:06:12 GMT" Pragma=no-cache tf_http_res_status_reason="403 Permission check failed (/vms/115, VM.Audit)" tf_mux_provider=tf5to6server.v5tov6Server tf_req_id=eef2f2d8-605e-7de7-db76-a92c64e24632 @caller=/home/runner/go/pkg/mod/github.com/hashicorp/terraform-plugin-sdk/v2@v2.40.1/helper/logging/logging_http_transport.go:162 @module=proxmox Cache-Control=max-age=0 tf_http_op_type=response timestamp="2026-06-01T22:06:12.741+0200"
2026-06-01T22:06:13.741+0200 [DEBUG] provider.terraform-provider-proxmox_v0.108.0: Sending HTTP Request: tf_http_req_uri=/api2/json/nodes/s12/qemu/115/status/current tf_mux_provider=tf5to6server.v5tov6Server @caller=/home/runner/go/pkg/mod/github.com/hashicorp/terraform-plugin-sdk/v2@v2.40.1/helper/logging/logging_http_transport.go:162 Accept-Encoding=gzip Host=10.4.10.10:8006 tf_http_req_method=GET tf_req_id=eef2f2d8-605e-7de7-db76-a92c64e24632 @module=proxmox Accept=application/json Authorization="PVEAPIToken=terraform@pve!terraform-token=2df6cbb0-ee6b-4e44-9b47-38e10d58bb3b" User-Agent=Go-http-client/1.1 tf_http_op_type=request tf_http_req_body="" tf_http_req_version=HTTP/1.1 tf_http_trans_id=a4f415ec-8477-afc3-3130-cb226c4893af tf_provider_addr=registry.terraform.io/bpg/proxmox tf_resource_type=proxmox_virtual_environment_vm tf_rpc=ApplyResourceChange timestamp="2026-06-01T22:06:13.741+0200"
2026-06-01T22:06:13.748+0200 [DEBUG] provider.terraform-provider-proxmox_v0.108.0: Received HTTP Response: tf_resource_type=proxmox_virtual_environment_vm Cache-Control=max-age=0 Date="Mon, 01 Jun 2026 20:06:13 GMT" Expires="Mon, 01 Jun 2026 20:06:13 GMT" tf_http_res_status_code=403 tf_mux_provider=tf5to6server.v5tov6Server tf_provider_addr=registry.terraform.io/bpg/proxmox tf_rpc=ApplyResourceChange Content-Length=72 tf_http_op_type=response tf_http_trans_id=a4f415ec-8477-afc3-3130-cb226c4893af Server=pve-api-daemon/3.0 tf_http_res_body="{\"data\":null,\"message\":\"Permission check failed (/vms/115, VM.Audit)\n\"}" @caller=/home/runner/go/pkg/mod/github.com/hashicorp/terraform-plugin-sdk/v2@v2.40.1/helper/logging/logging_http_transport.go:162 @module=proxmox Content-Type=application/json;charset=UTF-8 Pragma=no-cache tf_http_res_status_reason="403 Permission check failed (/vms/115, VM.Audit)" tf_http_res_version=HTTP/1.1 tf_req_id=eef2f2d8-605e-7de7-db76-a92c64e24632 timestamp="2026-06-01T22:06:13.747+0200"
2026-06-01T22:06:14.748+0200 [DEBUG] provider.terraform-provider-proxmox_v0.108.0: Sending HTTP Request: @module=proxmox tf_http_op_type=request tf_http_req_body="" tf_http_trans_id=2c26e62f-d87e-aadc-2db2-c734dd5f0a21 @caller=/home/runner/go/pkg/mod/github.com/hashicorp/terraform-plugin-sdk/v2@v2.40.1/helper/logging/logging_http_transport.go:162 Accept=application/json Host=10.4.10.10:8006 User-Agent=Go-http-client/1.1 tf_mux_provider=tf5to6server.v5tov6Server tf_rpc=ApplyResourceChange Accept-Encoding=gzip tf_http_req_version=HTTP/1.1 tf_provider_addr=registry.terraform.io/bpg/proxmox Authorization="PVEAPIToken=terraform@pve!terraform-token=2df6cbb0-ee6b-4e44-9b47-38e10d58bb3b" tf_http_req_method=GET tf_http_req_uri=/api2/json/nodes/s12/qemu/115/status/current tf_req_id=eef2f2d8-605e-7de7-db76-a92c64e24632 tf_resource_type=proxmox_virtual_environment_vm timestamp="2026-06-01T22:06:14.748+0200"
2026-06-01T22:06:14.756+0200 [DEBUG] provider.terraform-provider-proxmox_v0.108.0: Received HTTP Response: Cache-Control=max-age=0 Content-Type=application/json;charset=UTF-8 Pragma=no-cache tf_http_trans_id=2c26e62f-d87e-aadc-2db2-c734dd5f0a21 Content-Length=72 tf_http_res_body="{\"data\":null,\"message\":\"Permission check failed (/vms/115, VM.Audit)\n\"}" tf_http_res_version=HTTP/1.1 tf_mux_provider=tf5to6server.v5tov6Server tf_req_id=eef2f2d8-605e-7de7-db76-a92c64e24632 tf_resource_type=proxmox_virtual_environment_vm tf_rpc=ApplyResourceChange @caller=/home/runner/go/pkg/mod/github.com/hashicorp/terraform-plugin-sdk/v2@v2.40.1/helper/logging/logging_http_transport.go:162 Expires="Mon, 01 Jun 2026 20:06:14 GMT" tf_http_res_status_code=403 tf_provider_addr=registry.terraform.io/bpg/proxmox Date="Mon, 01 Jun 2026 20:06:14 GMT" tf_http_res_status_reason="403 Permission check failed (/vms/115, VM.Audit)" Server=pve-api-daemon/3.0 tf_http_op_type=response @module=proxmox timestamp="2026-06-01T22:06:14.756+0200"
2026-06-01T22:06:15.757+0200 [DEBUG] provider.terraform-provider-proxmox_v0.108.0: Sending HTTP Request: Accept=application/json User-Agent=Go-http-client/1.1 tf_http_op_type=request tf_http_req_method=GET tf_http_req_uri=/api2/json/nodes/s12/qemu/115/status/current tf_http_req_version=HTTP/1.1 @caller=/home/runner/go/pkg/mod/github.com/hashicorp/terraform-plugin-sdk/v2@v2.40.1/helper/logging/logging_http_transport.go:162 Accept-Encoding=gzip tf_req_id=eef2f2d8-605e-7de7-db76-a92c64e24632 tf_rpc=ApplyResourceChange @module=proxmox Authorization="PVEAPIToken=terraform@pve!terraform-token=2df6cbb0-ee6b-4e44-9b47-38e10d58bb3b" Host=10.4.10.10:8006 tf_http_req_body="" tf_http_trans_id=d46151eb-00f3-3264-3dbc-25dbed1fdd3d tf_mux_provider=tf5to6server.v5tov6Server tf_provider_addr=registry.terraform.io/bpg/proxmox tf_resource_type=proxmox_virtual_environment_vm timestamp="2026-06-01T22:06:15.757+0200"
2026-06-01T22:06:15.764+0200 [DEBUG] provider.terraform-provider-proxmox_v0.108.0: Received HTTP Response: tf_http_res_body="{\"message\":\"Permission check failed (/vms/115, VM.Audit)\n\",\"data\":null}" tf_http_res_status_reason="403 Permission check failed (/vms/115, VM.Audit)" @caller=/home/runner/go/pkg/mod/github.com/hashicorp/terraform-plugin-sdk/v2@v2.40.1/helper/logging/logging_http_transport.go:162 @module=proxmox tf_http_op_type=response tf_http_trans_id=d46151eb-00f3-3264-3dbc-25dbed1fdd3d tf_provider_addr=registry.terraform.io/bpg/proxmox tf_req_id=eef2f2d8-605e-7de7-db76-a92c64e24632 Content-Type=application/json;charset=UTF-8 Server=pve-api-daemon/3.0 tf_http_res_status_code=403 tf_http_res_version=HTTP/1.1 tf_mux_provider=tf5to6server.v5tov6Server tf_resource_type=proxmox_virtual_environment_vm Date="Mon, 01 Jun 2026 20:06:15 GMT" Expires="Mon, 01 Jun 2026 20:06:15 GMT" Pragma=no-cache tf_rpc=ApplyResourceChange Cache-Control=max-age=0 Content-Length=72 timestamp="2026-06-01T22:06:15.763+0200"
2026-06-01T22:06:16.764+0200 [DEBUG] provider.terraform-provider-proxmox_v0.108.0: Sending HTTP Request: Accept-Encoding=gzip tf_http_req_body="" Accept=application/json Authorization="PVEAPIToken=terraform@pve!terraform-token=2df6cbb0-ee6b-4e44-9b47-38e10d58bb3b" tf_http_op_type=request tf_http_trans_id=7b5fd970-60f0-3449-6c3c-e88eebb604ce tf_req_id=eef2f2d8-605e-7de7-db76-a92c64e24632 tf_rpc=ApplyResourceChange @caller=/home/runner/go/pkg/mod/github.com/hashicorp/terraform-plugin-sdk/v2@v2.40.1/helper/logging/logging_http_transport.go:162 @module=proxmox User-Agent=Go-http-client/1.1 tf_http_req_method=GET tf_http_req_uri=/api2/json/nodes/s12/qemu/115/status/current tf_mux_provider=tf5to6server.v5tov6Server Host=10.4.10.10:8006 tf_http_req_version=HTTP/1.1 tf_provider_addr=registry.terraform.io/bpg/proxmox tf_resource_type=proxmox_virtual_environment_vm timestamp="2026-06-01T22:06:16.764+0200"
2026-06-01T22:06:16.771+0200 [DEBUG] provider.terraform-provider-proxmox_v0.108.0: Received HTTP Response: Cache-Control=max-age=0 Content-Length=72 Content-Type=application/json;charset=UTF-8 Date="Mon, 01 Jun 2026 20:06:16 GMT" Expires="Mon, 01 Jun 2026 20:06:16 GMT" Pragma=no-cache tf_resource_type=proxmox_virtual_environment_vm @caller=/home/runner/go/pkg/mod/github.com/hashicorp/terraform-plugin-sdk/v2@v2.40.1/helper/logging/logging_http_transport.go:162 @module=proxmox tf_http_res_status_reason="403 Permission check failed (/vms/115, VM.Audit)" tf_mux_provider=tf5to6server.v5tov6Server tf_provider_addr=registry.terraform.io/bpg/proxmox tf_http_op_type=response Server=pve-api-daemon/3.0 tf_rpc=ApplyResourceChange tf_http_res_body="{\"message\":\"Permission check failed (/vms/115, VM.Audit)\n\",\"data\":null}" tf_http_res_status_code=403 tf_http_res_version=HTTP/1.1 tf_http_trans_id=7b5fd970-60f0-3449-6c3c-e88eebb604ce tf_req_id=eef2f2d8-605e-7de7-db76-a92c64e24632 timestamp="2026-06-01T22:06:16.771+0200"
2026-06-01T22:06:17.772+0200 [DEBUG] provider.terraform-provider-proxmox_v0.108.0: Sending HTTP Request: Host=10.4.10.10:8006 User-Agent=Go-http-client/1.1 tf_http_op_type=request tf_http_req_method=GET tf_http_req_version=HTTP/1.1 tf_http_trans_id=f43eb451-10bf-14ea-450e-3ec347d39874 Accept=application/json Accept-Encoding=gzip tf_rpc=ApplyResourceChange tf_http_req_uri=/api2/json/nodes/s12/qemu/115/status/current @module=proxmox tf_mux_provider=tf5to6server.v5tov6Server tf_resource_type=proxmox_virtual_environment_vm @caller=/home/runner/go/pkg/mod/github.com/hashicorp/terraform-plugin-sdk/v2@v2.40.1/helper/logging/logging_http_transport.go:162 Authorization="PVEAPIToken=terraform@pve!terraform-token=2df6cbb0-ee6b-4e44-9b47-38e10d58bb3b" tf_http_req_body="" tf_provider_addr=registry.terraform.io/bpg/proxmox tf_req_id=eef2f2d8-605e-7de7-db76-a92c64e24632 timestamp="2026-06-01T22:06:17.772+0200"
2026-06-01T22:06:17.779+0200 [DEBUG] provider.terraform-provider-proxmox_v0.108.0: Received HTTP Response: @module=proxmox Content-Length=72 Content-Type=application/json;charset=UTF-8 Date="Mon, 01 Jun 2026 20:06:17 GMT" tf_http_op_type=response tf_rpc=ApplyResourceChange @caller=/home/runner/go/pkg/mod/github.com/hashicorp/terraform-plugin-sdk/v2@v2.40.1/helper/logging/logging_http_transport.go:162 Cache-Control=max-age=0 Expires="Mon, 01 Jun 2026 20:06:17 GMT" Pragma=no-cache Server=pve-api-daemon/3.0 tf_http_res_body="{\"message\":\"Permission check failed (/vms/115, VM.Audit)\n\",\"data\":null}" tf_http_res_status_code=403 tf_mux_provider=tf5to6server.v5tov6Server tf_resource_type=proxmox_virtual_environment_vm tf_http_res_status_reason="403 Permission check failed (/vms/115, VM.Audit)" tf_http_res_version=HTTP/1.1 tf_http_trans_id=f43eb451-10bf-14ea-450e-3ec347d39874 tf_provider_addr=registry.terraform.io/bpg/proxmox tf_req_id=eef2f2d8-605e-7de7-db76-a92c64e24632 timestamp="2026-06-01T22:06:17.779+0200"
2026-06-01T22:06:18.781+0200 [DEBUG] provider.terraform-provider-proxmox_v0.108.0: Sending HTTP Request: Authorization="PVEAPIToken=terraform@pve!terraform-token=2df6cbb0-ee6b-4e44-9b47-38e10d58bb3b" Host=10.4.10.10:8006 tf_mux_provider=tf5to6server.v5tov6Server tf_http_req_uri=/api2/json/nodes/s12/qemu/115/status/current Accept=application/json tf_http_trans_id=f98f8a88-e691-8b73-7b06-9e98167e9f94 tf_resource_type=proxmox_virtual_environment_vm User-Agent=Go-http-client/1.1 tf_http_req_method=GET tf_provider_addr=registry.terraform.io/bpg/proxmox tf_req_id=eef2f2d8-605e-7de7-db76-a92c64e24632 tf_rpc=ApplyResourceChange @caller=/home/runner/go/pkg/mod/github.com/hashicorp/terraform-plugin-sdk/v2@v2.40.1/helper/logging/logging_http_transport.go:162 Accept-Encoding=gzip tf_http_op_type=request tf_http_req_body="" tf_http_req_version=HTTP/1.1 @module=proxmox timestamp="2026-06-01T22:06:18.781+0200"
2026-06-01T22:06:18.789+0200 [DEBUG] provider.terraform-provider-proxmox_v0.108.0: Received HTTP Response: Date="Mon, 01 Jun 2026 20:06:18 GMT" Expires="Mon, 01 Jun 2026 20:06:18 GMT" tf_http_res_status_reason="403 Permission check failed (/vms/115, VM.Audit)" tf_resource_type=proxmox_virtual_environment_vm tf_rpc=ApplyResourceChange Content-Type=application/json;charset=UTF-8 Pragma=no-cache tf_req_id=eef2f2d8-605e-7de7-db76-a92c64e24632 tf_http_op_type=response tf_http_res_body="{\"data\":null,\"message\":\"Permission check failed (/vms/115, VM.Audit)\n\"}" @caller=/home/runner/go/pkg/mod/github.com/hashicorp/terraform-plugin-sdk/v2@v2.40.1/helper/logging/logging_http_transport.go:162 @module=proxmox Cache-Control=max-age=0 tf_http_res_status_code=403 tf_mux_provider=tf5to6server.v5tov6Server Content-Length=72 tf_http_res_version=HTTP/1.1 tf_http_trans_id=f98f8a88-e691-8b73-7b06-9e98167e9f94 tf_provider_addr=registry.terraform.io/bpg/proxmox Server=pve-api-daemon/3.0 timestamp="2026-06-01T22:06:18.789+0200"
2026-06-01T22:06:19.790+0200 [DEBUG] provider.terraform-provider-proxmox_v0.108.0: Sending HTTP Request: tf_http_req_version=HTTP/1.1 tf_req_id=eef2f2d8-605e-7de7-db76-a92c64e24632 tf_rpc=ApplyResourceChange @caller=/home/runner/go/pkg/mod/github.com/hashicorp/terraform-plugin-sdk/v2@v2.40.1/helper/logging/logging_http_transport.go:162 tf_http_req_body="" tf_http_trans_id=e73ecc00-ebc7-5a17-17c3-08f9f37cf796 Accept-Encoding=gzip tf_http_req_method=GET Authorization="PVEAPIToken=terraform@pve!terraform-token=2df6cbb0-ee6b-4e44-9b47-38e10d58bb3b" User-Agent=Go-http-client/1.1 tf_http_op_type=request tf_mux_provider=tf5to6server.v5tov6Server tf_provider_addr=registry.terraform.io/bpg/proxmox tf_resource_type=proxmox_virtual_environment_vm @module=proxmox Accept=application/json Host=10.4.10.10:8006 tf_http_req_uri=/api2/json/nodes/s12/qemu/115/status/current timestamp="2026-06-01T22:06:19.790+0200"
2026-06-01T22:06:19.797+0200 [DEBUG] provider.terraform-provider-proxmox_v0.108.0: Received HTTP Response: tf_http_res_status_code=403 tf_http_res_status_reason="403 Permission check failed (/vms/115, VM.Audit)" tf_http_trans_id=e73ecc00-ebc7-5a17-17c3-08f9f37cf796 tf_mux_provider=tf5to6server.v5tov6Server tf_provider_addr=registry.terraform.io/bpg/proxmox @module=proxmox Cache-Control=max-age=0 Content-Type=application/json;charset=UTF-8 Date="Mon, 01 Jun 2026 20:06:19 GMT" Pragma=no-cache tf_http_res_version=HTTP/1.1 Expires="Mon, 01 Jun 2026 20:06:19 GMT" Server=pve-api-daemon/3.0 tf_http_op_type=response tf_req_id=eef2f2d8-605e-7de7-db76-a92c64e24632 tf_resource_type=proxmox_virtual_environment_vm Content-Length=72 tf_http_res_body="{\"message\":\"Permission check failed (/vms/115, VM.Audit)\n\",\"data\":null}" tf_rpc=ApplyResourceChange @caller=/home/runner/go/pkg/mod/github.com/hashicorp/terraform-plugin-sdk/v2@v2.40.1/helper/logging/logging_http_transport.go:162 timestamp="2026-06-01T22:06:19.797+0200"
2026-06-01T22:06:20.797+0200 [DEBUG] provider.terraform-provider-proxmox_v0.108.0: Sending HTTP Request: @module=proxmox tf_req_id=eef2f2d8-605e-7de7-db76-a92c64e24632 Accept=application/json tf_http_op_type=request tf_http_req_method=GET tf_http_req_uri=/api2/json/nodes/s12/qemu/115/status/current tf_mux_provider=tf5to6server.v5tov6Server tf_resource_type=proxmox_virtual_environment_vm @caller=/home/runner/go/pkg/mod/github.com/hashicorp/terraform-plugin-sdk/v2@v2.40.1/helper/logging/logging_http_transport.go:162 Authorization="PVEAPIToken=terraform@pve!terraform-token=2df6cbb0-ee6b-4e44-9b47-38e10d58bb3b" Host=10.4.10.10:8006 User-Agent=Go-http-client/1.1 tf_http_req_body="" tf_http_req_version=HTTP/1.1 tf_http_trans_id=26043e33-8a0c-2c4d-6a7a-1c225c1da460 tf_provider_addr=registry.terraform.io/bpg/proxmox Accept-Encoding=gzip tf_rpc=ApplyResourceChange timestamp="2026-06-01T22:06:20.797+0200"
2026-06-01T22:06:20.805+0200 [DEBUG] provider.terraform-provider-proxmox_v0.108.0: Received HTTP Response: tf_mux_provider=tf5to6server.v5tov6Server tf_resource_type=proxmox_virtual_environment_vm @module=proxmox Content-Type=application/json;charset=UTF-8 Expires="Mon, 01 Jun 2026 20:06:20 GMT" Pragma=no-cache Server=pve-api-daemon/3.0 tf_http_res_status_reason="403 Permission check failed (/vms/115, VM.Audit)" tf_http_res_version=HTTP/1.1 Cache-Control=max-age=0 Content-Length=72 Date="Mon, 01 Jun 2026 20:06:20 GMT" tf_http_op_type=response tf_provider_addr=registry.terraform.io/bpg/proxmox tf_rpc=ApplyResourceChange @caller=/home/runner/go/pkg/mod/github.com/hashicorp/terraform-plugin-sdk/v2@v2.40.1/helper/logging/logging_http_transport.go:162 tf_http_res_body="{\"data\":null,\"message\":\"Permission check failed (/vms/115, VM.Audit)\n\"}" tf_http_res_status_code=403 tf_http_trans_id=26043e33-8a0c-2c4d-6a7a-1c225c1da460 tf_req_id=eef2f2d8-605e-7de7-db76-a92c64e24632 timestamp="2026-06-01T22:06:20.805+0200"
2026-06-01T22:06:21.805+0200 [DEBUG] provider.terraform-provider-proxmox_v0.108.0: Sending HTTP Request: @module=proxmox User-Agent=Go-http-client/1.1 tf_http_trans_id=a77011d2-0c68-0021-e52c-acd56e4b3786 tf_rpc=ApplyResourceChange tf_http_op_type=request tf_http_req_body="" tf_http_req_method=GET tf_http_req_uri=/api2/json/nodes/s12/qemu/115/status/current tf_mux_provider=tf5to6server.v5tov6Server tf_provider_addr=registry.terraform.io/bpg/proxmox @caller=/home/runner/go/pkg/mod/github.com/hashicorp/terraform-plugin-sdk/v2@v2.40.1/helper/logging/logging_http_transport.go:162 Accept=application/json Host=10.4.10.10:8006 tf_http_req_version=HTTP/1.1 Accept-Encoding=gzip Authorization="PVEAPIToken=terraform@pve!terraform-token=2df6cbb0-ee6b-4e44-9b47-38e10d58bb3b" tf_req_id=eef2f2d8-605e-7de7-db76-a92c64e24632 tf_resource_type=proxmox_virtual_environment_vm timestamp="2026-06-01T22:06:21.805+0200"
2026-06-01T22:06:21.813+0200 [DEBUG] provider.terraform-provider-proxmox_v0.108.0: Received HTTP Response: @module=proxmox Content-Length=72 Expires="Mon, 01 Jun 2026 20:06:21 GMT" tf_http_op_type=response @caller=/home/runner/go/pkg/mod/github.com/hashicorp/terraform-plugin-sdk/v2@v2.40.1/helper/logging/logging_http_transport.go:162 Cache-Control=max-age=0 Date="Mon, 01 Jun 2026 20:06:21 GMT" tf_http_res_status_reason="403 Permission check failed (/vms/115, VM.Audit)" tf_mux_provider=tf5to6server.v5tov6Server tf_req_id=eef2f2d8-605e-7de7-db76-a92c64e24632 tf_resource_type=proxmox_virtual_environment_vm Content-Type=application/json;charset=UTF-8 tf_http_res_body="{\"data\":null,\"message\":\"Permission check failed (/vms/115, VM.Audit)\n\"}" tf_http_res_status_code=403 tf_http_res_version=HTTP/1.1 tf_http_trans_id=a77011d2-0c68-0021-e52c-acd56e4b3786 Pragma=no-cache Server=pve-api-daemon/3.0 tf_provider_addr=registry.terraform.io/bpg/proxmox tf_rpc=ApplyResourceChange timestamp="2026-06-01T22:06:21.813+0200"
2026-06-01T22:06:22.813+0200 [DEBUG] provider.terraform-provider-proxmox_v0.108.0: Sending HTTP Request: tf_http_req_body="" tf_http_trans_id=d1b42cde-ca46-e527-77a9-2b50977e7220 tf_req_id=eef2f2d8-605e-7de7-db76-a92c64e24632 @caller=/home/runner/go/pkg/mod/github.com/hashicorp/terraform-plugin-sdk/v2@v2.40.1/helper/logging/logging_http_transport.go:162 tf_http_req_method=GET Accept=application/json User-Agent=Go-http-client/1.1 tf_http_req_uri=/api2/json/nodes/s12/qemu/115/status/current tf_mux_provider=tf5to6server.v5tov6Server tf_resource_type=proxmox_virtual_environment_vm Authorization="PVEAPIToken=terraform@pve!terraform-token=2df6cbb0-ee6b-4e44-9b47-38e10d58bb3b" tf_http_op_type=request tf_http_req_version=HTTP/1.1 tf_provider_addr=registry.terraform.io/bpg/proxmox tf_rpc=ApplyResourceChange @module=proxmox Accept-Encoding=gzip Host=10.4.10.10:8006 timestamp="2026-06-01T22:06:22.813+0200"
2026-06-01T22:06:22.821+0200 [DEBUG] provider.terraform-provider-proxmox_v0.108.0: Received HTTP Response: Content-Length=72 Date="Mon, 01 Jun 2026 20:06:22 GMT" Server=pve-api-daemon/3.0 tf_req_id=eef2f2d8-605e-7de7-db76-a92c64e24632 Content-Type=application/json;charset=UTF-8 Expires="Mon, 01 Jun 2026 20:06:22 GMT" tf_http_op_type=response tf_http_res_body="{\"message\":\"Permission check failed (/vms/115, VM.Audit)\n\",\"data\":null}" tf_http_res_version=HTTP/1.1 tf_provider_addr=registry.terraform.io/bpg/proxmox tf_resource_type=proxmox_virtual_environment_vm tf_rpc=ApplyResourceChange Cache-Control=max-age=0 tf_http_res_status_reason="403 Permission check failed (/vms/115, VM.Audit)" @caller=/home/runner/go/pkg/mod/github.com/hashicorp/terraform-plugin-sdk/v2@v2.40.1/helper/logging/logging_http_transport.go:162 Pragma=no-cache tf_http_res_status_code=403 tf_http_trans_id=d1b42cde-ca46-e527-77a9-2b50977e7220 tf_mux_provider=tf5to6server.v5tov6Server @module=proxmox timestamp="2026-06-01T22:06:22.821+0200"
2026-06-01T22:06:23.822+0200 [DEBUG] provider.terraform-provider-proxmox_v0.108.0: Sending HTTP Request: tf_http_req_body="" tf_req_id=eef2f2d8-605e-7de7-db76-a92c64e24632 Accept=application/json Host=10.4.10.10:8006 User-Agent=Go-http-client/1.1 tf_http_req_method=GET tf_http_req_uri=/api2/json/nodes/s12/qemu/115/status/current @caller=/home/runner/go/pkg/mod/github.com/hashicorp/terraform-plugin-sdk/v2@v2.40.1/helper/logging/logging_http_transport.go:162 Accept-Encoding=gzip Authorization="PVEAPIToken=terraform@pve!terraform-token=2df6cbb0-ee6b-4e44-9b47-38e10d58bb3b" tf_http_op_type=request tf_http_req_version=HTTP/1.1 tf_provider_addr=registry.terraform.io/bpg/proxmox tf_resource_type=proxmox_virtual_environment_vm tf_rpc=ApplyResourceChange @module=proxmox tf_http_trans_id=0811e535-fed6-f89f-e822-64162884e5fd tf_mux_provider=tf5to6server.v5tov6Server timestamp="2026-06-01T22:06:23.822+0200"
2026-06-01T22:06:23.830+0200 [DEBUG] provider.terraform-provider-proxmox_v0.108.0: Received HTTP Response: @caller=/home/runner/go/pkg/mod/github.com/hashicorp/terraform-plugin-sdk/v2@v2.40.1/helper/logging/logging_http_transport.go:162 Content-Length=72 tf_http_res_status_code=403 tf_http_res_version=HTTP/1.1 tf_provider_addr=registry.terraform.io/bpg/proxmox tf_req_id=eef2f2d8-605e-7de7-db76-a92c64e24632 Expires="Mon, 01 Jun 2026 20:06:23 GMT" tf_http_op_type=response tf_http_trans_id=0811e535-fed6-f89f-e822-64162884e5fd tf_mux_provider=tf5to6server.v5tov6Server tf_rpc=ApplyResourceChange @module=proxmox Content-Type=application/json;charset=UTF-8 Pragma=no-cache Server=pve-api-daemon/3.0 Cache-Control=max-age=0 Date="Mon, 01 Jun 2026 20:06:23 GMT" tf_http_res_body="{\"data\":null,\"message\":\"Permission check failed (/vms/115, VM.Audit)\n\"}" tf_http_res_status_reason="403 Permission check failed (/vms/115, VM.Audit)" tf_resource_type=proxmox_virtual_environment_vm timestamp="2026-06-01T22:06:23.830+0200"
2026-06-01T22:06:24.832+0200 [DEBUG] provider.terraform-provider-proxmox_v0.108.0: Sending HTTP Request: tf_http_req_method=GET tf_http_req_uri=/api2/json/nodes/s12/qemu/115/status/current tf_mux_provider=tf5to6server.v5tov6Server tf_resource_type=proxmox_virtual_environment_vm @module=proxmox tf_http_op_type=request tf_http_req_version=HTTP/1.1 tf_provider_addr=registry.terraform.io/bpg/proxmox Authorization="PVEAPIToken=terraform@pve!terraform-token=2df6cbb0-ee6b-4e44-9b47-38e10d58bb3b" Host=10.4.10.10:8006 @caller=/home/runner/go/pkg/mod/github.com/hashicorp/terraform-plugin-sdk/v2@v2.40.1/helper/logging/logging_http_transport.go:162 Accept=application/json tf_http_req_body="" tf_http_trans_id=4c65ffce-538a-7d5a-2d71-8be3c13f2851 tf_req_id=eef2f2d8-605e-7de7-db76-a92c64e24632 tf_rpc=ApplyResourceChange Accept-Encoding=gzip User-Agent=Go-http-client/1.1 timestamp="2026-06-01T22:06:24.831+0200"
2026-06-01T22:06:24.840+0200 [DEBUG] provider.terraform-provider-proxmox_v0.108.0: Received HTTP Response: Expires="Mon, 01 Jun 2026 20:06:24 GMT" Pragma=no-cache Server=pve-api-daemon/3.0 @module=proxmox tf_http_res_body="{\"message\":\"Permission check failed (/vms/115, VM.Audit)\n\",\"data\":null}" tf_http_res_status_code=403 tf_http_res_status_reason="403 Permission check failed (/vms/115, VM.Audit)" tf_rpc=ApplyResourceChange Cache-Control=max-age=0 tf_http_trans_id=4c65ffce-538a-7d5a-2d71-8be3c13f2851 tf_provider_addr=registry.terraform.io/bpg/proxmox tf_resource_type=proxmox_virtual_environment_vm Content-Length=72 Content-Type=application/json;charset=UTF-8 tf_http_res_version=HTTP/1.1 tf_mux_provider=tf5to6server.v5tov6Server tf_req_id=eef2f2d8-605e-7de7-db76-a92c64e24632 tf_http_op_type=response @caller=/home/runner/go/pkg/mod/github.com/hashicorp/terraform-plugin-sdk/v2@v2.40.1/helper/logging/logging_http_transport.go:162 Date="Mon, 01 Jun 2026 20:06:24 GMT" timestamp="2026-06-01T22:06:24.840+0200"
2026-06-01T22:06:25.841+0200 [DEBUG] provider.terraform-provider-proxmox_v0.108.0: Sending HTTP Request: Host=10.4.10.10:8006 User-Agent=Go-http-client/1.1 tf_mux_provider=tf5to6server.v5tov6Server tf_req_id=eef2f2d8-605e-7de7-db76-a92c64e24632 @module=proxmox tf_http_req_version=HTTP/1.1 tf_resource_type=proxmox_virtual_environment_vm tf_rpc=ApplyResourceChange @caller=/home/runner/go/pkg/mod/github.com/hashicorp/terraform-plugin-sdk/v2@v2.40.1/helper/logging/logging_http_transport.go:162 Authorization="PVEAPIToken=terraform@pve!terraform-token=2df6cbb0-ee6b-4e44-9b47-38e10d58bb3b" tf_http_req_method=GET tf_http_trans_id=7511bb21-6c29-dfae-24b1-3cf444e67179 Accept=application/json Accept-Encoding=gzip tf_http_op_type=request tf_http_req_body="" tf_http_req_uri=/api2/json/nodes/s12/qemu/115/status/current tf_provider_addr=registry.terraform.io/bpg/proxmox timestamp="2026-06-01T22:06:25.841+0200"
2026-06-01T22:06:25.849+0200 [DEBUG] provider.terraform-provider-proxmox_v0.108.0: Received HTTP Response: tf_http_trans_id=7511bb21-6c29-dfae-24b1-3cf444e67179 Cache-Control=max-age=0 Content-Length=72 Content-Type=application/json;charset=UTF-8 Date="Mon, 01 Jun 2026 20:06:25 GMT" Pragma=no-cache tf_http_op_type=response @module=proxmox Expires="Mon, 01 Jun 2026 20:06:25 GMT" tf_http_res_body="{\"data\":null,\"message\":\"Permission check failed (/vms/115, VM.Audit)\n\"}" tf_http_res_status_code=403 tf_http_res_status_reason="403 Permission check failed (/vms/115, VM.Audit)" tf_mux_provider=tf5to6server.v5tov6Server tf_provider_addr=registry.terraform.io/bpg/proxmox tf_req_id=eef2f2d8-605e-7de7-db76-a92c64e24632 @caller=/home/runner/go/pkg/mod/github.com/hashicorp/terraform-plugin-sdk/v2@v2.40.1/helper/logging/logging_http_transport.go:162 Server=pve-api-daemon/3.0 tf_resource_type=proxmox_virtual_environment_vm tf_rpc=ApplyResourceChange tf_http_res_version=HTTP/1.1 timestamp="2026-06-01T22:06:25.849+0200"
2026-06-01T22:06:26.850+0200 [DEBUG] provider.terraform-provider-proxmox_v0.108.0: Sending HTTP Request: @module=proxmox User-Agent=Go-http-client/1.1 tf_http_req_method=GET tf_http_req_uri=/api2/json/nodes/s12/qemu/115/status/current tf_http_trans_id=ba4d9797-ab59-9851-62f9-79ddbe75134e tf_provider_addr=registry.terraform.io/bpg/proxmox tf_rpc=ApplyResourceChange @caller=/home/runner/go/pkg/mod/github.com/hashicorp/terraform-plugin-sdk/v2@v2.40.1/helper/logging/logging_http_transport.go:162 Authorization="PVEAPIToken=terraform@pve!terraform-token=2df6cbb0-ee6b-4e44-9b47-38e10d58bb3b" tf_http_req_body="" Accept-Encoding=gzip tf_resource_type=proxmox_virtual_environment_vm Accept=application/json Host=10.4.10.10:8006 tf_http_op_type=request tf_http_req_version=HTTP/1.1 tf_mux_provider=tf5to6server.v5tov6Server tf_req_id=eef2f2d8-605e-7de7-db76-a92c64e24632 timestamp="2026-06-01T22:06:26.850+0200"
2026-06-01T22:06:26.859+0200 [DEBUG] provider.terraform-provider-proxmox_v0.108.0: Received HTTP Response: Content-Type=application/json;charset=UTF-8 tf_http_trans_id=ba4d9797-ab59-9851-62f9-79ddbe75134e Content-Length=72 Server=pve-api-daemon/3.0 tf_http_res_body="{\"message\":\"Permission check failed (/vms/115, VM.Audit)\n\",\"data\":null}" tf_mux_provider=tf5to6server.v5tov6Server tf_provider_addr=registry.terraform.io/bpg/proxmox tf_req_id=eef2f2d8-605e-7de7-db76-a92c64e24632 tf_resource_type=proxmox_virtual_environment_vm tf_rpc=ApplyResourceChange @caller=/home/runner/go/pkg/mod/github.com/hashicorp/terraform-plugin-sdk/v2@v2.40.1/helper/logging/logging_http_transport.go:162 Date="Mon, 01 Jun 2026 20:06:26 GMT" tf_http_res_status_code=403 tf_http_res_status_reason="403 Permission check failed (/vms/115, VM.Audit)" tf_http_res_version=HTTP/1.1 Cache-Control=max-age=0 Expires="Mon, 01 Jun 2026 20:06:26 GMT" Pragma=no-cache tf_http_op_type=response @module=proxmox timestamp="2026-06-01T22:06:26.859+0200"
2026-06-01T22:06:27.860+0200 [DEBUG] provider.terraform-provider-proxmox_v0.108.0: Sending HTTP Request: tf_provider_addr=registry.terraform.io/bpg/proxmox tf_http_req_uri=/api2/json/nodes/s12/qemu/115/status/current @caller=/home/runner/go/pkg/mod/github.com/hashicorp/terraform-plugin-sdk/v2@v2.40.1/helper/logging/logging_http_transport.go:162 @module=proxmox Accept=application/json Host=10.4.10.10:8006 tf_http_op_type=request tf_rpc=ApplyResourceChange Accept-Encoding=gzip tf_mux_provider=tf5to6server.v5tov6Server tf_req_id=eef2f2d8-605e-7de7-db76-a92c64e24632 tf_resource_type=proxmox_virtual_environment_vm tf_http_req_method=GET User-Agent=Go-http-client/1.1 tf_http_req_body="" tf_http_req_version=HTTP/1.1 tf_http_trans_id=d2aee15a-e48d-6044-5fce-a91e80a37a38 Authorization="PVEAPIToken=terraform@pve!terraform-token=2df6cbb0-ee6b-4e44-9b47-38e10d58bb3b" timestamp="2026-06-01T22:06:27.860+0200"
2026-06-01T22:06:27.868+0200 [DEBUG] provider.terraform-provider-proxmox_v0.108.0: Received HTTP Response: Content-Type=application/json;charset=UTF-8 Expires="Mon, 01 Jun 2026 20:06:27 GMT" tf_http_trans_id=d2aee15a-e48d-6044-5fce-a91e80a37a38 tf_rpc=ApplyResourceChange Cache-Control=max-age=0 tf_http_res_version=HTTP/1.1 tf_req_id=eef2f2d8-605e-7de7-db76-a92c64e24632 tf_resource_type=proxmox_virtual_environment_vm @module=proxmox Content-Length=72 tf_http_res_body="{\"data\":null,\"message\":\"Permission check failed (/vms/115, VM.Audit)\n\"}" tf_http_res_status_code=403 Date="Mon, 01 Jun 2026 20:06:27 GMT" Pragma=no-cache Server=pve-api-daemon/3.0 tf_http_op_type=response tf_http_res_status_reason="403 Permission check failed (/vms/115, VM.Audit)" tf_mux_provider=tf5to6server.v5tov6Server tf_provider_addr=registry.terraform.io/bpg/proxmox @caller=/home/runner/go/pkg/mod/github.com/hashicorp/terraform-plugin-sdk/v2@v2.40.1/helper/logging/logging_http_transport.go:162 timestamp="2026-06-01T22:06:27.868+0200"
2026-06-01T22:06:28.869+0200 [DEBUG] provider.terraform-provider-proxmox_v0.108.0: Sending HTTP Request: tf_http_req_method=GET tf_http_req_uri=/api2/json/nodes/s12/qemu/115/status/current tf_http_req_version=HTTP/1.1 @module=proxmox Accept=application/json Host=10.4.10.10:8006 tf_http_trans_id=6387b878-3244-4816-f2ff-055a3e446654 tf_mux_provider=tf5to6server.v5tov6Server tf_resource_type=proxmox_virtual_environment_vm Accept-Encoding=gzip tf_http_req_body="" tf_req_id=eef2f2d8-605e-7de7-db76-a92c64e24632 @caller=/home/runner/go/pkg/mod/github.com/hashicorp/terraform-plugin-sdk/v2@v2.40.1/helper/logging/logging_http_transport.go:162 tf_http_op_type=request tf_provider_addr=registry.terraform.io/bpg/proxmox tf_rpc=ApplyResourceChange Authorization="PVEAPIToken=terraform@pve!terraform-token=2df6cbb0-ee6b-4e44-9b47-38e10d58bb3b" User-Agent=Go-http-client/1.1 timestamp="2026-06-01T22:06:28.869+0200"
2026-06-01T22:06:28.878+0200 [DEBUG] provider.terraform-provider-proxmox_v0.108.0: Received HTTP Response: tf_http_res_status_code=403 Expires="Mon, 01 Jun 2026 20:06:28 GMT" Server=pve-api-daemon/3.0 tf_http_res_body="{\"message\":\"Permission check failed (/vms/115, VM.Audit)\n\",\"data\":null}" tf_http_res_status_reason="403 Permission check failed (/vms/115, VM.Audit)" tf_http_res_version=HTTP/1.1 tf_http_trans_id=6387b878-3244-4816-f2ff-055a3e446654 tf_provider_addr=registry.terraform.io/bpg/proxmox tf_resource_type=proxmox_virtual_environment_vm Content-Length=72 Date="Mon, 01 Jun 2026 20:06:28 GMT" tf_mux_provider=tf5to6server.v5tov6Server tf_req_id=eef2f2d8-605e-7de7-db76-a92c64e24632 tf_rpc=ApplyResourceChange @caller=/home/runner/go/pkg/mod/github.com/hashicorp/terraform-plugin-sdk/v2@v2.40.1/helper/logging/logging_http_transport.go:162 Pragma=no-cache @module=proxmox Cache-Control=max-age=0 Content-Type=application/json;charset=UTF-8 tf_http_op_type=response timestamp="2026-06-01T22:06:28.878+0200"
2026-06-01T22:06:29.879+0200 [DEBUG] provider.terraform-provider-proxmox_v0.108.0: Sending HTTP Request: Authorization="PVEAPIToken=terraform@pve!terraform-token=2df6cbb0-ee6b-4e44-9b47-38e10d58bb3b" tf_http_op_type=request tf_rpc=ApplyResourceChange User-Agent=Go-http-client/1.1 tf_http_req_body="" tf_http_req_version=HTTP/1.1 tf_mux_provider=tf5to6server.v5tov6Server tf_resource_type=proxmox_virtual_environment_vm Accept=application/json Host=10.4.10.10:8006 tf_http_req_method=GET tf_http_req_uri=/api2/json/nodes/s12/qemu/115/status/current tf_http_trans_id=947bd182-703f-bbe0-0283-95ef0d5221db tf_req_id=eef2f2d8-605e-7de7-db76-a92c64e24632 tf_provider_addr=registry.terraform.io/bpg/proxmox @caller=/home/runner/go/pkg/mod/github.com/hashicorp/terraform-plugin-sdk/v2@v2.40.1/helper/logging/logging_http_transport.go:162 @module=proxmox Accept-Encoding=gzip timestamp="2026-06-01T22:06:29.879+0200"
2026-06-01T22:06:29.886+0200 [DEBUG] provider.terraform-provider-proxmox_v0.108.0: Received HTTP Response: Content-Length=72 Content-Type=application/json;charset=UTF-8 Expires="Mon, 01 Jun 2026 20:06:29 GMT" tf_http_res_status_code=403 tf_resource_type=proxmox_virtual_environment_vm @module=proxmox Cache-Control=max-age=0 Pragma=no-cache tf_http_op_type=response tf_http_res_status_reason="403 Permission check failed (/vms/115, VM.Audit)" tf_http_res_version=HTTP/1.1 tf_req_id=eef2f2d8-605e-7de7-db76-a92c64e24632 @caller=/home/runner/go/pkg/mod/github.com/hashicorp/terraform-plugin-sdk/v2@v2.40.1/helper/logging/logging_http_transport.go:162 Server=pve-api-daemon/3.0 tf_http_res_body="{\"data\":null,\"message\":\"Permission check failed (/vms/115, VM.Audit)\n\"}" tf_provider_addr=registry.terraform.io/bpg/proxmox Date="Mon, 01 Jun 2026 20:06:29 GMT" tf_http_trans_id=947bd182-703f-bbe0-0283-95ef0d5221db tf_mux_provider=tf5to6server.v5tov6Server tf_rpc=ApplyResourceChange timestamp="2026-06-01T22:06:29.886+0200"
2026-06-01T22:06:30.887+0200 [DEBUG] provider.terraform-provider-proxmox_v0.108.0: Sending HTTP Request: Host=10.4.10.10:8006 tf_http_req_version=HTTP/1.1 tf_mux_provider=tf5to6server.v5tov6Server tf_provider_addr=registry.terraform.io/bpg/proxmox tf_req_id=eef2f2d8-605e-7de7-db76-a92c64e24632 tf_rpc=ApplyResourceChange @module=proxmox User-Agent=Go-http-client/1.1 tf_http_req_uri=/api2/json/nodes/s12/qemu/115/status/current Accept-Encoding=gzip Authorization="PVEAPIToken=terraform@pve!terraform-token=2df6cbb0-ee6b-4e44-9b47-38e10d58bb3b" tf_http_op_type=request tf_http_req_body="" tf_http_trans_id=ffed0742-4e77-94b1-dec2-f943f4840ddf @caller=/home/runner/go/pkg/mod/github.com/hashicorp/terraform-plugin-sdk/v2@v2.40.1/helper/logging/logging_http_transport.go:162 tf_http_req_method=GET tf_resource_type=proxmox_virtual_environment_vm Accept=application/json timestamp="2026-06-01T22:06:30.886+0200"
2026-06-01T22:06:30.894+0200 [DEBUG] provider.terraform-provider-proxmox_v0.108.0: Received HTTP Response: Pragma=no-cache tf_http_op_type=response tf_http_res_version=HTTP/1.1 @caller=/home/runner/go/pkg/mod/github.com/hashicorp/terraform-plugin-sdk/v2@v2.40.1/helper/logging/logging_http_transport.go:162 Cache-Control=max-age=0 Expires="Mon, 01 Jun 2026 20:06:30 GMT" tf_http_res_body="{\"data\":null,\"message\":\"Permission check failed (/vms/115, VM.Audit)\n\"}" tf_http_res_status_reason="403 Permission check failed (/vms/115, VM.Audit)" tf_http_trans_id=ffed0742-4e77-94b1-dec2-f943f4840ddf tf_resource_type=proxmox_virtual_environment_vm Content-Length=72 Date="Mon, 01 Jun 2026 20:06:30 GMT" Server=pve-api-daemon/3.0 tf_http_res_status_code=403 tf_req_id=eef2f2d8-605e-7de7-db76-a92c64e24632 tf_rpc=ApplyResourceChange @module=proxmox tf_mux_provider=tf5to6server.v5tov6Server tf_provider_addr=registry.terraform.io/bpg/proxmox Content-Type=application/json;charset=UTF-8 timestamp="2026-06-01T22:06:30.894+0200"
2026-06-01T22:06:31.895+0200 [DEBUG] provider.terraform-provider-proxmox_v0.108.0: Sending HTTP Request: @module=proxmox Accept=application/json tf_http_req_body="" tf_http_req_uri=/api2/json/nodes/s12/qemu/115/status/current tf_http_req_version=HTTP/1.1 Accept-Encoding=gzip Host=10.4.10.10:8006 User-Agent=Go-http-client/1.1 tf_http_op_type=request tf_http_req_method=GET tf_mux_provider=tf5to6server.v5tov6Server tf_req_id=eef2f2d8-605e-7de7-db76-a92c64e24632 tf_http_trans_id=75d44296-6629-5d5e-9863-f6f68c313537 tf_resource_type=proxmox_virtual_environment_vm tf_rpc=ApplyResourceChange @caller=/home/runner/go/pkg/mod/github.com/hashicorp/terraform-plugin-sdk/v2@v2.40.1/helper/logging/logging_http_transport.go:162 Authorization="PVEAPIToken=terraform@pve!terraform-token=2df6cbb0-ee6b-4e44-9b47-38e10d58bb3b" tf_provider_addr=registry.terraform.io/bpg/proxmox timestamp="2026-06-01T22:06:31.895+0200"
2026-06-01T22:06:31.905+0200 [DEBUG] provider.terraform-provider-proxmox_v0.108.0: Received HTTP Response: Server=pve-api-daemon/3.0 tf_req_id=eef2f2d8-605e-7de7-db76-a92c64e24632 tf_rpc=ApplyResourceChange Content-Length=72 tf_http_res_status_reason="403 Permission check failed (/vms/115, VM.Audit)" tf_http_trans_id=75d44296-6629-5d5e-9863-f6f68c313537 tf_provider_addr=registry.terraform.io/bpg/proxmox @caller=/home/runner/go/pkg/mod/github.com/hashicorp/terraform-plugin-sdk/v2@v2.40.1/helper/logging/logging_http_transport.go:162 Content-Type=application/json;charset=UTF-8 Date="Mon, 01 Jun 2026 20:06:31 GMT" Pragma=no-cache tf_http_op_type=response tf_http_res_version=HTTP/1.1 Cache-Control=max-age=0 Expires="Mon, 01 Jun 2026 20:06:31 GMT" tf_http_res_body="{\"message\":\"Permission check failed (/vms/115, VM.Audit)\n\",\"data\":null}" tf_http_res_status_code=403 tf_mux_provider=tf5to6server.v5tov6Server tf_resource_type=proxmox_virtual_environment_vm @module=proxmox timestamp="2026-06-01T22:06:31.905+0200"
2026-06-01T22:06:32.906+0200 [DEBUG] provider.terraform-provider-proxmox_v0.108.0: Sending HTTP Request: Accept=application/json tf_http_req_method=GET tf_mux_provider=tf5to6server.v5tov6Server tf_provider_addr=registry.terraform.io/bpg/proxmox tf_req_id=eef2f2d8-605e-7de7-db76-a92c64e24632 tf_rpc=ApplyResourceChange @caller=/home/runner/go/pkg/mod/github.com/hashicorp/terraform-plugin-sdk/v2@v2.40.1/helper/logging/logging_http_transport.go:162 Host=10.4.10.10:8006 User-Agent=Go-http-client/1.1 tf_http_op_type=request tf_http_req_version=HTTP/1.1 tf_http_trans_id=fcfaf655-2f70-be47-e38a-aec22d62c7f2 @module=proxmox Accept-Encoding=gzip Authorization="PVEAPIToken=terraform@pve!terraform-token=2df6cbb0-ee6b-4e44-9b47-38e10d58bb3b" tf_http_req_body="" tf_http_req_uri=/api2/json/nodes/s12/qemu/115/status/current tf_resource_type=proxmox_virtual_environment_vm timestamp="2026-06-01T22:06:32.905+0200"
2026-06-01T22:06:32.913+0200 [DEBUG] provider.terraform-provider-proxmox_v0.108.0: Received HTTP Response: Date="Mon, 01 Jun 2026 20:06:32 GMT" Cache-Control=max-age=0 tf_http_res_status_code=403 tf_http_res_version=HTTP/1.1 tf_mux_provider=tf5to6server.v5tov6Server tf_rpc=ApplyResourceChange tf_http_op_type=response tf_http_res_body="{\"message\":\"Permission check failed (/vms/115, VM.Audit)\n\",\"data\":null}" Pragma=no-cache tf_http_trans_id=fcfaf655-2f70-be47-e38a-aec22d62c7f2 tf_req_id=eef2f2d8-605e-7de7-db76-a92c64e24632 tf_resource_type=proxmox_virtual_environment_vm Content-Type=application/json;charset=UTF-8 Expires="Mon, 01 Jun 2026 20:06:32 GMT" tf_http_res_status_reason="403 Permission check failed (/vms/115, VM.Audit)" tf_provider_addr=registry.terraform.io/bpg/proxmox Server=pve-api-daemon/3.0 @caller=/home/runner/go/pkg/mod/github.com/hashicorp/terraform-plugin-sdk/v2@v2.40.1/helper/logging/logging_http_transport.go:162 @module=proxmox Content-Length=72 timestamp="2026-06-01T22:06:32.913+0200"
2026-06-01T22:06:33.914+0200 [DEBUG] provider.terraform-provider-proxmox_v0.108.0: Sending HTTP Request: tf_http_req_uri=/api2/json/nodes/s12/qemu/115/status/current @module=proxmox Host=10.4.10.10:8006 tf_mux_provider=tf5to6server.v5tov6Server tf_resource_type=proxmox_virtual_environment_vm tf_rpc=ApplyResourceChange Accept=application/json tf_http_op_type=request tf_http_req_body="" tf_http_req_version=HTTP/1.1 tf_req_id=eef2f2d8-605e-7de7-db76-a92c64e24632 Accept-Encoding=gzip User-Agent=Go-http-client/1.1 tf_http_trans_id=8d579866-4494-5919-8910-eb3ab0718b17 tf_provider_addr=registry.terraform.io/bpg/proxmox @caller=/home/runner/go/pkg/mod/github.com/hashicorp/terraform-plugin-sdk/v2@v2.40.1/helper/logging/logging_http_transport.go:162 Authorization="PVEAPIToken=terraform@pve!terraform-token=2df6cbb0-ee6b-4e44-9b47-38e10d58bb3b" tf_http_req_method=GET timestamp="2026-06-01T22:06:33.913+0200"
2026-06-01T22:06:33.921+0200 [DEBUG] provider.terraform-provider-proxmox_v0.108.0: Received HTTP Response: tf_http_res_status_code=403 tf_http_trans_id=8d579866-4494-5919-8910-eb3ab0718b17 tf_mux_provider=tf5to6server.v5tov6Server tf_resource_type=proxmox_virtual_environment_vm @caller=/home/runner/go/pkg/mod/github.com/hashicorp/terraform-plugin-sdk/v2@v2.40.1/helper/logging/logging_http_transport.go:162 Cache-Control=max-age=0 tf_http_res_status_reason="403 Permission check failed (/vms/115, VM.Audit)" tf_http_res_version=HTTP/1.1 Expires="Mon, 01 Jun 2026 20:06:33 GMT" Pragma=no-cache Server=pve-api-daemon/3.0 tf_provider_addr=registry.terraform.io/bpg/proxmox Content-Length=72 tf_http_op_type=response tf_http_res_body="{\"data\":null,\"message\":\"Permission check failed (/vms/115, VM.Audit)\n\"}" tf_req_id=eef2f2d8-605e-7de7-db76-a92c64e24632 tf_rpc=ApplyResourceChange @module=proxmox Content-Type=application/json;charset=UTF-8 Date="Mon, 01 Jun 2026 20:06:33 GMT" timestamp="2026-06-01T22:06:33.920+0200"
2026-06-01T22:06:34.921+0200 [DEBUG] provider.terraform-provider-proxmox_v0.108.0: Sending HTTP Request: tf_http_req_method=GET @module=proxmox Accept=application/json tf_http_req_version=HTTP/1.1 tf_http_trans_id=13c66696-b243-068e-c2cc-efba14e1fc42 Authorization="PVEAPIToken=terraform@pve!terraform-token=2df6cbb0-ee6b-4e44-9b47-38e10d58bb3b" User-Agent=Go-http-client/1.1 tf_provider_addr=registry.terraform.io/bpg/proxmox @caller=/home/runner/go/pkg/mod/github.com/hashicorp/terraform-plugin-sdk/v2@v2.40.1/helper/logging/logging_http_transport.go:162 Accept-Encoding=gzip tf_http_op_type=request tf_http_req_body="" tf_mux_provider=tf5to6server.v5tov6Server tf_resource_type=proxmox_virtual_environment_vm Host=10.4.10.10:8006 tf_http_req_uri=/api2/json/nodes/s12/qemu/115/status/current tf_req_id=eef2f2d8-605e-7de7-db76-a92c64e24632 tf_rpc=ApplyResourceChange timestamp="2026-06-01T22:06:34.921+0200"
2026-06-01T22:06:34.929+0200 [DEBUG] provider.terraform-provider-proxmox_v0.108.0: Received HTTP Response: Cache-Control=max-age=0 tf_http_op_type=response tf_http_res_status_code=403 tf_http_res_status_reason="403 Permission check failed (/vms/115, VM.Audit)" tf_mux_provider=tf5to6server.v5tov6Server tf_resource_type=proxmox_virtual_environment_vm @module=proxmox Date="Mon, 01 Jun 2026 20:06:34 GMT" tf_http_res_body="{\"message\":\"Permission check failed (/vms/115, VM.Audit)\n\",\"data\":null}" tf_http_trans_id=13c66696-b243-068e-c2cc-efba14e1fc42 tf_provider_addr=registry.terraform.io/bpg/proxmox tf_req_id=eef2f2d8-605e-7de7-db76-a92c64e24632 @caller=/home/runner/go/pkg/mod/github.com/hashicorp/terraform-plugin-sdk/v2@v2.40.1/helper/logging/logging_http_transport.go:162 Content-Length=72 Content-Type=application/json;charset=UTF-8 Expires="Mon, 01 Jun 2026 20:06:34 GMT" Pragma=no-cache tf_rpc=ApplyResourceChange Server=pve-api-daemon/3.0 tf_http_res_version=HTTP/1.1 timestamp="2026-06-01T22:06:34.928+0200"
2026-06-01T22:06:35.929+0200 [DEBUG] provider.terraform-provider-proxmox_v0.108.0: Sending HTTP Request: tf_http_trans_id=8fdb15f2-f149-6796-7af8-f34fa35442a7 tf_resource_type=proxmox_virtual_environment_vm tf_rpc=ApplyResourceChange Host=10.4.10.10:8006 User-Agent=Go-http-client/1.1 tf_provider_addr=registry.terraform.io/bpg/proxmox @module=proxmox Accept-Encoding=gzip tf_http_req_version=HTTP/1.1 Accept=application/json tf_http_req_body="" tf_mux_provider=tf5to6server.v5tov6Server tf_req_id=eef2f2d8-605e-7de7-db76-a92c64e24632 @caller=/home/runner/go/pkg/mod/github.com/hashicorp/terraform-plugin-sdk/v2@v2.40.1/helper/logging/logging_http_transport.go:162 Authorization="PVEAPIToken=terraform@pve!terraform-token=2df6cbb0-ee6b-4e44-9b47-38e10d58bb3b" tf_http_op_type=request tf_http_req_method=GET tf_http_req_uri=/api2/json/nodes/s12/qemu/115/status/current timestamp="2026-06-01T22:06:35.929+0200"
2026-06-01T22:06:35.936+0200 [DEBUG] provider.terraform-provider-proxmox_v0.108.0: Received HTTP Response: tf_rpc=ApplyResourceChange @module=proxmox tf_http_res_status_reason="403 Permission check failed (/vms/115, VM.Audit)" tf_mux_provider=tf5to6server.v5tov6Server tf_req_id=eef2f2d8-605e-7de7-db76-a92c64e24632 Cache-Control=max-age=0 Content-Type=application/json;charset=UTF-8 Pragma=no-cache tf_http_trans_id=8fdb15f2-f149-6796-7af8-f34fa35442a7 tf_provider_addr=registry.terraform.io/bpg/proxmox Content-Length=72 Server=pve-api-daemon/3.0 tf_http_op_type=response tf_http_res_body="{\"data\":null,\"message\":\"Permission check failed (/vms/115, VM.Audit)\n\"}" tf_http_res_status_code=403 @caller=/home/runner/go/pkg/mod/github.com/hashicorp/terraform-plugin-sdk/v2@v2.40.1/helper/logging/logging_http_transport.go:162 Date="Mon, 01 Jun 2026 20:06:35 GMT" Expires="Mon, 01 Jun 2026 20:06:35 GMT" tf_http_res_version=HTTP/1.1 tf_resource_type=proxmox_virtual_environment_vm timestamp="2026-06-01T22:06:35.936+0200"
2026-06-01T22:06:36.937+0200 [DEBUG] provider.terraform-provider-proxmox_v0.108.0: Sending HTTP Request: tf_http_req_body="" tf_http_trans_id=3fcf93d4-ab82-1968-552c-7d015a7d345f tf_req_id=eef2f2d8-605e-7de7-db76-a92c64e24632 Accept=application/json User-Agent=Go-http-client/1.1 tf_mux_provider=tf5to6server.v5tov6Server tf_rpc=ApplyResourceChange Host=10.4.10.10:8006 tf_http_op_type=request tf_provider_addr=registry.terraform.io/bpg/proxmox tf_resource_type=proxmox_virtual_environment_vm @module=proxmox tf_http_req_method=GET tf_http_req_uri=/api2/json/nodes/s12/qemu/115/status/current tf_http_req_version=HTTP/1.1 @caller=/home/runner/go/pkg/mod/github.com/hashicorp/terraform-plugin-sdk/v2@v2.40.1/helper/logging/logging_http_transport.go:162 Accept-Encoding=gzip Authorization="PVEAPIToken=terraform@pve!terraform-token=2df6cbb0-ee6b-4e44-9b47-38e10d58bb3b" timestamp="2026-06-01T22:06:36.937+0200"
2026-06-01T22:06:36.944+0200 [DEBUG] provider.terraform-provider-proxmox_v0.108.0: Received HTTP Response: @module=proxmox tf_http_res_version=HTTP/1.1 tf_provider_addr=registry.terraform.io/bpg/proxmox Content-Length=72 Content-Type=application/json;charset=UTF-8 Date="Mon, 01 Jun 2026 20:06:36 GMT" Pragma=no-cache tf_http_res_status_reason="403 Permission check failed (/vms/115, VM.Audit)" tf_resource_type=proxmox_virtual_environment_vm tf_rpc=ApplyResourceChange Cache-Control=max-age=0 Expires="Mon, 01 Jun 2026 20:06:36 GMT" tf_http_op_type=response tf_http_res_body="{\"data\":null,\"message\":\"Permission check failed (/vms/115, VM.Audit)\n\"}" tf_http_res_status_code=403 tf_http_trans_id=3fcf93d4-ab82-1968-552c-7d015a7d345f tf_mux_provider=tf5to6server.v5tov6Server tf_req_id=eef2f2d8-605e-7de7-db76-a92c64e24632 @caller=/home/runner/go/pkg/mod/github.com/hashicorp/terraform-plugin-sdk/v2@v2.40.1/helper/logging/logging_http_transport.go:162 Server=pve-api-daemon/3.0 timestamp="2026-06-01T22:06:36.944+0200"
2026-06-01T22:06:37.945+0200 [DEBUG] provider.terraform-provider-proxmox_v0.108.0: Sending HTTP Request: tf_http_req_body="" tf_http_req_method=GET tf_http_op_type=request tf_http_req_version=HTTP/1.1 tf_http_trans_id=559b58dd-51e6-1416-2254-501164117dc9 tf_mux_provider=tf5to6server.v5tov6Server tf_rpc=ApplyResourceChange @caller=/home/runner/go/pkg/mod/github.com/hashicorp/terraform-plugin-sdk/v2@v2.40.1/helper/logging/logging_http_transport.go:162 Accept-Encoding=gzip Host=10.4.10.10:8006 User-Agent=Go-http-client/1.1 tf_http_req_uri=/api2/json/nodes/s12/qemu/115/status/current tf_req_id=eef2f2d8-605e-7de7-db76-a92c64e24632 tf_provider_addr=registry.terraform.io/bpg/proxmox tf_resource_type=proxmox_virtual_environment_vm @module=proxmox Accept=application/json Authorization="PVEAPIToken=terraform@pve!terraform-token=2df6cbb0-ee6b-4e44-9b47-38e10d58bb3b" timestamp="2026-06-01T22:06:37.945+0200"
2026-06-01T22:06:37.952+0200 [DEBUG] provider.terraform-provider-proxmox_v0.108.0: Received HTTP Response: @caller=/home/runner/go/pkg/mod/github.com/hashicorp/terraform-plugin-sdk/v2@v2.40.1/helper/logging/logging_http_transport.go:162 tf_http_res_status_code=403 tf_http_res_version=HTTP/1.1 tf_resource_type=proxmox_virtual_environment_vm Content-Length=72 Pragma=no-cache Server=pve-api-daemon/3.0 tf_http_trans_id=559b58dd-51e6-1416-2254-501164117dc9 tf_mux_provider=tf5to6server.v5tov6Server @module=proxmox Date="Mon, 01 Jun 2026 20:06:37 GMT" Expires="Mon, 01 Jun 2026 20:06:37 GMT" tf_provider_addr=registry.terraform.io/bpg/proxmox tf_req_id=eef2f2d8-605e-7de7-db76-a92c64e24632 tf_rpc=ApplyResourceChange Cache-Control=max-age=0 Content-Type=application/json;charset=UTF-8 tf_http_op_type=response tf_http_res_body="{\"message\":\"Permission check failed (/vms/115, VM.Audit)\n\",\"data\":null}" tf_http_res_status_reason="403 Permission check failed (/vms/115, VM.Audit)" timestamp="2026-06-01T22:06:37.952+0200"
2026-06-01T22:06:38.953+0200 [DEBUG] provider.terraform-provider-proxmox_v0.108.0: Sending HTTP Request: Accept=application/json Accept-Encoding=gzip tf_http_req_body="" tf_http_req_method=GET tf_http_trans_id=8c1c1644-a2b7-5c61-5f29-1aedb3856111 @caller=/home/runner/go/pkg/mod/github.com/hashicorp/terraform-plugin-sdk/v2@v2.40.1/helper/logging/logging_http_transport.go:162 @module=proxmox tf_http_op_type=request tf_http_req_uri=/api2/json/nodes/s12/qemu/115/status/current tf_http_req_version=HTTP/1.1 tf_provider_addr=registry.terraform.io/bpg/proxmox tf_resource_type=proxmox_virtual_environment_vm User-Agent=Go-http-client/1.1 tf_mux_provider=tf5to6server.v5tov6Server Authorization="PVEAPIToken=terraform@pve!terraform-token=2df6cbb0-ee6b-4e44-9b47-38e10d58bb3b" Host=10.4.10.10:8006 tf_req_id=eef2f2d8-605e-7de7-db76-a92c64e24632 tf_rpc=ApplyResourceChange timestamp="2026-06-01T22:06:38.952+0200"
2026-06-01T22:06:38.959+0200 [DEBUG] provider.terraform-provider-proxmox_v0.108.0: Received HTTP Response: tf_http_res_status_reason="403 Permission check failed (/vms/115, VM.Audit)" tf_mux_provider=tf5to6server.v5tov6Server tf_resource_type=proxmox_virtual_environment_vm @module=proxmox Content-Length=72 Date="Mon, 01 Jun 2026 20:06:38 GMT" Server=pve-api-daemon/3.0 tf_http_op_type=response tf_http_res_body="{\"message\":\"Permission check failed (/vms/115, VM.Audit)\n\",\"data\":null}" tf_req_id=eef2f2d8-605e-7de7-db76-a92c64e24632 Cache-Control=max-age=0 Content-Type=application/json;charset=UTF-8 Expires="Mon, 01 Jun 2026 20:06:38 GMT" tf_http_res_status_code=403 tf_http_res_version=HTTP/1.1 tf_provider_addr=registry.terraform.io/bpg/proxmox tf_http_trans_id=8c1c1644-a2b7-5c61-5f29-1aedb3856111 tf_rpc=ApplyResourceChange @caller=/home/runner/go/pkg/mod/github.com/hashicorp/terraform-plugin-sdk/v2@v2.40.1/helper/logging/logging_http_transport.go:162 Pragma=no-cache timestamp="2026-06-01T22:06:38.959+0200"
2026-06-01T22:06:39.960+0200 [DEBUG] provider.terraform-provider-proxmox_v0.108.0: Sending HTTP Request: Accept=application/json Authorization="PVEAPIToken=terraform@pve!terraform-token=2df6cbb0-ee6b-4e44-9b47-38e10d58bb3b" tf_http_op_type=request User-Agent=Go-http-client/1.1 tf_http_req_uri=/api2/json/nodes/s12/qemu/115/status/current tf_http_req_version=HTTP/1.1 tf_http_trans_id=29d1201d-b322-a961-7622-0be91dad2e53 tf_req_id=eef2f2d8-605e-7de7-db76-a92c64e24632 tf_resource_type=proxmox_virtual_environment_vm tf_rpc=ApplyResourceChange @caller=/home/runner/go/pkg/mod/github.com/hashicorp/terraform-plugin-sdk/v2@v2.40.1/helper/logging/logging_http_transport.go:162 Host=10.4.10.10:8006 tf_http_req_method=GET tf_mux_provider=tf5to6server.v5tov6Server @module=proxmox Accept-Encoding=gzip tf_http_req_body="" tf_provider_addr=registry.terraform.io/bpg/proxmox timestamp="2026-06-01T22:06:39.960+0200"
2026-06-01T22:06:39.967+0200 [DEBUG] provider.terraform-provider-proxmox_v0.108.0: Received HTTP Response: tf_http_res_body="{\"data\":null,\"message\":\"Permission check failed (/vms/115, VM.Audit)\n\"}" tf_http_res_status_reason="403 Permission check failed (/vms/115, VM.Audit)" tf_mux_provider=tf5to6server.v5tov6Server Cache-Control=max-age=0 Pragma=no-cache Server=pve-api-daemon/3.0 tf_http_res_version=HTTP/1.1 tf_resource_type=proxmox_virtual_environment_vm tf_rpc=ApplyResourceChange Content-Length=72 tf_http_op_type=response @caller=/home/runner/go/pkg/mod/github.com/hashicorp/terraform-plugin-sdk/v2@v2.40.1/helper/logging/logging_http_transport.go:162 @module=proxmox Content-Type=application/json;charset=UTF-8 tf_http_res_status_code=403 tf_http_trans_id=29d1201d-b322-a961-7622-0be91dad2e53 tf_provider_addr=registry.terraform.io/bpg/proxmox tf_req_id=eef2f2d8-605e-7de7-db76-a92c64e24632 Date="Mon, 01 Jun 2026 20:06:39 GMT" Expires="Mon, 01 Jun 2026 20:06:39 GMT" timestamp="2026-06-01T22:06:39.967+0200"
2026-06-01T22:06:40.968+0200 [DEBUG] provider.terraform-provider-proxmox_v0.108.0: Sending HTTP Request: @module=proxmox tf_http_op_type=request tf_provider_addr=registry.terraform.io/bpg/proxmox tf_resource_type=proxmox_virtual_environment_vm @caller=/home/runner/go/pkg/mod/github.com/hashicorp/terraform-plugin-sdk/v2@v2.40.1/helper/logging/logging_http_transport.go:162 Accept-Encoding=gzip Authorization="PVEAPIToken=terraform@pve!terraform-token=2df6cbb0-ee6b-4e44-9b47-38e10d58bb3b" Host=10.4.10.10:8006 tf_http_req_version=HTTP/1.1 tf_mux_provider=tf5to6server.v5tov6Server User-Agent=Go-http-client/1.1 tf_http_req_body="" tf_http_req_method=GET tf_http_req_uri=/api2/json/nodes/s12/qemu/115/status/current tf_http_trans_id=148e3ff0-155e-d646-1c54-656fed2255ed tf_req_id=eef2f2d8-605e-7de7-db76-a92c64e24632 tf_rpc=ApplyResourceChange Accept=application/json timestamp="2026-06-01T22:06:40.968+0200"
2026-06-01T22:06:40.975+0200 [DEBUG] provider.terraform-provider-proxmox_v0.108.0: Received HTTP Response: Date="Mon, 01 Jun 2026 20:06:40 GMT" tf_http_res_status_reason="403 Permission check failed (/vms/115, VM.Audit)" tf_http_res_version=HTTP/1.1 tf_http_trans_id=148e3ff0-155e-d646-1c54-656fed2255ed tf_mux_provider=tf5to6server.v5tov6Server @module=proxmox Cache-Control=max-age=0 Content-Type=application/json;charset=UTF-8 tf_provider_addr=registry.terraform.io/bpg/proxmox tf_resource_type=proxmox_virtual_environment_vm Pragma=no-cache tf_http_op_type=response tf_http_res_status_code=403 tf_req_id=eef2f2d8-605e-7de7-db76-a92c64e24632 tf_rpc=ApplyResourceChange @caller=/home/runner/go/pkg/mod/github.com/hashicorp/terraform-plugin-sdk/v2@v2.40.1/helper/logging/logging_http_transport.go:162 Content-Length=72 Expires="Mon, 01 Jun 2026 20:06:40 GMT" Server=pve-api-daemon/3.0 tf_http_res_body="{\"data\":null,\"message\":\"Permission check failed (/vms/115, VM.Audit)\n\"}" timestamp="2026-06-01T22:06:40.975+0200"
2026-06-01T22:06:41.976+0200 [DEBUG] provider.terraform-provider-proxmox_v0.108.0: Sending HTTP Request: tf_http_op_type=request tf_resource_type=proxmox_virtual_environment_vm tf_rpc=ApplyResourceChange Accept-Encoding=gzip Host=10.4.10.10:8006 User-Agent=Go-http-client/1.1 tf_http_req_body="" tf_http_req_version=HTTP/1.1 tf_mux_provider=tf5to6server.v5tov6Server tf_provider_addr=registry.terraform.io/bpg/proxmox tf_http_req_method=GET tf_http_req_uri=/api2/json/nodes/s12/qemu/115/status/current tf_http_trans_id=6ae6ee50-fc29-3ad2-8bb1-0ed348bb46ce tf_req_id=eef2f2d8-605e-7de7-db76-a92c64e24632 @caller=/home/runner/go/pkg/mod/github.com/hashicorp/terraform-plugin-sdk/v2@v2.40.1/helper/logging/logging_http_transport.go:162 Authorization="PVEAPIToken=terraform@pve!terraform-token=2df6cbb0-ee6b-4e44-9b47-38e10d58bb3b" @module=proxmox Accept=application/json timestamp="2026-06-01T22:06:41.975+0200"
2026-06-01T22:06:41.983+0200 [DEBUG] provider.terraform-provider-proxmox_v0.108.0: Received HTTP Response: Date="Mon, 01 Jun 2026 20:06:41 GMT" Pragma=no-cache tf_http_res_body="{\"message\":\"Permission check failed (/vms/115, VM.Audit)\n\",\"data\":null}" tf_mux_provider=tf5to6server.v5tov6Server tf_resource_type=proxmox_virtual_environment_vm Content-Length=72 tf_http_res_status_code=403 tf_http_trans_id=6ae6ee50-fc29-3ad2-8bb1-0ed348bb46ce tf_rpc=ApplyResourceChange Expires="Mon, 01 Jun 2026 20:06:41 GMT" tf_http_op_type=response tf_provider_addr=registry.terraform.io/bpg/proxmox tf_req_id=eef2f2d8-605e-7de7-db76-a92c64e24632 @caller=/home/runner/go/pkg/mod/github.com/hashicorp/terraform-plugin-sdk/v2@v2.40.1/helper/logging/logging_http_transport.go:162 Cache-Control=max-age=0 Content-Type=application/json;charset=UTF-8 Server=pve-api-daemon/3.0 tf_http_res_status_reason="403 Permission check failed (/vms/115, VM.Audit)" tf_http_res_version=HTTP/1.1 @module=proxmox timestamp="2026-06-01T22:06:41.983+0200"
2026-06-01T22:06:42.983+0200 [DEBUG] provider.terraform-provider-proxmox_v0.108.0: Sending HTTP Request: Authorization="PVEAPIToken=terraform@pve!terraform-token=2df6cbb0-ee6b-4e44-9b47-38e10d58bb3b" Host=10.4.10.10:8006 User-Agent=Go-http-client/1.1 tf_http_req_version=HTTP/1.1 tf_provider_addr=registry.terraform.io/bpg/proxmox tf_rpc=ApplyResourceChange tf_http_op_type=request tf_req_id=eef2f2d8-605e-7de7-db76-a92c64e24632 @caller=/home/runner/go/pkg/mod/github.com/hashicorp/terraform-plugin-sdk/v2@v2.40.1/helper/logging/logging_http_transport.go:162 tf_http_req_body="" tf_http_trans_id=a88cfee4-fa7b-60cb-595f-40e6d82bd8c5 tf_mux_provider=tf5to6server.v5tov6Server tf_resource_type=proxmox_virtual_environment_vm @module=proxmox Accept=application/json Accept-Encoding=gzip tf_http_req_method=GET tf_http_req_uri=/api2/json/nodes/s12/qemu/115/status/current timestamp="2026-06-01T22:06:42.983+0200"
2026-06-01T22:06:42.990+0200 [DEBUG] provider.terraform-provider-proxmox_v0.108.0: Received HTTP Response: tf_mux_provider=tf5to6server.v5tov6Server tf_provider_addr=registry.terraform.io/bpg/proxmox @caller=/home/runner/go/pkg/mod/github.com/hashicorp/terraform-plugin-sdk/v2@v2.40.1/helper/logging/logging_http_transport.go:162 @module=proxmox Cache-Control=max-age=0 Content-Type=application/json;charset=UTF-8 tf_http_op_type=response tf_http_res_status_code=403 tf_resource_type=proxmox_virtual_environment_vm Date="Mon, 01 Jun 2026 20:06:42 GMT" Expires="Mon, 01 Jun 2026 20:06:42 GMT" Server=pve-api-daemon/3.0 tf_http_trans_id=a88cfee4-fa7b-60cb-595f-40e6d82bd8c5 tf_req_id=eef2f2d8-605e-7de7-db76-a92c64e24632 tf_rpc=ApplyResourceChange tf_http_res_body="{\"message\":\"Permission check failed (/vms/115, VM.Audit)\n\",\"data\":null}" tf_http_res_version=HTTP/1.1 Content-Length=72 Pragma=no-cache tf_http_res_status_reason="403 Permission check failed (/vms/115, VM.Audit)" timestamp="2026-06-01T22:06:42.990+0200"
2026-06-01T22:06:43.991+0200 [DEBUG] provider.terraform-provider-proxmox_v0.108.0: Sending HTTP Request: tf_http_req_method=GET tf_mux_provider=tf5to6server.v5tov6Server tf_req_id=eef2f2d8-605e-7de7-db76-a92c64e24632 Authorization="PVEAPIToken=terraform@pve!terraform-token=2df6cbb0-ee6b-4e44-9b47-38e10d58bb3b" Host=10.4.10.10:8006 tf_provider_addr=registry.terraform.io/bpg/proxmox @module=proxmox Accept=application/json Accept-Encoding=gzip User-Agent=Go-http-client/1.1 tf_http_op_type=request tf_http_req_uri=/api2/json/nodes/s12/qemu/115/status/current tf_http_trans_id=c34de8da-d0ec-62bb-b222-5155acbeee8f tf_rpc=ApplyResourceChange @caller=/home/runner/go/pkg/mod/github.com/hashicorp/terraform-plugin-sdk/v2@v2.40.1/helper/logging/logging_http_transport.go:162 tf_http_req_body="" tf_http_req_version=HTTP/1.1 tf_resource_type=proxmox_virtual_environment_vm timestamp="2026-06-01T22:06:43.991+0200"
2026-06-01T22:06:43.998+0200 [DEBUG] provider.terraform-provider-proxmox_v0.108.0: Received HTTP Response: Pragma=no-cache tf_http_res_status_code=403 Content-Type=application/json;charset=UTF-8 Date="Mon, 01 Jun 2026 20:06:43 GMT" tf_http_op_type=response tf_http_res_status_reason="403 Permission check failed (/vms/115, VM.Audit)" tf_mux_provider=tf5to6server.v5tov6Server tf_resource_type=proxmox_virtual_environment_vm tf_http_res_body="{\"data\":null,\"message\":\"Permission check failed (/vms/115, VM.Audit)\n\"}" @module=proxmox Cache-Control=max-age=0 Expires="Mon, 01 Jun 2026 20:06:43 GMT" Server=pve-api-daemon/3.0 tf_http_trans_id=c34de8da-d0ec-62bb-b222-5155acbeee8f tf_provider_addr=registry.terraform.io/bpg/proxmox Content-Length=72 tf_http_res_version=HTTP/1.1 tf_req_id=eef2f2d8-605e-7de7-db76-a92c64e24632 tf_rpc=ApplyResourceChange @caller=/home/runner/go/pkg/mod/github.com/hashicorp/terraform-plugin-sdk/v2@v2.40.1/helper/logging/logging_http_transport.go:162 timestamp="2026-06-01T22:06:43.998+0200"
2026-06-01T22:06:44.999+0200 [DEBUG] provider.terraform-provider-proxmox_v0.108.0: Sending HTTP Request: tf_http_req_method=GET tf_provider_addr=registry.terraform.io/bpg/proxmox tf_rpc=ApplyResourceChange @caller=/home/runner/go/pkg/mod/github.com/hashicorp/terraform-plugin-sdk/v2@v2.40.1/helper/logging/logging_http_transport.go:162 @module=proxmox tf_http_op_type=request tf_mux_provider=tf5to6server.v5tov6Server Accept=application/json Host=10.4.10.10:8006 tf_http_req_version=HTTP/1.1 Authorization="PVEAPIToken=terraform@pve!terraform-token=2df6cbb0-ee6b-4e44-9b47-38e10d58bb3b" User-Agent=Go-http-client/1.1 tf_http_req_body="" tf_http_req_uri=/api2/json/nodes/s12/qemu/115/status/current tf_http_trans_id=27a0efb4-78bf-e57e-20f7-b0c7b241a96a tf_req_id=eef2f2d8-605e-7de7-db76-a92c64e24632 tf_resource_type=proxmox_virtual_environment_vm Accept-Encoding=gzip timestamp="2026-06-01T22:06:44.999+0200"
2026-06-01T22:06:45.007+0200 [DEBUG] provider.terraform-provider-proxmox_v0.108.0: Received HTTP Response: Date="Mon, 01 Jun 2026 20:06:45 GMT" Expires="Mon, 01 Jun 2026 20:06:45 GMT" tf_http_res_body="{\"message\":\"Permission check failed (/vms/115, VM.Audit)\n\",\"data\":null}" tf_rpc=ApplyResourceChange Content-Type=application/json;charset=UTF-8 @caller=/home/runner/go/pkg/mod/github.com/hashicorp/terraform-plugin-sdk/v2@v2.40.1/helper/logging/logging_http_transport.go:162 @module=proxmox Cache-Control=max-age=0 Pragma=no-cache tf_http_op_type=response tf_http_res_status_code=403 tf_http_res_version=HTTP/1.1 tf_http_trans_id=27a0efb4-78bf-e57e-20f7-b0c7b241a96a Content-Length=72 Server=pve-api-daemon/3.0 tf_http_res_status_reason="403 Permission check failed (/vms/115, VM.Audit)" tf_mux_provider=tf5to6server.v5tov6Server tf_provider_addr=registry.terraform.io/bpg/proxmox tf_req_id=eef2f2d8-605e-7de7-db76-a92c64e24632 tf_resource_type=proxmox_virtual_environment_vm timestamp="2026-06-01T22:06:45.006+0200"
2026-06-01T22:06:46.008+0200 [DEBUG] provider.terraform-provider-proxmox_v0.108.0: Sending HTTP Request: @caller=/home/runner/go/pkg/mod/github.com/hashicorp/terraform-plugin-sdk/v2@v2.40.1/helper/logging/logging_http_transport.go:162 @module=proxmox Accept=application/json tf_http_op_type=request tf_mux_provider=tf5to6server.v5tov6Server Host=10.4.10.10:8006 User-Agent=Go-http-client/1.1 tf_http_req_body="" tf_http_req_version=HTTP/1.1 tf_provider_addr=registry.terraform.io/bpg/proxmox tf_req_id=eef2f2d8-605e-7de7-db76-a92c64e24632 tf_resource_type=proxmox_virtual_environment_vm Accept-Encoding=gzip tf_http_req_method=GET tf_http_req_uri=/api2/json/nodes/s12/qemu/115/status/current tf_http_trans_id=227d64dd-3b2f-cc60-a7e6-32f605b5ebd6 tf_rpc=ApplyResourceChange Authorization="PVEAPIToken=terraform@pve!terraform-token=2df6cbb0-ee6b-4e44-9b47-38e10d58bb3b" timestamp="2026-06-01T22:06:46.007+0200"
2026-06-01T22:06:46.015+0200 [DEBUG] provider.terraform-provider-proxmox_v0.108.0: Received HTTP Response: @module=proxmox Content-Type=application/json;charset=UTF-8 Server=pve-api-daemon/3.0 tf_http_trans_id=227d64dd-3b2f-cc60-a7e6-32f605b5ebd6 tf_mux_provider=tf5to6server.v5tov6Server tf_req_id=eef2f2d8-605e-7de7-db76-a92c64e24632 tf_resource_type=proxmox_virtual_environment_vm Date="Mon, 01 Jun 2026 20:06:46 GMT" tf_http_res_body="{\"data\":null,\"message\":\"Permission check failed (/vms/115, VM.Audit)\n\"}" tf_http_res_version=HTTP/1.1 tf_provider_addr=registry.terraform.io/bpg/proxmox tf_rpc=ApplyResourceChange Expires="Mon, 01 Jun 2026 20:06:46 GMT" tf_http_op_type=response tf_http_res_status_reason="403 Permission check failed (/vms/115, VM.Audit)" @caller=/home/runner/go/pkg/mod/github.com/hashicorp/terraform-plugin-sdk/v2@v2.40.1/helper/logging/logging_http_transport.go:162 Cache-Control=max-age=0 Content-Length=72 Pragma=no-cache tf_http_res_status_code=403 timestamp="2026-06-01T22:06:46.015+0200"
2026-06-01T22:06:47.016+0200 [DEBUG] provider.terraform-provider-proxmox_v0.108.0: Sending HTTP Request: tf_http_req_method=GET User-Agent=Go-http-client/1.1 tf_http_op_type=request tf_http_req_body="" tf_http_req_version=HTTP/1.1 tf_mux_provider=tf5to6server.v5tov6Server tf_req_id=eef2f2d8-605e-7de7-db76-a92c64e24632 @caller=/home/runner/go/pkg/mod/github.com/hashicorp/terraform-plugin-sdk/v2@v2.40.1/helper/logging/logging_http_transport.go:162 Accept-Encoding=gzip Host=10.4.10.10:8006 tf_http_req_uri=/api2/json/nodes/s12/qemu/115/status/current tf_provider_addr=registry.terraform.io/bpg/proxmox tf_resource_type=proxmox_virtual_environment_vm tf_rpc=ApplyResourceChange @module=proxmox Accept=application/json Authorization="PVEAPIToken=terraform@pve!terraform-token=2df6cbb0-ee6b-4e44-9b47-38e10d58bb3b" tf_http_trans_id=4ca29897-f736-3995-2581-ec9085bb2779 timestamp="2026-06-01T22:06:47.016+0200"
2026-06-01T22:06:47.026+0200 [DEBUG] provider.terraform-provider-proxmox_v0.108.0: Received HTTP Response: tf_provider_addr=registry.terraform.io/bpg/proxmox tf_resource_type=proxmox_virtual_environment_vm @caller=/home/runner/go/pkg/mod/github.com/hashicorp/terraform-plugin-sdk/v2@v2.40.1/helper/logging/logging_http_transport.go:162 @module=proxmox Expires="Mon, 01 Jun 2026 20:06:47 GMT" tf_http_op_type=response tf_http_res_status_code=403 Pragma=no-cache Server=pve-api-daemon/3.0 tf_http_res_status_reason="403 Permission check failed (/vms/115, VM.Audit)" tf_http_trans_id=4ca29897-f736-3995-2581-ec9085bb2779 tf_req_id=eef2f2d8-605e-7de7-db76-a92c64e24632 tf_rpc=ApplyResourceChange Content-Length=72 tf_http_res_version=HTTP/1.1 Cache-Control=max-age=0 Content-Type=application/json;charset=UTF-8 Date="Mon, 01 Jun 2026 20:06:47 GMT" tf_http_res_body="{\"data\":null,\"message\":\"Permission check failed (/vms/115, VM.Audit)\n\"}" tf_mux_provider=tf5to6server.v5tov6Server timestamp="2026-06-01T22:06:47.025+0200"
2026-06-01T22:06:48.026+0200 [DEBUG] provider.terraform-provider-proxmox_v0.108.0: Sending HTTP Request: @module=proxmox Accept-Encoding=gzip tf_http_req_method=GET tf_http_req_uri=/api2/json/nodes/s12/qemu/115/status/current tf_http_req_version=HTTP/1.1 tf_provider_addr=registry.terraform.io/bpg/proxmox tf_resource_type=proxmox_virtual_environment_vm Accept=application/json User-Agent=Go-http-client/1.1 tf_rpc=ApplyResourceChange @caller=/home/runner/go/pkg/mod/github.com/hashicorp/terraform-plugin-sdk/v2@v2.40.1/helper/logging/logging_http_transport.go:162 Authorization="PVEAPIToken=terraform@pve!terraform-token=2df6cbb0-ee6b-4e44-9b47-38e10d58bb3b" tf_http_op_type=request tf_http_req_body="" tf_http_trans_id=d1afae10-1b0a-88ee-8c5a-fbe174727a46 Host=10.4.10.10:8006 tf_mux_provider=tf5to6server.v5tov6Server tf_req_id=eef2f2d8-605e-7de7-db76-a92c64e24632 timestamp="2026-06-01T22:06:48.026+0200"
2026-06-01T22:06:48.033+0200 [DEBUG] provider.terraform-provider-proxmox_v0.108.0: Received HTTP Response: Server=pve-api-daemon/3.0 tf_http_res_body="{\"message\":\"Permission check failed (/vms/115, VM.Audit)\n\",\"data\":null}" tf_http_res_status_reason="403 Permission check failed (/vms/115, VM.Audit)" tf_http_res_version=HTTP/1.1 tf_provider_addr=registry.terraform.io/bpg/proxmox tf_resource_type=proxmox_virtual_environment_vm Content-Length=72 tf_http_res_status_code=403 tf_rpc=ApplyResourceChange @caller=/home/runner/go/pkg/mod/github.com/hashicorp/terraform-plugin-sdk/v2@v2.40.1/helper/logging/logging_http_transport.go:162 @module=proxmox Content-Type=application/json;charset=UTF-8 Date="Mon, 01 Jun 2026 20:06:48 GMT" Expires="Mon, 01 Jun 2026 20:06:48 GMT" Pragma=no-cache tf_mux_provider=tf5to6server.v5tov6Server Cache-Control=max-age=0 tf_http_op_type=response tf_http_trans_id=d1afae10-1b0a-88ee-8c5a-fbe174727a46 tf_req_id=eef2f2d8-605e-7de7-db76-a92c64e24632 timestamp="2026-06-01T22:06:48.033+0200"
2026-06-01T22:06:49.034+0200 [DEBUG] provider.terraform-provider-proxmox_v0.108.0: Sending HTTP Request: @module=proxmox Accept=application/json tf_http_op_type=request tf_http_req_body="" tf_http_req_uri=/api2/json/nodes/s12/qemu/115/status/current tf_http_trans_id=79e1eddc-10f8-7532-05b5-69ccb3dba72f @caller=/home/runner/go/pkg/mod/github.com/hashicorp/terraform-plugin-sdk/v2@v2.40.1/helper/logging/logging_http_transport.go:162 tf_resource_type=proxmox_virtual_environment_vm Authorization="PVEAPIToken=terraform@pve!terraform-token=2df6cbb0-ee6b-4e44-9b47-38e10d58bb3b" tf_http_req_method=GET tf_provider_addr=registry.terraform.io/bpg/proxmox tf_req_id=eef2f2d8-605e-7de7-db76-a92c64e24632 tf_rpc=ApplyResourceChange Accept-Encoding=gzip Host=10.4.10.10:8006 User-Agent=Go-http-client/1.1 tf_http_req_version=HTTP/1.1 tf_mux_provider=tf5to6server.v5tov6Server timestamp="2026-06-01T22:06:49.034+0200"
2026-06-01T22:06:49.041+0200 [DEBUG] provider.terraform-provider-proxmox_v0.108.0: Received HTTP Response: tf_mux_provider=tf5to6server.v5tov6Server tf_provider_addr=registry.terraform.io/bpg/proxmox Content-Type=application/json;charset=UTF-8 Expires="Mon, 01 Jun 2026 20:06:49 GMT" tf_http_res_version=HTTP/1.1 tf_http_op_type=response @module=proxmox Content-Length=72 Date="Mon, 01 Jun 2026 20:06:49 GMT" Pragma=no-cache tf_http_res_status_reason="403 Permission check failed (/vms/115, VM.Audit)" tf_http_trans_id=79e1eddc-10f8-7532-05b5-69ccb3dba72f tf_req_id=eef2f2d8-605e-7de7-db76-a92c64e24632 Server=pve-api-daemon/3.0 tf_resource_type=proxmox_virtual_environment_vm tf_rpc=ApplyResourceChange tf_http_res_body="{\"message\":\"Permission check failed (/vms/115, VM.Audit)\n\",\"data\":null}" @caller=/home/runner/go/pkg/mod/github.com/hashicorp/terraform-plugin-sdk/v2@v2.40.1/helper/logging/logging_http_transport.go:162 Cache-Control=max-age=0 tf_http_res_status_code=403 timestamp="2026-06-01T22:06:49.041+0200"
2026-06-01T22:06:50.042+0200 [DEBUG] provider.terraform-provider-proxmox_v0.108.0: Sending HTTP Request: tf_mux_provider=tf5to6server.v5tov6Server @module=proxmox Accept=application/json Accept-Encoding=gzip tf_http_req_method=GET @caller=/home/runner/go/pkg/mod/github.com/hashicorp/terraform-plugin-sdk/v2@v2.40.1/helper/logging/logging_http_transport.go:162 tf_provider_addr=registry.terraform.io/bpg/proxmox tf_req_id=eef2f2d8-605e-7de7-db76-a92c64e24632 tf_rpc=ApplyResourceChange Authorization="PVEAPIToken=terraform@pve!terraform-token=2df6cbb0-ee6b-4e44-9b47-38e10d58bb3b" Host=10.4.10.10:8006 tf_http_req_body="" tf_http_req_version=HTTP/1.1 tf_http_trans_id=cc34122f-ca63-b127-7f46-72759c3c7270 tf_resource_type=proxmox_virtual_environment_vm User-Agent=Go-http-client/1.1 tf_http_op_type=request tf_http_req_uri=/api2/json/nodes/s12/qemu/115/status/current timestamp="2026-06-01T22:06:50.042+0200"
2026-06-01T22:06:50.050+0200 [DEBUG] provider.terraform-provider-proxmox_v0.108.0: Received HTTP Response: Date="Mon, 01 Jun 2026 20:06:50 GMT" Expires="Mon, 01 Jun 2026 20:06:50 GMT" Server=pve-api-daemon/3.0 @caller=/home/runner/go/pkg/mod/github.com/hashicorp/terraform-plugin-sdk/v2@v2.40.1/helper/logging/logging_http_transport.go:162 tf_http_res_status_reason="403 Permission check failed (/vms/115, VM.Audit)" tf_http_trans_id=cc34122f-ca63-b127-7f46-72759c3c7270 tf_req_id=eef2f2d8-605e-7de7-db76-a92c64e24632 Pragma=no-cache tf_http_op_type=response tf_http_res_body="{\"message\":\"Permission check failed (/vms/115, VM.Audit)\n\",\"data\":null}" tf_http_res_version=HTTP/1.1 tf_rpc=ApplyResourceChange Cache-Control=max-age=0 tf_http_res_status_code=403 tf_mux_provider=tf5to6server.v5tov6Server tf_provider_addr=registry.terraform.io/bpg/proxmox tf_resource_type=proxmox_virtual_environment_vm @module=proxmox Content-Length=72 Content-Type=application/json;charset=UTF-8 timestamp="2026-06-01T22:06:50.050+0200"
2026-06-01T22:06:51.051+0200 [DEBUG] provider.terraform-provider-proxmox_v0.108.0: Sending HTTP Request: Accept-Encoding=gzip tf_http_trans_id=1dcc8505-3dd2-ce64-bb3c-b2a1f3568bfc tf_provider_addr=registry.terraform.io/bpg/proxmox @caller=/home/runner/go/pkg/mod/github.com/hashicorp/terraform-plugin-sdk/v2@v2.40.1/helper/logging/logging_http_transport.go:162 @module=proxmox Accept=application/json Host=10.4.10.10:8006 tf_http_req_uri=/api2/json/nodes/s12/qemu/115/status/current tf_req_id=eef2f2d8-605e-7de7-db76-a92c64e24632 User-Agent=Go-http-client/1.1 tf_http_req_body="" tf_http_req_version=HTTP/1.1 tf_mux_provider=tf5to6server.v5tov6Server Authorization="PVEAPIToken=terraform@pve!terraform-token=2df6cbb0-ee6b-4e44-9b47-38e10d58bb3b" tf_http_op_type=request tf_http_req_method=GET tf_resource_type=proxmox_virtual_environment_vm tf_rpc=ApplyResourceChange timestamp="2026-06-01T22:06:51.051+0200"
2026-06-01T22:06:51.059+0200 [DEBUG] provider.terraform-provider-proxmox_v0.108.0: Received HTTP Response: tf_req_id=eef2f2d8-605e-7de7-db76-a92c64e24632 @caller=/home/runner/go/pkg/mod/github.com/hashicorp/terraform-plugin-sdk/v2@v2.40.1/helper/logging/logging_http_transport.go:162 tf_http_res_status_reason="403 Permission check failed (/vms/115, VM.Audit)" tf_http_res_version=HTTP/1.1 tf_http_trans_id=1dcc8505-3dd2-ce64-bb3c-b2a1f3568bfc tf_mux_provider=tf5to6server.v5tov6Server tf_resource_type=proxmox_virtual_environment_vm Expires="Mon, 01 Jun 2026 20:06:51 GMT" tf_provider_addr=registry.terraform.io/bpg/proxmox tf_rpc=ApplyResourceChange Date="Mon, 01 Jun 2026 20:06:51 GMT" Pragma=no-cache Server=pve-api-daemon/3.0 tf_http_res_status_code=403 @module=proxmox Cache-Control=max-age=0 Content-Length=72 Content-Type=application/json;charset=UTF-8 tf_http_op_type=response tf_http_res_body="{\"message\":\"Permission check failed (/vms/115, VM.Audit)\n\",\"data\":null}" timestamp="2026-06-01T22:06:51.059+0200"
2026-06-01T22:06:52.060+0200 [DEBUG] provider.terraform-provider-proxmox_v0.108.0: Sending HTTP Request: tf_http_req_uri=/api2/json/nodes/s12/qemu/115/status/current tf_http_trans_id=dbf0cc4e-febb-1905-bb0c-53297daa95db tf_provider_addr=registry.terraform.io/bpg/proxmox tf_rpc=ApplyResourceChange @module=proxmox Host=10.4.10.10:8006 tf_http_req_body="" tf_mux_provider=tf5to6server.v5tov6Server Accept-Encoding=gzip User-Agent=Go-http-client/1.1 tf_http_req_version=HTTP/1.1 tf_resource_type=proxmox_virtual_environment_vm Accept=application/json tf_http_op_type=request tf_http_req_method=GET tf_req_id=eef2f2d8-605e-7de7-db76-a92c64e24632 @caller=/home/runner/go/pkg/mod/github.com/hashicorp/terraform-plugin-sdk/v2@v2.40.1/helper/logging/logging_http_transport.go:162 Authorization="PVEAPIToken=terraform@pve!terraform-token=2df6cbb0-ee6b-4e44-9b47-38e10d58bb3b" timestamp="2026-06-01T22:06:52.059+0200"
2026-06-01T22:06:52.066+0200 [DEBUG] provider.terraform-provider-proxmox_v0.108.0: Received HTTP Response: tf_http_res_status_code=403 tf_req_id=eef2f2d8-605e-7de7-db76-a92c64e24632 Pragma=no-cache tf_http_trans_id=dbf0cc4e-febb-1905-bb0c-53297daa95db tf_provider_addr=registry.terraform.io/bpg/proxmox tf_rpc=ApplyResourceChange tf_http_res_body="{\"data\":null,\"message\":\"Permission check failed (/vms/115, VM.Audit)\n\"}" Content-Length=72 Date="Mon, 01 Jun 2026 20:06:52 GMT" Expires="Mon, 01 Jun 2026 20:06:52 GMT" Server=pve-api-daemon/3.0 tf_http_res_status_reason="403 Permission check failed (/vms/115, VM.Audit)" tf_http_res_version=HTTP/1.1 Cache-Control=max-age=0 Content-Type=application/json;charset=UTF-8 tf_mux_provider=tf5to6server.v5tov6Server tf_resource_type=proxmox_virtual_environment_vm @caller=/home/runner/go/pkg/mod/github.com/hashicorp/terraform-plugin-sdk/v2@v2.40.1/helper/logging/logging_http_transport.go:162 @module=proxmox tf_http_op_type=response timestamp="2026-06-01T22:06:52.066+0200"
2026-06-01T22:06:53.067+0200 [DEBUG] provider.terraform-provider-proxmox_v0.108.0: Sending HTTP Request: @caller=/home/runner/go/pkg/mod/github.com/hashicorp/terraform-plugin-sdk/v2@v2.40.1/helper/logging/logging_http_transport.go:162 Accept-Encoding=gzip tf_http_req_uri=/api2/json/nodes/s12/qemu/115/status/current tf_resource_type=proxmox_virtual_environment_vm Host=10.4.10.10:8006 tf_http_req_body="" tf_http_req_method=GET tf_http_req_version=HTTP/1.1 tf_mux_provider=tf5to6server.v5tov6Server tf_req_id=eef2f2d8-605e-7de7-db76-a92c64e24632 tf_rpc=ApplyResourceChange @module=proxmox Accept=application/json User-Agent=Go-http-client/1.1 tf_http_op_type=request Authorization="PVEAPIToken=terraform@pve!terraform-token=2df6cbb0-ee6b-4e44-9b47-38e10d58bb3b" tf_http_trans_id=336498a8-94d2-b2ba-bb0e-fa5acb8f7657 tf_provider_addr=registry.terraform.io/bpg/proxmox timestamp="2026-06-01T22:06:53.067+0200"
2026-06-01T22:06:53.073+0200 [DEBUG] provider.terraform-provider-proxmox_v0.108.0: Received HTTP Response: Content-Length=72 Pragma=no-cache tf_http_trans_id=336498a8-94d2-b2ba-bb0e-fa5acb8f7657 tf_req_id=eef2f2d8-605e-7de7-db76-a92c64e24632 tf_rpc=ApplyResourceChange Content-Type=application/json;charset=UTF-8 Date="Mon, 01 Jun 2026 20:06:53 GMT" Expires="Mon, 01 Jun 2026 20:06:53 GMT" Server=pve-api-daemon/3.0 tf_http_op_type=response tf_http_res_status_code=403 tf_http_res_status_reason="403 Permission check failed (/vms/115, VM.Audit)" Cache-Control=max-age=0 tf_http_res_body="{\"data\":null,\"message\":\"Permission check failed (/vms/115, VM.Audit)\n\"}" tf_http_res_version=HTTP/1.1 tf_mux_provider=tf5to6server.v5tov6Server tf_provider_addr=registry.terraform.io/bpg/proxmox tf_resource_type=proxmox_virtual_environment_vm @caller=/home/runner/go/pkg/mod/github.com/hashicorp/terraform-plugin-sdk/v2@v2.40.1/helper/logging/logging_http_transport.go:162 @module=proxmox timestamp="2026-06-01T22:06:53.073+0200"
2026-06-01T22:06:54.074+0200 [DEBUG] provider.terraform-provider-proxmox_v0.108.0: Sending HTTP Request: @caller=/home/runner/go/pkg/mod/github.com/hashicorp/terraform-plugin-sdk/v2@v2.40.1/helper/logging/logging_http_transport.go:162 Accept-Encoding=gzip User-Agent=Go-http-client/1.1 tf_http_op_type=request tf_http_req_body="" tf_http_req_uri=/api2/json/nodes/s12/qemu/115/status/current tf_req_id=eef2f2d8-605e-7de7-db76-a92c64e24632 Authorization="PVEAPIToken=terraform@pve!terraform-token=2df6cbb0-ee6b-4e44-9b47-38e10d58bb3b" Host=10.4.10.10:8006 tf_http_req_version=HTTP/1.1 tf_http_trans_id=0cdac308-0ff2-bb79-6822-3662bd62a900 tf_resource_type=proxmox_virtual_environment_vm Accept=application/json tf_http_req_method=GET tf_provider_addr=registry.terraform.io/bpg/proxmox @module=proxmox tf_mux_provider=tf5to6server.v5tov6Server tf_rpc=ApplyResourceChange timestamp="2026-06-01T22:06:54.074+0200"
2026-06-01T22:06:54.080+0200 [DEBUG] provider.terraform-provider-proxmox_v0.108.0: Received HTTP Response: tf_http_trans_id=0cdac308-0ff2-bb79-6822-3662bd62a900 tf_provider_addr=registry.terraform.io/bpg/proxmox tf_req_id=eef2f2d8-605e-7de7-db76-a92c64e24632 tf_rpc=ApplyResourceChange Cache-Control=max-age=0 tf_http_res_body="{\"data\":null,\"message\":\"Permission check failed (/vms/115, VM.Audit)\n\"}" tf_http_res_status_code=403 tf_resource_type=proxmox_virtual_environment_vm @module=proxmox Date="Mon, 01 Jun 2026 20:06:54 GMT" Server=pve-api-daemon/3.0 tf_http_res_status_reason="403 Permission check failed (/vms/115, VM.Audit)" tf_http_res_version=HTTP/1.1 Expires="Mon, 01 Jun 2026 20:06:54 GMT" Pragma=no-cache tf_mux_provider=tf5to6server.v5tov6Server tf_http_op_type=response @caller=/home/runner/go/pkg/mod/github.com/hashicorp/terraform-plugin-sdk/v2@v2.40.1/helper/logging/logging_http_transport.go:162 Content-Length=72 Content-Type=application/json;charset=UTF-8 timestamp="2026-06-01T22:06:54.080+0200"
2026-06-01T22:06:55.081+0200 [DEBUG] provider.terraform-provider-proxmox_v0.108.0: Sending HTTP Request: Accept=application/json Accept-Encoding=gzip User-Agent=Go-http-client/1.1 tf_http_req_version=HTTP/1.1 tf_provider_addr=registry.terraform.io/bpg/proxmox Authorization="PVEAPIToken=terraform@pve!terraform-token=2df6cbb0-ee6b-4e44-9b47-38e10d58bb3b" tf_http_trans_id=79dd92ef-af18-cd22-1815-de5537d58fdb tf_mux_provider=tf5to6server.v5tov6Server @caller=/home/runner/go/pkg/mod/github.com/hashicorp/terraform-plugin-sdk/v2@v2.40.1/helper/logging/logging_http_transport.go:162 @module=proxmox tf_http_req_uri=/api2/json/nodes/s12/qemu/115/status/current tf_req_id=eef2f2d8-605e-7de7-db76-a92c64e24632 tf_resource_type=proxmox_virtual_environment_vm Host=10.4.10.10:8006 tf_http_op_type=request tf_http_req_body="" tf_http_req_method=GET tf_rpc=ApplyResourceChange timestamp="2026-06-01T22:06:55.080+0200"
2026-06-01T22:06:55.087+0200 [DEBUG] provider.terraform-provider-proxmox_v0.108.0: Received HTTP Response: Content-Length=72 Content-Type=application/json;charset=UTF-8 Pragma=no-cache tf_http_op_type=response tf_http_res_status_reason="403 Permission check failed (/vms/115, VM.Audit)" tf_http_trans_id=79dd92ef-af18-cd22-1815-de5537d58fdb @caller=/home/runner/go/pkg/mod/github.com/hashicorp/terraform-plugin-sdk/v2@v2.40.1/helper/logging/logging_http_transport.go:162 Date="Mon, 01 Jun 2026 20:06:55 GMT" Expires="Mon, 01 Jun 2026 20:06:55 GMT" tf_http_res_body="{\"message\":\"Permission check failed (/vms/115, VM.Audit)\n\",\"data\":null}" tf_provider_addr=registry.terraform.io/bpg/proxmox tf_resource_type=proxmox_virtual_environment_vm tf_rpc=ApplyResourceChange Cache-Control=max-age=0 Server=pve-api-daemon/3.0 tf_http_res_version=HTTP/1.1 tf_mux_provider=tf5to6server.v5tov6Server @module=proxmox tf_http_res_status_code=403 tf_req_id=eef2f2d8-605e-7de7-db76-a92c64e24632 timestamp="2026-06-01T22:06:55.087+0200"
2026-06-01T22:06:56.088+0200 [DEBUG] provider.terraform-provider-proxmox_v0.108.0: Sending HTTP Request: Authorization="PVEAPIToken=terraform@pve!terraform-token=2df6cbb0-ee6b-4e44-9b47-38e10d58bb3b" tf_req_id=eef2f2d8-605e-7de7-db76-a92c64e24632 tf_resource_type=proxmox_virtual_environment_vm tf_rpc=ApplyResourceChange Accept-Encoding=gzip Host=10.4.10.10:8006 tf_http_req_method=GET tf_http_req_version=HTTP/1.1 tf_provider_addr=registry.terraform.io/bpg/proxmox User-Agent=Go-http-client/1.1 tf_http_req_uri=/api2/json/nodes/s12/qemu/115/status/current tf_mux_provider=tf5to6server.v5tov6Server Accept=application/json tf_http_op_type=request tf_http_req_body="" tf_http_trans_id=e2e8d549-1860-8642-1311-bc1ad6ff5a1a @caller=/home/runner/go/pkg/mod/github.com/hashicorp/terraform-plugin-sdk/v2@v2.40.1/helper/logging/logging_http_transport.go:162 @module=proxmox timestamp="2026-06-01T22:06:56.088+0200"
2026-06-01T22:06:56.095+0200 [DEBUG] provider.terraform-provider-proxmox_v0.108.0: Received HTTP Response: @module=proxmox Cache-Control=max-age=0 tf_http_res_status_reason="403 Permission check failed (/vms/115, VM.Audit)" tf_provider_addr=registry.terraform.io/bpg/proxmox tf_resource_type=proxmox_virtual_environment_vm Expires="Mon, 01 Jun 2026 20:06:56 GMT" tf_http_res_version=HTTP/1.1 tf_http_trans_id=e2e8d549-1860-8642-1311-bc1ad6ff5a1a tf_req_id=eef2f2d8-605e-7de7-db76-a92c64e24632 Content-Length=72 Pragma=no-cache tf_http_res_body="{\"data\":null,\"message\":\"Permission check failed (/vms/115, VM.Audit)\n\"}" tf_rpc=ApplyResourceChange Content-Type=application/json;charset=UTF-8 Date="Mon, 01 Jun 2026 20:06:56 GMT" Server=pve-api-daemon/3.0 tf_http_op_type=response tf_http_res_status_code=403 tf_mux_provider=tf5to6server.v5tov6Server @caller=/home/runner/go/pkg/mod/github.com/hashicorp/terraform-plugin-sdk/v2@v2.40.1/helper/logging/logging_http_transport.go:162 timestamp="2026-06-01T22:06:56.095+0200"
2026-06-01T22:06:57.095+0200 [DEBUG] provider.terraform-provider-proxmox_v0.108.0: Sending HTTP Request: Accept=application/json Accept-Encoding=gzip Host=10.4.10.10:8006 User-Agent=Go-http-client/1.1 tf_provider_addr=registry.terraform.io/bpg/proxmox tf_http_req_uri=/api2/json/nodes/s12/qemu/115/status/current @caller=/home/runner/go/pkg/mod/github.com/hashicorp/terraform-plugin-sdk/v2@v2.40.1/helper/logging/logging_http_transport.go:162 tf_http_req_body="" tf_http_req_version=HTTP/1.1 tf_mux_provider=tf5to6server.v5tov6Server tf_req_id=eef2f2d8-605e-7de7-db76-a92c64e24632 tf_resource_type=proxmox_virtual_environment_vm @module=proxmox Authorization="PVEAPIToken=terraform@pve!terraform-token=2df6cbb0-ee6b-4e44-9b47-38e10d58bb3b" tf_http_op_type=request tf_http_trans_id=0c7656a7-dcab-9907-cf59-8e7065ec54bf tf_rpc=ApplyResourceChange tf_http_req_method=GET timestamp="2026-06-01T22:06:57.095+0200"
2026-06-01T22:06:57.101+0200 [DEBUG] provider.terraform-provider-proxmox_v0.108.0: Received HTTP Response: tf_http_res_version=HTTP/1.1 tf_req_id=eef2f2d8-605e-7de7-db76-a92c64e24632 tf_resource_type=proxmox_virtual_environment_vm Cache-Control=max-age=0 Server=pve-api-daemon/3.0 tf_http_res_status_code=403 tf_http_res_status_reason="403 Permission check failed (/vms/115, VM.Audit)" @caller=/home/runner/go/pkg/mod/github.com/hashicorp/terraform-plugin-sdk/v2@v2.40.1/helper/logging/logging_http_transport.go:162 @module=proxmox Content-Type=application/json;charset=UTF-8 Expires="Mon, 01 Jun 2026 20:06:57 GMT" Pragma=no-cache tf_http_op_type=response tf_provider_addr=registry.terraform.io/bpg/proxmox tf_http_trans_id=0c7656a7-dcab-9907-cf59-8e7065ec54bf tf_mux_provider=tf5to6server.v5tov6Server tf_rpc=ApplyResourceChange Content-Length=72 Date="Mon, 01 Jun 2026 20:06:57 GMT" tf_http_res_body="{\"message\":\"Permission check failed (/vms/115, VM.Audit)\n\",\"data\":null}" timestamp="2026-06-01T22:06:57.101+0200"
2026-06-01T22:06:58.102+0200 [DEBUG] provider.terraform-provider-proxmox_v0.108.0: Sending HTTP Request: tf_http_req_uri=/api2/json/nodes/s12/qemu/115/status/current tf_http_req_version=HTTP/1.1 tf_http_trans_id=cf5a53d9-ee16-63c3-bf93-b5d1eabf9d1c tf_req_id=eef2f2d8-605e-7de7-db76-a92c64e24632 tf_mux_provider=tf5to6server.v5tov6Server @module=proxmox tf_http_op_type=request tf_provider_addr=registry.terraform.io/bpg/proxmox tf_resource_type=proxmox_virtual_environment_vm tf_rpc=ApplyResourceChange @caller=/home/runner/go/pkg/mod/github.com/hashicorp/terraform-plugin-sdk/v2@v2.40.1/helper/logging/logging_http_transport.go:162 Accept=application/json Accept-Encoding=gzip Authorization="PVEAPIToken=terraform@pve!terraform-token=2df6cbb0-ee6b-4e44-9b47-38e10d58bb3b" Host=10.4.10.10:8006 User-Agent=Go-http-client/1.1 tf_http_req_method=GET tf_http_req_body="" timestamp="2026-06-01T22:06:58.101+0200"
2026-06-01T22:06:58.108+0200 [DEBUG] provider.terraform-provider-proxmox_v0.108.0: Received HTTP Response: Cache-Control=max-age=0 Content-Length=72 Expires="Mon, 01 Jun 2026 20:06:58 GMT" tf_http_res_body="{\"data\":null,\"message\":\"Permission check failed (/vms/115, VM.Audit)\n\"}" tf_http_res_status_reason="403 Permission check failed (/vms/115, VM.Audit)" tf_provider_addr=registry.terraform.io/bpg/proxmox @caller=/home/runner/go/pkg/mod/github.com/hashicorp/terraform-plugin-sdk/v2@v2.40.1/helper/logging/logging_http_transport.go:162 Date="Mon, 01 Jun 2026 20:06:58 GMT" Pragma=no-cache Server=pve-api-daemon/3.0 tf_http_res_status_code=403 tf_http_res_version=HTTP/1.1 @module=proxmox tf_http_op_type=response tf_mux_provider=tf5to6server.v5tov6Server tf_rpc=ApplyResourceChange Content-Type=application/json;charset=UTF-8 tf_http_trans_id=cf5a53d9-ee16-63c3-bf93-b5d1eabf9d1c tf_req_id=eef2f2d8-605e-7de7-db76-a92c64e24632 tf_resource_type=proxmox_virtual_environment_vm timestamp="2026-06-01T22:06:58.108+0200"
2026-06-01T22:06:59.109+0200 [DEBUG] provider.terraform-provider-proxmox_v0.108.0: Sending HTTP Request: @caller=/home/runner/go/pkg/mod/github.com/hashicorp/terraform-plugin-sdk/v2@v2.40.1/helper/logging/logging_http_transport.go:162 Accept=application/json tf_http_op_type=request tf_http_req_body="" tf_http_req_version=HTTP/1.1 tf_mux_provider=tf5to6server.v5tov6Server @module=proxmox Authorization="PVEAPIToken=terraform@pve!terraform-token=2df6cbb0-ee6b-4e44-9b47-38e10d58bb3b" Host=10.4.10.10:8006 User-Agent=Go-http-client/1.1 tf_req_id=eef2f2d8-605e-7de7-db76-a92c64e24632 tf_http_trans_id=8810bb3c-fb67-c5b8-5bdf-2ac83cf3175b tf_provider_addr=registry.terraform.io/bpg/proxmox Accept-Encoding=gzip tf_http_req_method=GET tf_http_req_uri=/api2/json/nodes/s12/qemu/115/status/current tf_resource_type=proxmox_virtual_environment_vm tf_rpc=ApplyResourceChange timestamp="2026-06-01T22:06:59.109+0200"
2026-06-01T22:06:59.115+0200 [DEBUG] provider.terraform-provider-proxmox_v0.108.0: Received HTTP Response: Expires="Mon, 01 Jun 2026 20:06:59 GMT" tf_http_op_type=response tf_http_res_status_reason="403 Permission check failed (/vms/115, VM.Audit)" Server=pve-api-daemon/3.0 tf_http_res_body="{\"message\":\"Permission check failed (/vms/115, VM.Audit)\n\",\"data\":null}" @caller=/home/runner/go/pkg/mod/github.com/hashicorp/terraform-plugin-sdk/v2@v2.40.1/helper/logging/logging_http_transport.go:162 @module=proxmox Content-Length=72 Pragma=no-cache Date="Mon, 01 Jun 2026 20:06:59 GMT" tf_http_res_version=HTTP/1.1 tf_mux_provider=tf5to6server.v5tov6Server tf_provider_addr=registry.terraform.io/bpg/proxmox tf_req_id=eef2f2d8-605e-7de7-db76-a92c64e24632 tf_resource_type=proxmox_virtual_environment_vm tf_rpc=ApplyResourceChange Cache-Control=max-age=0 tf_http_res_status_code=403 tf_http_trans_id=8810bb3c-fb67-c5b8-5bdf-2ac83cf3175b Content-Type=application/json;charset=UTF-8 timestamp="2026-06-01T22:06:59.114+0200"
2026-06-01T22:07:00.115+0200 [DEBUG] provider.terraform-provider-proxmox_v0.108.0: Sending HTTP Request: User-Agent=Go-http-client/1.1 tf_http_op_type=request tf_http_req_body="" tf_req_id=eef2f2d8-605e-7de7-db76-a92c64e24632 tf_rpc=ApplyResourceChange @caller=/home/runner/go/pkg/mod/github.com/hashicorp/terraform-plugin-sdk/v2@v2.40.1/helper/logging/logging_http_transport.go:162 @module=proxmox Authorization="PVEAPIToken=terraform@pve!terraform-token=2df6cbb0-ee6b-4e44-9b47-38e10d58bb3b" Host=10.4.10.10:8006 tf_http_req_method=GET tf_http_req_uri=/api2/json/nodes/s12/qemu/115/status/current tf_http_req_version=HTTP/1.1 tf_resource_type=proxmox_virtual_environment_vm Accept=application/json tf_http_trans_id=ca0229d7-7742-2937-cb6d-44b4112ce80c tf_mux_provider=tf5to6server.v5tov6Server tf_provider_addr=registry.terraform.io/bpg/proxmox Accept-Encoding=gzip timestamp="2026-06-01T22:07:00.115+0200"
2026-06-01T22:07:00.122+0200 [DEBUG] provider.terraform-provider-proxmox_v0.108.0: Received HTTP Response: Cache-Control=max-age=0 Expires="Mon, 01 Jun 2026 20:07:00 GMT" Pragma=no-cache tf_http_trans_id=ca0229d7-7742-2937-cb6d-44b4112ce80c Content-Length=72 tf_http_res_status_reason="403 Permission check failed (/vms/115, VM.Audit)" tf_req_id=eef2f2d8-605e-7de7-db76-a92c64e24632 tf_http_op_type=response tf_http_res_body="{\"message\":\"Permission check failed (/vms/115, VM.Audit)\n\",\"data\":null}" @module=proxmox tf_http_res_status_code=403 tf_resource_type=proxmox_virtual_environment_vm tf_rpc=ApplyResourceChange Content-Type=application/json;charset=UTF-8 Date="Mon, 01 Jun 2026 20:07:00 GMT" tf_http_res_version=HTTP/1.1 tf_mux_provider=tf5to6server.v5tov6Server tf_provider_addr=registry.terraform.io/bpg/proxmox Server=pve-api-daemon/3.0 @caller=/home/runner/go/pkg/mod/github.com/hashicorp/terraform-plugin-sdk/v2@v2.40.1/helper/logging/logging_http_transport.go:162 timestamp="2026-06-01T22:07:00.121+0200"
2026-06-01T22:07:01.122+0200 [DEBUG] provider.terraform-provider-proxmox_v0.108.0: Sending HTTP Request: User-Agent=Go-http-client/1.1 tf_http_op_type=request tf_http_req_method=GET tf_resource_type=proxmox_virtual_environment_vm @caller=/home/runner/go/pkg/mod/github.com/hashicorp/terraform-plugin-sdk/v2@v2.40.1/helper/logging/logging_http_transport.go:162 @module=proxmox Host=10.4.10.10:8006 tf_http_trans_id=b47af1e0-9463-6386-3d24-c3579beebc91 tf_req_id=eef2f2d8-605e-7de7-db76-a92c64e24632 tf_rpc=ApplyResourceChange tf_http_req_body="" tf_http_req_version=HTTP/1.1 tf_mux_provider=tf5to6server.v5tov6Server tf_provider_addr=registry.terraform.io/bpg/proxmox Accept=application/json Accept-Encoding=gzip Authorization="PVEAPIToken=terraform@pve!terraform-token=2df6cbb0-ee6b-4e44-9b47-38e10d58bb3b" tf_http_req_uri=/api2/json/nodes/s12/qemu/115/status/current timestamp="2026-06-01T22:07:01.122+0200"
2026-06-01T22:07:01.129+0200 [DEBUG] provider.terraform-provider-proxmox_v0.108.0: Received HTTP Response: tf_http_res_body="{\"message\":\"Permission check failed (/vms/115, VM.Audit)\n\",\"data\":null}" tf_rpc=ApplyResourceChange @caller=/home/runner/go/pkg/mod/github.com/hashicorp/terraform-plugin-sdk/v2@v2.40.1/helper/logging/logging_http_transport.go:162 Cache-Control=max-age=0 tf_http_res_status_code=403 tf_http_res_status_reason="403 Permission check failed (/vms/115, VM.Audit)" tf_http_trans_id=b47af1e0-9463-6386-3d24-c3579beebc91 tf_provider_addr=registry.terraform.io/bpg/proxmox Content-Type=application/json;charset=UTF-8 Date="Mon, 01 Jun 2026 20:07:01 GMT" Expires="Mon, 01 Jun 2026 20:07:01 GMT" tf_http_res_version=HTTP/1.1 Content-Length=72 Server=pve-api-daemon/3.0 tf_mux_provider=tf5to6server.v5tov6Server tf_req_id=eef2f2d8-605e-7de7-db76-a92c64e24632 tf_resource_type=proxmox_virtual_environment_vm @module=proxmox Pragma=no-cache tf_http_op_type=response timestamp="2026-06-01T22:07:01.129+0200"
2026-06-01T22:07:02.129+0200 [DEBUG] provider.terraform-provider-proxmox_v0.108.0: Sending HTTP Request: tf_mux_provider=tf5to6server.v5tov6Server tf_resource_type=proxmox_virtual_environment_vm @module=proxmox Authorization="PVEAPIToken=terraform@pve!terraform-token=2df6cbb0-ee6b-4e44-9b47-38e10d58bb3b" tf_http_req_method=GET tf_http_req_uri=/api2/json/nodes/s12/qemu/115/status/current tf_http_req_version=HTTP/1.1 @caller=/home/runner/go/pkg/mod/github.com/hashicorp/terraform-plugin-sdk/v2@v2.40.1/helper/logging/logging_http_transport.go:162 Accept-Encoding=gzip Host=10.4.10.10:8006 tf_http_trans_id=4939b662-1ece-8ee7-6397-0dd966895bd2 tf_provider_addr=registry.terraform.io/bpg/proxmox tf_req_id=eef2f2d8-605e-7de7-db76-a92c64e24632 Accept=application/json tf_http_op_type=request tf_http_req_body="" tf_rpc=ApplyResourceChange User-Agent=Go-http-client/1.1 timestamp="2026-06-01T22:07:02.129+0200"
2026-06-01T22:07:02.137+0200 [DEBUG] provider.terraform-provider-proxmox_v0.108.0: Received HTTP Response: Pragma=no-cache tf_http_op_type=response tf_provider_addr=registry.terraform.io/bpg/proxmox @module=proxmox Content-Length=72 Content-Type=application/json;charset=UTF-8 tf_http_res_status_code=403 tf_http_res_version=HTTP/1.1 tf_req_id=eef2f2d8-605e-7de7-db76-a92c64e24632 Cache-Control=max-age=0 tf_http_res_status_reason="403 Permission check failed (/vms/115, VM.Audit)" tf_http_trans_id=4939b662-1ece-8ee7-6397-0dd966895bd2 tf_mux_provider=tf5to6server.v5tov6Server tf_resource_type=proxmox_virtual_environment_vm Server=pve-api-daemon/3.0 tf_http_res_body="{\"message\":\"Permission check failed (/vms/115, VM.Audit)\n\",\"data\":null}" tf_rpc=ApplyResourceChange @caller=/home/runner/go/pkg/mod/github.com/hashicorp/terraform-plugin-sdk/v2@v2.40.1/helper/logging/logging_http_transport.go:162 Date="Mon, 01 Jun 2026 20:07:02 GMT" Expires="Mon, 01 Jun 2026 20:07:02 GMT" timestamp="2026-06-01T22:07:02.137+0200"
2026-06-01T22:07:03.137+0200 [DEBUG] provider.terraform-provider-proxmox_v0.108.0: Sending HTTP Request: tf_rpc=ApplyResourceChange @caller=/home/runner/go/pkg/mod/github.com/hashicorp/terraform-plugin-sdk/v2@v2.40.1/helper/logging/logging_http_transport.go:162 @module=proxmox Host=10.4.10.10:8006 tf_http_op_type=request tf_resource_type=proxmox_virtual_environment_vm Accept=application/json Accept-Encoding=gzip tf_http_req_body="" tf_http_req_uri=/api2/json/nodes/s12/qemu/115/status/current tf_http_req_version=HTTP/1.1 tf_http_trans_id=34881824-64d0-14c2-bbf7-34b79aff0d9c tf_provider_addr=registry.terraform.io/bpg/proxmox Authorization="PVEAPIToken=terraform@pve!terraform-token=2df6cbb0-ee6b-4e44-9b47-38e10d58bb3b" tf_http_req_method=GET tf_mux_provider=tf5to6server.v5tov6Server User-Agent=Go-http-client/1.1 tf_req_id=eef2f2d8-605e-7de7-db76-a92c64e24632 timestamp="2026-06-01T22:07:03.137+0200"
2026-06-01T22:07:03.145+0200 [DEBUG] provider.terraform-provider-proxmox_v0.108.0: Received HTTP Response: Server=pve-api-daemon/3.0 tf_http_trans_id=34881824-64d0-14c2-bbf7-34b79aff0d9c Cache-Control=max-age=0 Date="Mon, 01 Jun 2026 20:07:03 GMT" tf_http_res_body="{\"message\":\"Permission check failed (/vms/115, VM.Audit)\n\",\"data\":null}" tf_http_res_status_code=403 tf_http_res_status_reason="403 Permission check failed (/vms/115, VM.Audit)" tf_http_res_version=HTTP/1.1 @caller=/home/runner/go/pkg/mod/github.com/hashicorp/terraform-plugin-sdk/v2@v2.40.1/helper/logging/logging_http_transport.go:162 Expires="Mon, 01 Jun 2026 20:07:03 GMT" tf_http_op_type=response tf_mux_provider=tf5to6server.v5tov6Server tf_provider_addr=registry.terraform.io/bpg/proxmox tf_req_id=eef2f2d8-605e-7de7-db76-a92c64e24632 Content-Type=application/json;charset=UTF-8 tf_resource_type=proxmox_virtual_environment_vm tf_rpc=ApplyResourceChange @module=proxmox Content-Length=72 Pragma=no-cache timestamp="2026-06-01T22:07:03.145+0200"
2026-06-01T22:07:04.146+0200 [DEBUG] provider.terraform-provider-proxmox_v0.108.0: Sending HTTP Request: tf_req_id=eef2f2d8-605e-7de7-db76-a92c64e24632 Accept-Encoding=gzip tf_http_req_uri=/api2/json/nodes/s12/qemu/115/status/current tf_resource_type=proxmox_virtual_environment_vm @caller=/home/runner/go/pkg/mod/github.com/hashicorp/terraform-plugin-sdk/v2@v2.40.1/helper/logging/logging_http_transport.go:162 tf_mux_provider=tf5to6server.v5tov6Server tf_provider_addr=registry.terraform.io/bpg/proxmox tf_rpc=ApplyResourceChange Accept=application/json Authorization="PVEAPIToken=terraform@pve!terraform-token=2df6cbb0-ee6b-4e44-9b47-38e10d58bb3b" Host=10.4.10.10:8006 tf_http_op_type=request tf_http_req_version=HTTP/1.1 @module=proxmox User-Agent=Go-http-client/1.1 tf_http_req_body="" tf_http_req_method=GET tf_http_trans_id=86b78391-74da-d55f-27e2-08e394a7bd84 timestamp="2026-06-01T22:07:04.146+0200"
2026-06-01T22:07:04.154+0200 [DEBUG] provider.terraform-provider-proxmox_v0.108.0: Received HTTP Response: tf_rpc=ApplyResourceChange @module=proxmox Content-Length=72 Content-Type=application/json;charset=UTF-8 Expires="Mon, 01 Jun 2026 20:07:04 GMT" tf_http_op_type=response tf_http_res_body="{\"data\":null,\"message\":\"Permission check failed (/vms/115, VM.Audit)\n\"}" tf_http_res_status_reason="403 Permission check failed (/vms/115, VM.Audit)" Cache-Control=max-age=0 Date="Mon, 01 Jun 2026 20:07:04 GMT" tf_http_res_version=HTTP/1.1 tf_http_trans_id=86b78391-74da-d55f-27e2-08e394a7bd84 tf_mux_provider=tf5to6server.v5tov6Server tf_resource_type=proxmox_virtual_environment_vm tf_http_res_status_code=403 @caller=/home/runner/go/pkg/mod/github.com/hashicorp/terraform-plugin-sdk/v2@v2.40.1/helper/logging/logging_http_transport.go:162 Pragma=no-cache Server=pve-api-daemon/3.0 tf_provider_addr=registry.terraform.io/bpg/proxmox tf_req_id=eef2f2d8-605e-7de7-db76-a92c64e24632 timestamp="2026-06-01T22:07:04.153+0200"
2026-06-01T22:07:05.154+0200 [DEBUG] provider.terraform-provider-proxmox_v0.108.0: Sending HTTP Request: tf_http_req_method=GET Authorization="PVEAPIToken=terraform@pve!terraform-token=2df6cbb0-ee6b-4e44-9b47-38e10d58bb3b" Host=10.4.10.10:8006 User-Agent=Go-http-client/1.1 tf_http_op_type=request tf_mux_provider=tf5to6server.v5tov6Server tf_req_id=eef2f2d8-605e-7de7-db76-a92c64e24632 tf_resource_type=proxmox_virtual_environment_vm Accept-Encoding=gzip tf_http_req_version=HTTP/1.1 tf_http_trans_id=7a47533b-3d28-0388-f2d3-70d6dd9b3024 tf_provider_addr=registry.terraform.io/bpg/proxmox tf_rpc=ApplyResourceChange @caller=/home/runner/go/pkg/mod/github.com/hashicorp/terraform-plugin-sdk/v2@v2.40.1/helper/logging/logging_http_transport.go:162 @module=proxmox Accept=application/json tf_http_req_body="" tf_http_req_uri=/api2/json/nodes/s12/qemu/115/status/current timestamp="2026-06-01T22:07:05.154+0200"
2026-06-01T22:07:05.162+0200 [DEBUG] provider.terraform-provider-proxmox_v0.108.0: Received HTTP Response: Date="Mon, 01 Jun 2026 20:07:05 GMT" Expires="Mon, 01 Jun 2026 20:07:05 GMT" Pragma=no-cache tf_http_res_body="{\"data\":null,\"message\":\"Permission check failed (/vms/115, VM.Audit)\n\"}" tf_rpc=ApplyResourceChange @caller=/home/runner/go/pkg/mod/github.com/hashicorp/terraform-plugin-sdk/v2@v2.40.1/helper/logging/logging_http_transport.go:162 Cache-Control=max-age=0 Content-Length=72 Server=pve-api-daemon/3.0 tf_http_op_type=response @module=proxmox Content-Type=application/json;charset=UTF-8 tf_http_res_status_code=403 tf_http_trans_id=7a47533b-3d28-0388-f2d3-70d6dd9b3024 tf_mux_provider=tf5to6server.v5tov6Server tf_req_id=eef2f2d8-605e-7de7-db76-a92c64e24632 tf_http_res_status_reason="403 Permission check failed (/vms/115, VM.Audit)" tf_http_res_version=HTTP/1.1 tf_provider_addr=registry.terraform.io/bpg/proxmox tf_resource_type=proxmox_virtual_environment_vm timestamp="2026-06-01T22:07:05.162+0200"
2026-06-01T22:07:06.163+0200 [DEBUG] provider.terraform-provider-proxmox_v0.108.0: Sending HTTP Request: tf_rpc=ApplyResourceChange Authorization="PVEAPIToken=terraform@pve!terraform-token=2df6cbb0-ee6b-4e44-9b47-38e10d58bb3b" User-Agent=Go-http-client/1.1 tf_http_op_type=request tf_resource_type=proxmox_virtual_environment_vm @caller=/home/runner/go/pkg/mod/github.com/hashicorp/terraform-plugin-sdk/v2@v2.40.1/helper/logging/logging_http_transport.go:162 Host=10.4.10.10:8006 tf_http_req_method=GET tf_http_req_uri=/api2/json/nodes/s12/qemu/115/status/current tf_http_trans_id=f31be08c-a883-b203-c216-8a14dcf74c1a Accept-Encoding=gzip tf_http_req_body="" tf_provider_addr=registry.terraform.io/bpg/proxmox @module=proxmox Accept=application/json tf_http_req_version=HTTP/1.1 tf_mux_provider=tf5to6server.v5tov6Server tf_req_id=eef2f2d8-605e-7de7-db76-a92c64e24632 timestamp="2026-06-01T22:07:06.162+0200"
2026-06-01T22:07:06.171+0200 [DEBUG] provider.terraform-provider-proxmox_v0.108.0: Received HTTP Response: Expires="Mon, 01 Jun 2026 20:07:06 GMT" tf_http_op_type=response tf_http_res_status_code=403 tf_req_id=eef2f2d8-605e-7de7-db76-a92c64e24632 Pragma=no-cache tf_http_trans_id=f31be08c-a883-b203-c216-8a14dcf74c1a tf_mux_provider=tf5to6server.v5tov6Server tf_rpc=ApplyResourceChange Server=pve-api-daemon/3.0 tf_http_res_body="{\"message\":\"Permission check failed (/vms/115, VM.Audit)\n\",\"data\":null}" @caller=/home/runner/go/pkg/mod/github.com/hashicorp/terraform-plugin-sdk/v2@v2.40.1/helper/logging/logging_http_transport.go:162 @module=proxmox Cache-Control=max-age=0 Content-Length=72 tf_http_res_status_reason="403 Permission check failed (/vms/115, VM.Audit)" tf_http_res_version=HTTP/1.1 tf_provider_addr=registry.terraform.io/bpg/proxmox tf_resource_type=proxmox_virtual_environment_vm Content-Type=application/json;charset=UTF-8 Date="Mon, 01 Jun 2026 20:07:06 GMT" timestamp="2026-06-01T22:07:06.170+0200"
2026-06-01T22:07:07.171+0200 [DEBUG] provider.terraform-provider-proxmox_v0.108.0: Sending HTTP Request: Accept=application/json tf_provider_addr=registry.terraform.io/bpg/proxmox Authorization="PVEAPIToken=terraform@pve!terraform-token=2df6cbb0-ee6b-4e44-9b47-38e10d58bb3b" Host=10.4.10.10:8006 User-Agent=Go-http-client/1.1 tf_http_op_type=request tf_mux_provider=tf5to6server.v5tov6Server tf_rpc=ApplyResourceChange Accept-Encoding=gzip tf_http_req_body="" tf_http_req_uri=/api2/json/nodes/s12/qemu/115/status/current tf_http_trans_id=e397168b-fa35-4e43-2370-1049fdf6125e tf_resource_type=proxmox_virtual_environment_vm @caller=/home/runner/go/pkg/mod/github.com/hashicorp/terraform-plugin-sdk/v2@v2.40.1/helper/logging/logging_http_transport.go:162 @module=proxmox tf_http_req_method=GET tf_http_req_version=HTTP/1.1 tf_req_id=eef2f2d8-605e-7de7-db76-a92c64e24632 timestamp="2026-06-01T22:07:07.171+0200"
2026-06-01T22:07:07.179+0200 [DEBUG] provider.terraform-provider-proxmox_v0.108.0: Received HTTP Response: Server=pve-api-daemon/3.0 tf_http_res_body="{\"message\":\"Permission check failed (/vms/115, VM.Audit)\n\",\"data\":null}" tf_mux_provider=tf5to6server.v5tov6Server tf_provider_addr=registry.terraform.io/bpg/proxmox tf_rpc=ApplyResourceChange @module=proxmox Cache-Control=max-age=0 Content-Length=72 Date="Mon, 01 Jun 2026 20:07:07 GMT" tf_http_res_status_reason="403 Permission check failed (/vms/115, VM.Audit)" tf_req_id=eef2f2d8-605e-7de7-db76-a92c64e24632 tf_http_op_type=response tf_http_trans_id=e397168b-fa35-4e43-2370-1049fdf6125e tf_resource_type=proxmox_virtual_environment_vm Expires="Mon, 01 Jun 2026 20:07:07 GMT" Pragma=no-cache tf_http_res_status_code=403 tf_http_res_version=HTTP/1.1 @caller=/home/runner/go/pkg/mod/github.com/hashicorp/terraform-plugin-sdk/v2@v2.40.1/helper/logging/logging_http_transport.go:162 Content-Type=application/json;charset=UTF-8 timestamp="2026-06-01T22:07:07.179+0200"
2026-06-01T22:07:08.180+0200 [DEBUG] provider.terraform-provider-proxmox_v0.108.0: Sending HTTP Request: User-Agent=Go-http-client/1.1 tf_resource_type=proxmox_virtual_environment_vm tf_http_trans_id=a67dfed4-afa8-ec02-95f6-57391f40537b tf_req_id=eef2f2d8-605e-7de7-db76-a92c64e24632 @caller=/home/runner/go/pkg/mod/github.com/hashicorp/terraform-plugin-sdk/v2@v2.40.1/helper/logging/logging_http_transport.go:162 Host=10.4.10.10:8006 tf_mux_provider=tf5to6server.v5tov6Server @module=proxmox Authorization="PVEAPIToken=terraform@pve!terraform-token=2df6cbb0-ee6b-4e44-9b47-38e10d58bb3b" tf_http_req_uri=/api2/json/nodes/s12/qemu/115/status/current tf_http_req_version=HTTP/1.1 tf_provider_addr=registry.terraform.io/bpg/proxmox tf_rpc=ApplyResourceChange tf_http_op_type=request tf_http_req_body="" tf_http_req_method=GET Accept=application/json Accept-Encoding=gzip timestamp="2026-06-01T22:07:08.179+0200"
2026-06-01T22:07:08.187+0200 [DEBUG] provider.terraform-provider-proxmox_v0.108.0: Received HTTP Response: tf_mux_provider=tf5to6server.v5tov6Server tf_resource_type=proxmox_virtual_environment_vm @module=proxmox Cache-Control=max-age=0 Content-Type=application/json;charset=UTF-8 tf_http_res_status_reason="403 Permission check failed (/vms/115, VM.Audit)" Date="Mon, 01 Jun 2026 20:07:08 GMT" tf_http_op_type=response tf_http_trans_id=a67dfed4-afa8-ec02-95f6-57391f40537b Server=pve-api-daemon/3.0 tf_http_res_body="{\"message\":\"Permission check failed (/vms/115, VM.Audit)\n\",\"data\":null}" @caller=/home/runner/go/pkg/mod/github.com/hashicorp/terraform-plugin-sdk/v2@v2.40.1/helper/logging/logging_http_transport.go:162 Expires="Mon, 01 Jun 2026 20:07:08 GMT" Pragma=no-cache tf_provider_addr=registry.terraform.io/bpg/proxmox tf_req_id=eef2f2d8-605e-7de7-db76-a92c64e24632 tf_rpc=ApplyResourceChange Content-Length=72 tf_http_res_status_code=403 tf_http_res_version=HTTP/1.1 timestamp="2026-06-01T22:07:08.187+0200"
2026-06-01T22:07:09.188+0200 [DEBUG] provider.terraform-provider-proxmox_v0.108.0: Sending HTTP Request: tf_http_op_type=request tf_http_req_body="" tf_mux_provider=tf5to6server.v5tov6Server tf_resource_type=proxmox_virtual_environment_vm tf_http_req_method=GET tf_http_req_uri=/api2/json/nodes/s12/qemu/115/status/current tf_provider_addr=registry.terraform.io/bpg/proxmox tf_rpc=ApplyResourceChange @caller=/home/runner/go/pkg/mod/github.com/hashicorp/terraform-plugin-sdk/v2@v2.40.1/helper/logging/logging_http_transport.go:162 Accept=application/json Accept-Encoding=gzip Authorization="PVEAPIToken=terraform@pve!terraform-token=2df6cbb0-ee6b-4e44-9b47-38e10d58bb3b" Host=10.4.10.10:8006 tf_http_req_version=HTTP/1.1 @module=proxmox User-Agent=Go-http-client/1.1 tf_http_trans_id=4faacb4b-babb-91bc-55b8-1d65bb0bab7a tf_req_id=eef2f2d8-605e-7de7-db76-a92c64e24632 timestamp="2026-06-01T22:07:09.188+0200"
2026-06-01T22:07:09.196+0200 [DEBUG] provider.terraform-provider-proxmox_v0.108.0: Received HTTP Response: Server=pve-api-daemon/3.0 tf_http_res_status_reason="403 Permission check failed (/vms/115, VM.Audit)" tf_http_trans_id=4faacb4b-babb-91bc-55b8-1d65bb0bab7a @caller=/home/runner/go/pkg/mod/github.com/hashicorp/terraform-plugin-sdk/v2@v2.40.1/helper/logging/logging_http_transport.go:162 @module=proxmox Date="Mon, 01 Jun 2026 20:07:09 GMT" Pragma=no-cache tf_provider_addr=registry.terraform.io/bpg/proxmox tf_resource_type=proxmox_virtual_environment_vm Cache-Control=max-age=0 tf_http_op_type=response tf_http_res_body="{\"data\":null,\"message\":\"Permission check failed (/vms/115, VM.Audit)\n\"}" tf_http_res_status_code=403 tf_http_res_version=HTTP/1.1 tf_mux_provider=tf5to6server.v5tov6Server tf_req_id=eef2f2d8-605e-7de7-db76-a92c64e24632 tf_rpc=ApplyResourceChange Content-Length=72 Content-Type=application/json;charset=UTF-8 Expires="Mon, 01 Jun 2026 20:07:09 GMT" timestamp="2026-06-01T22:07:09.196+0200"
2026-06-01T22:07:10.196+0200 [DEBUG] provider.terraform-provider-proxmox_v0.108.0: Sending HTTP Request: @module=proxmox Host=10.4.10.10:8006 User-Agent=Go-http-client/1.1 tf_rpc=ApplyResourceChange tf_http_op_type=request tf_http_req_body="" tf_mux_provider=tf5to6server.v5tov6Server tf_provider_addr=registry.terraform.io/bpg/proxmox tf_http_req_uri=/api2/json/nodes/s12/qemu/115/status/current Accept=application/json Authorization="PVEAPIToken=terraform@pve!terraform-token=2df6cbb0-ee6b-4e44-9b47-38e10d58bb3b" tf_http_req_version=HTTP/1.1 tf_http_trans_id=04bb4a9b-9675-511f-5a8e-af0f5d140af7 tf_req_id=eef2f2d8-605e-7de7-db76-a92c64e24632 Accept-Encoding=gzip tf_http_req_method=GET tf_resource_type=proxmox_virtual_environment_vm @caller=/home/runner/go/pkg/mod/github.com/hashicorp/terraform-plugin-sdk/v2@v2.40.1/helper/logging/logging_http_transport.go:162 timestamp="2026-06-01T22:07:10.196+0200"
2026-06-01T22:07:10.204+0200 [DEBUG] provider.terraform-provider-proxmox_v0.108.0: Received HTTP Response: Content-Length=72 Expires="Mon, 01 Jun 2026 20:07:10 GMT" tf_http_op_type=response tf_http_res_status_reason="403 Permission check failed (/vms/115, VM.Audit)" tf_rpc=ApplyResourceChange tf_http_trans_id=04bb4a9b-9675-511f-5a8e-af0f5d140af7 tf_mux_provider=tf5to6server.v5tov6Server Content-Type=application/json;charset=UTF-8 Pragma=no-cache Server=pve-api-daemon/3.0 tf_http_res_body="{\"data\":null,\"message\":\"Permission check failed (/vms/115, VM.Audit)\n\"}" tf_http_res_status_code=403 tf_http_res_version=HTTP/1.1 @caller=/home/runner/go/pkg/mod/github.com/hashicorp/terraform-plugin-sdk/v2@v2.40.1/helper/logging/logging_http_transport.go:162 Date="Mon, 01 Jun 2026 20:07:10 GMT" tf_provider_addr=registry.terraform.io/bpg/proxmox tf_req_id=eef2f2d8-605e-7de7-db76-a92c64e24632 tf_resource_type=proxmox_virtual_environment_vm @module=proxmox Cache-Control=max-age=0 timestamp="2026-06-01T22:07:10.203+0200"
2026-06-01T22:07:11.204+0200 [DEBUG] provider.terraform-provider-proxmox_v0.108.0: Sending HTTP Request: Accept=application/json tf_http_req_uri=/api2/json/nodes/s12/qemu/115/status/current tf_http_req_version=HTTP/1.1 tf_req_id=eef2f2d8-605e-7de7-db76-a92c64e24632 Accept-Encoding=gzip User-Agent=Go-http-client/1.1 tf_mux_provider=tf5to6server.v5tov6Server @module=proxmox Host=10.4.10.10:8006 tf_http_req_body="" tf_http_trans_id=f9464fd3-bf8a-da1d-56a8-42cff6ffb0ea tf_resource_type=proxmox_virtual_environment_vm tf_rpc=ApplyResourceChange Authorization="PVEAPIToken=terraform@pve!terraform-token=2df6cbb0-ee6b-4e44-9b47-38e10d58bb3b" tf_http_op_type=request tf_http_req_method=GET tf_provider_addr=registry.terraform.io/bpg/proxmox @caller=/home/runner/go/pkg/mod/github.com/hashicorp/terraform-plugin-sdk/v2@v2.40.1/helper/logging/logging_http_transport.go:162 timestamp="2026-06-01T22:07:11.204+0200"
2026-06-01T22:07:11.211+0200 [DEBUG] provider.terraform-provider-proxmox_v0.108.0: Received HTTP Response: Expires="Mon, 01 Jun 2026 20:07:11 GMT" tf_http_op_type=response tf_http_res_body="{\"data\":null,\"message\":\"Permission check failed (/vms/115, VM.Audit)\n\"}" tf_provider_addr=registry.terraform.io/bpg/proxmox tf_req_id=eef2f2d8-605e-7de7-db76-a92c64e24632 tf_rpc=ApplyResourceChange Content-Length=72 Server=pve-api-daemon/3.0 tf_http_res_version=HTTP/1.1 tf_mux_provider=tf5to6server.v5tov6Server tf_resource_type=proxmox_virtual_environment_vm @module=proxmox Date="Mon, 01 Jun 2026 20:07:11 GMT" tf_http_res_status_code=403 tf_http_res_status_reason="403 Permission check failed (/vms/115, VM.Audit)" @caller=/home/runner/go/pkg/mod/github.com/hashicorp/terraform-plugin-sdk/v2@v2.40.1/helper/logging/logging_http_transport.go:162 Cache-Control=max-age=0 Content-Type=application/json;charset=UTF-8 Pragma=no-cache tf_http_trans_id=f9464fd3-bf8a-da1d-56a8-42cff6ffb0ea timestamp="2026-06-01T22:07:11.211+0200"
2026-06-01T22:07:12.212+0200 [DEBUG] provider.terraform-provider-proxmox_v0.108.0: Sending HTTP Request: Host=10.4.10.10:8006 tf_http_op_type=request tf_http_req_body="" tf_http_req_method=GET tf_provider_addr=registry.terraform.io/bpg/proxmox @module=proxmox Accept=application/json tf_http_req_uri=/api2/json/nodes/s12/qemu/115/status/current tf_req_id=eef2f2d8-605e-7de7-db76-a92c64e24632 User-Agent=Go-http-client/1.1 tf_mux_provider=tf5to6server.v5tov6Server tf_http_req_version=HTTP/1.1 tf_http_trans_id=122aed62-8768-b240-1a26-732d31491b47 tf_resource_type=proxmox_virtual_environment_vm tf_rpc=ApplyResourceChange @caller=/home/runner/go/pkg/mod/github.com/hashicorp/terraform-plugin-sdk/v2@v2.40.1/helper/logging/logging_http_transport.go:162 Accept-Encoding=gzip Authorization="PVEAPIToken=terraform@pve!terraform-token=2df6cbb0-ee6b-4e44-9b47-38e10d58bb3b" timestamp="2026-06-01T22:07:12.212+0200"
2026-06-01T22:07:12.219+0200 [DEBUG] provider.terraform-provider-proxmox_v0.108.0: Received HTTP Response: Expires="Mon, 01 Jun 2026 20:07:12 GMT" Pragma=no-cache tf_http_op_type=response tf_http_res_version=HTTP/1.1 tf_mux_provider=tf5to6server.v5tov6Server tf_provider_addr=registry.terraform.io/bpg/proxmox @caller=/home/runner/go/pkg/mod/github.com/hashicorp/terraform-plugin-sdk/v2@v2.40.1/helper/logging/logging_http_transport.go:162 @module=proxmox Content-Length=72 Content-Type=application/json;charset=UTF-8 tf_http_res_status_code=403 tf_http_res_status_reason="403 Permission check failed (/vms/115, VM.Audit)" tf_req_id=eef2f2d8-605e-7de7-db76-a92c64e24632 tf_rpc=ApplyResourceChange Date="Mon, 01 Jun 2026 20:07:12 GMT" Server=pve-api-daemon/3.0 tf_http_res_body="{\"data\":null,\"message\":\"Permission check failed (/vms/115, VM.Audit)\n\"}" tf_http_trans_id=122aed62-8768-b240-1a26-732d31491b47 tf_resource_type=proxmox_virtual_environment_vm Cache-Control=max-age=0 timestamp="2026-06-01T22:07:12.219+0200"
2026-06-01T22:07:13.219+0200 [DEBUG] provider.terraform-provider-proxmox_v0.108.0: Sending HTTP Request: Accept=application/json User-Agent=Go-http-client/1.1 tf_provider_addr=registry.terraform.io/bpg/proxmox tf_resource_type=proxmox_virtual_environment_vm tf_rpc=ApplyResourceChange Host=10.4.10.10:8006 tf_http_req_version=HTTP/1.1 tf_http_trans_id=74e9000c-b4fe-b7c3-ed0e-4e39eb632892 @module=proxmox tf_http_op_type=request tf_http_req_method=GET tf_http_req_uri=/api2/json/nodes/s12/qemu/115/status/current tf_mux_provider=tf5to6server.v5tov6Server tf_req_id=eef2f2d8-605e-7de7-db76-a92c64e24632 @caller=/home/runner/go/pkg/mod/github.com/hashicorp/terraform-plugin-sdk/v2@v2.40.1/helper/logging/logging_http_transport.go:162 Accept-Encoding=gzip Authorization="PVEAPIToken=terraform@pve!terraform-token=2df6cbb0-ee6b-4e44-9b47-38e10d58bb3b" tf_http_req_body="" timestamp="2026-06-01T22:07:13.219+0200"
2026-06-01T22:07:13.226+0200 [DEBUG] provider.terraform-provider-proxmox_v0.108.0: Received HTTP Response: tf_http_res_body="{\"data\":null,\"message\":\"Permission check failed (/vms/115, VM.Audit)\n\"}" tf_http_res_status_code=403 tf_http_res_status_reason="403 Permission check failed (/vms/115, VM.Audit)" tf_resource_type=proxmox_virtual_environment_vm @module=proxmox Pragma=no-cache Server=pve-api-daemon/3.0 tf_http_trans_id=74e9000c-b4fe-b7c3-ed0e-4e39eb632892 tf_rpc=ApplyResourceChange Content-Length=72 Expires="Mon, 01 Jun 2026 20:07:13 GMT" tf_http_op_type=response tf_mux_provider=tf5to6server.v5tov6Server tf_provider_addr=registry.terraform.io/bpg/proxmox tf_req_id=eef2f2d8-605e-7de7-db76-a92c64e24632 Content-Type=application/json;charset=UTF-8 tf_http_res_version=HTTP/1.1 @caller=/home/runner/go/pkg/mod/github.com/hashicorp/terraform-plugin-sdk/v2@v2.40.1/helper/logging/logging_http_transport.go:162 Cache-Control=max-age=0 Date="Mon, 01 Jun 2026 20:07:13 GMT" timestamp="2026-06-01T22:07:13.226+0200"
2026-06-01T22:07:14.227+0200 [DEBUG] provider.terraform-provider-proxmox_v0.108.0: Sending HTTP Request: @module=proxmox Authorization="PVEAPIToken=terraform@pve!terraform-token=2df6cbb0-ee6b-4e44-9b47-38e10d58bb3b" Host=10.4.10.10:8006 tf_http_req_version=HTTP/1.1 tf_http_trans_id=9409963f-68b4-ce1c-6447-bf45911fb26c tf_mux_provider=tf5to6server.v5tov6Server Accept-Encoding=gzip tf_provider_addr=registry.terraform.io/bpg/proxmox tf_req_id=eef2f2d8-605e-7de7-db76-a92c64e24632 tf_rpc=ApplyResourceChange tf_http_req_uri=/api2/json/nodes/s12/qemu/115/status/current tf_http_op_type=request tf_http_req_body="" Accept=application/json User-Agent=Go-http-client/1.1 tf_http_req_method=GET tf_resource_type=proxmox_virtual_environment_vm @caller=/home/runner/go/pkg/mod/github.com/hashicorp/terraform-plugin-sdk/v2@v2.40.1/helper/logging/logging_http_transport.go:162 timestamp="2026-06-01T22:07:14.227+0200"
2026-06-01T22:07:14.234+0200 [DEBUG] provider.terraform-provider-proxmox_v0.108.0: Received HTTP Response: tf_rpc=ApplyResourceChange @module=proxmox Date="Mon, 01 Jun 2026 20:07:14 GMT" Expires="Mon, 01 Jun 2026 20:07:14 GMT" tf_http_op_type=response tf_mux_provider=tf5to6server.v5tov6Server tf_resource_type=proxmox_virtual_environment_vm @caller=/home/runner/go/pkg/mod/github.com/hashicorp/terraform-plugin-sdk/v2@v2.40.1/helper/logging/logging_http_transport.go:162 Cache-Control=max-age=0 Content-Type=application/json;charset=UTF-8 Server=pve-api-daemon/3.0 tf_http_res_status_code=403 tf_req_id=eef2f2d8-605e-7de7-db76-a92c64e24632 Content-Length=72 Pragma=no-cache tf_http_res_body="{\"data\":null,\"message\":\"Permission check failed (/vms/115, VM.Audit)\n\"}" tf_http_res_version=HTTP/1.1 tf_http_res_status_reason="403 Permission check failed (/vms/115, VM.Audit)" tf_http_trans_id=9409963f-68b4-ce1c-6447-bf45911fb26c tf_provider_addr=registry.terraform.io/bpg/proxmox timestamp="2026-06-01T22:07:14.234+0200"
2026-06-01T22:07:15.234+0200 [DEBUG] provider.terraform-provider-proxmox_v0.108.0: Sending HTTP Request: tf_http_req_uri=/api2/json/nodes/s12/qemu/115/status/current tf_req_id=eef2f2d8-605e-7de7-db76-a92c64e24632 @caller=/home/runner/go/pkg/mod/github.com/hashicorp/terraform-plugin-sdk/v2@v2.40.1/helper/logging/logging_http_transport.go:162 Accept-Encoding=gzip tf_http_op_type=request tf_http_req_version=HTTP/1.1 Authorization="PVEAPIToken=terraform@pve!terraform-token=2df6cbb0-ee6b-4e44-9b47-38e10d58bb3b" Host=10.4.10.10:8006 tf_http_req_body="" tf_http_trans_id=7b8f5e49-1877-95ea-2a77-49c3bb8eddbe @module=proxmox User-Agent=Go-http-client/1.1 tf_mux_provider=tf5to6server.v5tov6Server tf_provider_addr=registry.terraform.io/bpg/proxmox tf_resource_type=proxmox_virtual_environment_vm tf_rpc=ApplyResourceChange Accept=application/json tf_http_req_method=GET timestamp="2026-06-01T22:07:15.234+0200"
2026-06-01T22:07:15.241+0200 [DEBUG] provider.terraform-provider-proxmox_v0.108.0: Received HTTP Response: tf_http_op_type=response tf_http_res_status_reason="403 Permission check failed (/vms/115, VM.Audit)" @caller=/home/runner/go/pkg/mod/github.com/hashicorp/terraform-plugin-sdk/v2@v2.40.1/helper/logging/logging_http_transport.go:162 @module=proxmox Cache-Control=max-age=0 Content-Length=72 Content-Type=application/json;charset=UTF-8 Expires="Mon, 01 Jun 2026 20:07:15 GMT" tf_http_res_version=HTTP/1.1 tf_http_res_status_code=403 tf_mux_provider=tf5to6server.v5tov6Server tf_provider_addr=registry.terraform.io/bpg/proxmox tf_rpc=ApplyResourceChange Pragma=no-cache Server=pve-api-daemon/3.0 tf_http_res_body="{\"data\":null,\"message\":\"Permission check failed (/vms/115, VM.Audit)\n\"}" Date="Mon, 01 Jun 2026 20:07:15 GMT" tf_http_trans_id=7b8f5e49-1877-95ea-2a77-49c3bb8eddbe tf_req_id=eef2f2d8-605e-7de7-db76-a92c64e24632 tf_resource_type=proxmox_virtual_environment_vm timestamp="2026-06-01T22:07:15.241+0200"
2026-06-01T22:07:16.242+0200 [DEBUG] provider.terraform-provider-proxmox_v0.108.0: Sending HTTP Request: Accept=application/json Authorization="PVEAPIToken=terraform@pve!terraform-token=2df6cbb0-ee6b-4e44-9b47-38e10d58bb3b" tf_http_req_uri=/api2/json/nodes/s12/qemu/115/status/current tf_http_trans_id=ab7f88a0-cff4-6047-ba30-e740bdb83634 tf_resource_type=proxmox_virtual_environment_vm tf_http_req_method=GET tf_mux_provider=tf5to6server.v5tov6Server tf_provider_addr=registry.terraform.io/bpg/proxmox tf_rpc=ApplyResourceChange @caller=/home/runner/go/pkg/mod/github.com/hashicorp/terraform-plugin-sdk/v2@v2.40.1/helper/logging/logging_http_transport.go:162 User-Agent=Go-http-client/1.1 tf_http_op_type=request tf_http_req_version=HTTP/1.1 @module=proxmox Accept-Encoding=gzip Host=10.4.10.10:8006 tf_http_req_body="" tf_req_id=eef2f2d8-605e-7de7-db76-a92c64e24632 timestamp="2026-06-01T22:07:16.241+0200"
2026-06-01T22:07:16.249+0200 [DEBUG] provider.terraform-provider-proxmox_v0.108.0: Received HTTP Response: tf_http_res_body="{\"data\":null,\"message\":\"Permission check failed (/vms/115, VM.Audit)\n\"}" tf_http_res_status_reason="403 Permission check failed (/vms/115, VM.Audit)" tf_req_id=eef2f2d8-605e-7de7-db76-a92c64e24632 @caller=/home/runner/go/pkg/mod/github.com/hashicorp/terraform-plugin-sdk/v2@v2.40.1/helper/logging/logging_http_transport.go:162 Pragma=no-cache tf_http_op_type=response tf_http_res_version=HTTP/1.1 tf_mux_provider=tf5to6server.v5tov6Server tf_rpc=ApplyResourceChange Content-Length=72 Expires="Mon, 01 Jun 2026 20:07:16 GMT" tf_http_res_status_code=403 tf_http_trans_id=ab7f88a0-cff4-6047-ba30-e740bdb83634 tf_provider_addr=registry.terraform.io/bpg/proxmox @module=proxmox Cache-Control=max-age=0 Date="Mon, 01 Jun 2026 20:07:16 GMT" tf_resource_type=proxmox_virtual_environment_vm Content-Type=application/json;charset=UTF-8 Server=pve-api-daemon/3.0 timestamp="2026-06-01T22:07:16.249+0200"
2026-06-01T22:07:17.249+0200 [DEBUG] provider.terraform-provider-proxmox_v0.108.0: Sending HTTP Request: tf_http_trans_id=b09dae3d-6f72-9fff-9bbd-0868f4ffaa38 tf_req_id=eef2f2d8-605e-7de7-db76-a92c64e24632 tf_rpc=ApplyResourceChange @caller=/home/runner/go/pkg/mod/github.com/hashicorp/terraform-plugin-sdk/v2@v2.40.1/helper/logging/logging_http_transport.go:162 Accept-Encoding=gzip Host=10.4.10.10:8006 tf_mux_provider=tf5to6server.v5tov6Server tf_provider_addr=registry.terraform.io/bpg/proxmox tf_http_req_body="" tf_http_req_uri=/api2/json/nodes/s12/qemu/115/status/current tf_http_req_version=HTTP/1.1 @module=proxmox Accept=application/json Authorization="PVEAPIToken=terraform@pve!terraform-token=2df6cbb0-ee6b-4e44-9b47-38e10d58bb3b" User-Agent=Go-http-client/1.1 tf_http_req_method=GET tf_resource_type=proxmox_virtual_environment_vm tf_http_op_type=request timestamp="2026-06-01T22:07:17.249+0200"
2026-06-01T22:07:17.256+0200 [DEBUG] provider.terraform-provider-proxmox_v0.108.0: Received HTTP Response: tf_rpc=ApplyResourceChange Cache-Control=max-age=0 Content-Length=72 Pragma=no-cache tf_mux_provider=tf5to6server.v5tov6Server tf_http_op_type=response tf_http_res_body="{\"data\":null,\"message\":\"Permission check failed (/vms/115, VM.Audit)\n\"}" tf_http_res_version=HTTP/1.1 tf_req_id=eef2f2d8-605e-7de7-db76-a92c64e24632 @caller=/home/runner/go/pkg/mod/github.com/hashicorp/terraform-plugin-sdk/v2@v2.40.1/helper/logging/logging_http_transport.go:162 Content-Type=application/json;charset=UTF-8 Date="Mon, 01 Jun 2026 20:07:17 GMT" tf_http_res_status_reason="403 Permission check failed (/vms/115, VM.Audit)" tf_http_trans_id=b09dae3d-6f72-9fff-9bbd-0868f4ffaa38 @module=proxmox Expires="Mon, 01 Jun 2026 20:07:17 GMT" Server=pve-api-daemon/3.0 tf_http_res_status_code=403 tf_provider_addr=registry.terraform.io/bpg/proxmox tf_resource_type=proxmox_virtual_environment_vm timestamp="2026-06-01T22:07:17.256+0200"
2026-06-01T22:07:18.257+0200 [DEBUG] provider.terraform-provider-proxmox_v0.108.0: Sending HTTP Request: Accept=application/json Host=10.4.10.10:8006 tf_http_req_body="" tf_http_req_uri=/api2/json/nodes/s12/qemu/115/status/current tf_provider_addr=registry.terraform.io/bpg/proxmox tf_http_op_type=request tf_http_req_method=GET tf_http_req_version=HTTP/1.1 tf_mux_provider=tf5to6server.v5tov6Server Accept-Encoding=gzip tf_http_trans_id=28ff17fc-e12f-e66e-a488-3629f42cff4e @caller=/home/runner/go/pkg/mod/github.com/hashicorp/terraform-plugin-sdk/v2@v2.40.1/helper/logging/logging_http_transport.go:162 @module=proxmox Authorization="PVEAPIToken=terraform@pve!terraform-token=2df6cbb0-ee6b-4e44-9b47-38e10d58bb3b" User-Agent=Go-http-client/1.1 tf_req_id=eef2f2d8-605e-7de7-db76-a92c64e24632 tf_resource_type=proxmox_virtual_environment_vm tf_rpc=ApplyResourceChange timestamp="2026-06-01T22:07:18.257+0200"
2026-06-01T22:07:18.264+0200 [DEBUG] provider.terraform-provider-proxmox_v0.108.0: Received HTTP Response: Pragma=no-cache tf_http_res_body="{\"message\":\"Permission check failed (/vms/115, VM.Audit)\n\",\"data\":null}" tf_http_trans_id=28ff17fc-e12f-e66e-a488-3629f42cff4e tf_mux_provider=tf5to6server.v5tov6Server Date="Mon, 01 Jun 2026 20:07:18 GMT" Expires="Mon, 01 Jun 2026 20:07:18 GMT" tf_http_op_type=response tf_http_res_version=HTTP/1.1 tf_provider_addr=registry.terraform.io/bpg/proxmox tf_req_id=eef2f2d8-605e-7de7-db76-a92c64e24632 Cache-Control=max-age=0 tf_http_res_status_reason="403 Permission check failed (/vms/115, VM.Audit)" @module=proxmox Server=pve-api-daemon/3.0 tf_http_res_status_code=403 tf_resource_type=proxmox_virtual_environment_vm tf_rpc=ApplyResourceChange @caller=/home/runner/go/pkg/mod/github.com/hashicorp/terraform-plugin-sdk/v2@v2.40.1/helper/logging/logging_http_transport.go:162 Content-Length=72 Content-Type=application/json;charset=UTF-8 timestamp="2026-06-01T22:07:18.263+0200"
2026-06-01T22:07:19.264+0200 [DEBUG] provider.terraform-provider-proxmox_v0.108.0: Sending HTTP Request: @caller=/home/runner/go/pkg/mod/github.com/hashicorp/terraform-plugin-sdk/v2@v2.40.1/helper/logging/logging_http_transport.go:162 Accept-Encoding=gzip Authorization="PVEAPIToken=terraform@pve!terraform-token=2df6cbb0-ee6b-4e44-9b47-38e10d58bb3b" Host=10.4.10.10:8006 tf_http_req_method=GET tf_http_req_version=HTTP/1.1 tf_http_trans_id=fdda973f-468c-9f4a-6e88-928f73732adf @module=proxmox Accept=application/json tf_http_req_body="" tf_http_req_uri=/api2/json/nodes/s12/qemu/115/status/current tf_mux_provider=tf5to6server.v5tov6Server tf_provider_addr=registry.terraform.io/bpg/proxmox tf_resource_type=proxmox_virtual_environment_vm tf_rpc=ApplyResourceChange tf_http_op_type=request User-Agent=Go-http-client/1.1 tf_req_id=eef2f2d8-605e-7de7-db76-a92c64e24632 timestamp="2026-06-01T22:07:19.264+0200"
2026-06-01T22:07:19.271+0200 [DEBUG] provider.terraform-provider-proxmox_v0.108.0: Received HTTP Response: Content-Length=72 Date="Mon, 01 Jun 2026 20:07:19 GMT" tf_http_op_type=response tf_http_trans_id=fdda973f-468c-9f4a-6e88-928f73732adf tf_mux_provider=tf5to6server.v5tov6Server tf_provider_addr=registry.terraform.io/bpg/proxmox tf_rpc=ApplyResourceChange @module=proxmox Cache-Control=max-age=0 Content-Type=application/json;charset=UTF-8 Expires="Mon, 01 Jun 2026 20:07:19 GMT" Server=pve-api-daemon/3.0 tf_http_res_version=HTTP/1.1 @caller=/home/runner/go/pkg/mod/github.com/hashicorp/terraform-plugin-sdk/v2@v2.40.1/helper/logging/logging_http_transport.go:162 tf_http_res_status_code=403 tf_req_id=eef2f2d8-605e-7de7-db76-a92c64e24632 Pragma=no-cache tf_http_res_body="{\"data\":null,\"message\":\"Permission check failed (/vms/115, VM.Audit)\n\"}" tf_http_res_status_reason="403 Permission check failed (/vms/115, VM.Audit)" tf_resource_type=proxmox_virtual_environment_vm timestamp="2026-06-01T22:07:19.271+0200"
2026-06-01T22:07:20.273+0200 [DEBUG] provider.terraform-provider-proxmox_v0.108.0: Sending HTTP Request: User-Agent=Go-http-client/1.1 tf_http_op_type=request @caller=/home/runner/go/pkg/mod/github.com/hashicorp/terraform-plugin-sdk/v2@v2.40.1/helper/logging/logging_http_transport.go:162 @module=proxmox Accept=application/json Accept-Encoding=gzip tf_http_trans_id=066ea6b0-3feb-9840-88a8-29652c85d838 tf_http_req_body="" tf_http_req_method=GET tf_mux_provider=tf5to6server.v5tov6Server tf_provider_addr=registry.terraform.io/bpg/proxmox tf_req_id=eef2f2d8-605e-7de7-db76-a92c64e24632 tf_resource_type=proxmox_virtual_environment_vm tf_rpc=ApplyResourceChange Authorization="PVEAPIToken=terraform@pve!terraform-token=2df6cbb0-ee6b-4e44-9b47-38e10d58bb3b" Host=10.4.10.10:8006 tf_http_req_version=HTTP/1.1 tf_http_req_uri=/api2/json/nodes/s12/qemu/115/status/current timestamp="2026-06-01T22:07:20.273+0200"
2026-06-01T22:07:20.282+0200 [DEBUG] provider.terraform-provider-proxmox_v0.108.0: Received HTTP Response: tf_http_res_status_code=403 tf_http_trans_id=066ea6b0-3feb-9840-88a8-29652c85d838 tf_provider_addr=registry.terraform.io/bpg/proxmox @caller=/home/runner/go/pkg/mod/github.com/hashicorp/terraform-plugin-sdk/v2@v2.40.1/helper/logging/logging_http_transport.go:162 Content-Type=application/json;charset=UTF-8 Pragma=no-cache tf_http_res_status_reason="403 Permission check failed (/vms/115, VM.Audit)" tf_req_id=eef2f2d8-605e-7de7-db76-a92c64e24632 @module=proxmox Expires="Mon, 01 Jun 2026 20:07:20 GMT" tf_http_op_type=response tf_http_res_body="{\"data\":null,\"message\":\"Permission check failed (/vms/115, VM.Audit)\n\"}" tf_http_res_version=HTTP/1.1 tf_rpc=ApplyResourceChange tf_mux_provider=tf5to6server.v5tov6Server tf_resource_type=proxmox_virtual_environment_vm Cache-Control=max-age=0 Content-Length=72 Date="Mon, 01 Jun 2026 20:07:20 GMT" Server=pve-api-daemon/3.0 timestamp="2026-06-01T22:07:20.281+0200"
2026-06-01T22:07:21.282+0200 [DEBUG] provider.terraform-provider-proxmox_v0.108.0: Sending HTTP Request: tf_http_op_type=request tf_rpc=ApplyResourceChange Host=10.4.10.10:8006 User-Agent=Go-http-client/1.1 tf_mux_provider=tf5to6server.v5tov6Server @caller=/home/runner/go/pkg/mod/github.com/hashicorp/terraform-plugin-sdk/v2@v2.40.1/helper/logging/logging_http_transport.go:162 @module=proxmox Authorization="PVEAPIToken=terraform@pve!terraform-token=2df6cbb0-ee6b-4e44-9b47-38e10d58bb3b" tf_http_req_uri=/api2/json/nodes/s12/qemu/115/status/current tf_http_req_version=HTTP/1.1 tf_provider_addr=registry.terraform.io/bpg/proxmox tf_resource_type=proxmox_virtual_environment_vm tf_http_req_body="" tf_http_req_method=GET tf_http_trans_id=f4da1196-1b8f-c98a-d323-d6226d9e4d14 tf_req_id=eef2f2d8-605e-7de7-db76-a92c64e24632 Accept=application/json Accept-Encoding=gzip timestamp="2026-06-01T22:07:21.282+0200"
2026-06-01T22:07:21.290+0200 [DEBUG] provider.terraform-provider-proxmox_v0.108.0: Received HTTP Response: tf_http_res_body="{\"message\":\"Permission check failed (/vms/115, VM.Audit)\n\",\"data\":null}" tf_req_id=eef2f2d8-605e-7de7-db76-a92c64e24632 tf_rpc=ApplyResourceChange @module=proxmox Cache-Control=max-age=0 tf_http_op_type=response tf_http_res_status_reason="403 Permission check failed (/vms/115, VM.Audit)" tf_mux_provider=tf5to6server.v5tov6Server Content-Length=72 tf_http_res_status_code=403 tf_http_res_version=HTTP/1.1 tf_provider_addr=registry.terraform.io/bpg/proxmox tf_resource_type=proxmox_virtual_environment_vm @caller=/home/runner/go/pkg/mod/github.com/hashicorp/terraform-plugin-sdk/v2@v2.40.1/helper/logging/logging_http_transport.go:162 Expires="Mon, 01 Jun 2026 20:07:21 GMT" Pragma=no-cache tf_http_trans_id=f4da1196-1b8f-c98a-d323-d6226d9e4d14 Content-Type=application/json;charset=UTF-8 Date="Mon, 01 Jun 2026 20:07:21 GMT" Server=pve-api-daemon/3.0 timestamp="2026-06-01T22:07:21.290+0200"
2026-06-01T22:07:22.290+0200 [DEBUG] provider.terraform-provider-proxmox_v0.108.0: Sending HTTP Request: tf_mux_provider=tf5to6server.v5tov6Server @caller=/home/runner/go/pkg/mod/github.com/hashicorp/terraform-plugin-sdk/v2@v2.40.1/helper/logging/logging_http_transport.go:162 Authorization="PVEAPIToken=terraform@pve!terraform-token=2df6cbb0-ee6b-4e44-9b47-38e10d58bb3b" User-Agent=Go-http-client/1.1 tf_http_op_type=request tf_provider_addr=registry.terraform.io/bpg/proxmox tf_resource_type=proxmox_virtual_environment_vm tf_rpc=ApplyResourceChange @module=proxmox Accept=application/json Accept-Encoding=gzip tf_http_req_body="" tf_http_req_method=GET tf_req_id=eef2f2d8-605e-7de7-db76-a92c64e24632 Host=10.4.10.10:8006 tf_http_req_uri=/api2/json/nodes/s12/qemu/115/status/current tf_http_req_version=HTTP/1.1 tf_http_trans_id=ecd84d48-0daf-2487-d854-21673d8b5c2a timestamp="2026-06-01T22:07:22.290+0200"
2026-06-01T22:07:22.298+0200 [DEBUG] provider.terraform-provider-proxmox_v0.108.0: Received HTTP Response: Pragma=no-cache tf_http_op_type=response tf_http_res_body="{\"data\":null,\"message\":\"Permission check failed (/vms/115, VM.Audit)\n\"}" tf_http_res_status_code=403 tf_rpc=ApplyResourceChange Server=pve-api-daemon/3.0 @caller=/home/runner/go/pkg/mod/github.com/hashicorp/terraform-plugin-sdk/v2@v2.40.1/helper/logging/logging_http_transport.go:162 @module=proxmox Content-Type=application/json;charset=UTF-8 tf_http_res_status_reason="403 Permission check failed (/vms/115, VM.Audit)" tf_http_res_version=HTTP/1.1 tf_http_trans_id=ecd84d48-0daf-2487-d854-21673d8b5c2a tf_provider_addr=registry.terraform.io/bpg/proxmox tf_req_id=eef2f2d8-605e-7de7-db76-a92c64e24632 tf_resource_type=proxmox_virtual_environment_vm Expires="Mon, 01 Jun 2026 20:07:22 GMT" Cache-Control=max-age=0 Content-Length=72 Date="Mon, 01 Jun 2026 20:07:22 GMT" tf_mux_provider=tf5to6server.v5tov6Server timestamp="2026-06-01T22:07:22.298+0200"
2026-06-01T22:07:23.299+0200 [DEBUG] provider.terraform-provider-proxmox_v0.108.0: Sending HTTP Request: tf_mux_provider=tf5to6server.v5tov6Server tf_req_id=eef2f2d8-605e-7de7-db76-a92c64e24632 @module=proxmox Accept-Encoding=gzip tf_http_op_type=request tf_http_trans_id=e768d27f-a815-9bf3-b284-a9450da464d3 tf_resource_type=proxmox_virtual_environment_vm tf_rpc=ApplyResourceChange tf_http_req_body="" tf_provider_addr=registry.terraform.io/bpg/proxmox Accept=application/json Host=10.4.10.10:8006 tf_http_req_version=HTTP/1.1 @caller=/home/runner/go/pkg/mod/github.com/hashicorp/terraform-plugin-sdk/v2@v2.40.1/helper/logging/logging_http_transport.go:162 Authorization="PVEAPIToken=terraform@pve!terraform-token=2df6cbb0-ee6b-4e44-9b47-38e10d58bb3b" User-Agent=Go-http-client/1.1 tf_http_req_method=GET tf_http_req_uri=/api2/json/nodes/s12/qemu/115/status/current timestamp="2026-06-01T22:07:23.298+0200"
2026-06-01T22:07:23.307+0200 [DEBUG] provider.terraform-provider-proxmox_v0.108.0: Received HTTP Response: tf_mux_provider=tf5to6server.v5tov6Server tf_rpc=ApplyResourceChange Content-Type=application/json;charset=UTF-8 Pragma=no-cache Server=pve-api-daemon/3.0 tf_http_op_type=response tf_http_res_status_code=403 tf_http_trans_id=e768d27f-a815-9bf3-b284-a9450da464d3 tf_provider_addr=registry.terraform.io/bpg/proxmox Expires="Mon, 01 Jun 2026 20:07:23 GMT" tf_http_res_body="{\"message\":\"Permission check failed (/vms/115, VM.Audit)\n\",\"data\":null}" tf_http_res_version=HTTP/1.1 tf_req_id=eef2f2d8-605e-7de7-db76-a92c64e24632 @caller=/home/runner/go/pkg/mod/github.com/hashicorp/terraform-plugin-sdk/v2@v2.40.1/helper/logging/logging_http_transport.go:162 Content-Length=72 tf_http_res_status_reason="403 Permission check failed (/vms/115, VM.Audit)" tf_resource_type=proxmox_virtual_environment_vm @module=proxmox Cache-Control=max-age=0 Date="Mon, 01 Jun 2026 20:07:23 GMT" timestamp="2026-06-01T22:07:23.307+0200"
2026-06-01T22:07:24.308+0200 [DEBUG] provider.terraform-provider-proxmox_v0.108.0: Sending HTTP Request: tf_http_req_uri=/api2/json/nodes/s12/qemu/115/status/current tf_http_req_version=HTTP/1.1 tf_rpc=ApplyResourceChange Accept-Encoding=gzip tf_http_req_method=GET tf_http_trans_id=9107c798-9e89-ac90-b5ef-bf4f84271946 tf_provider_addr=registry.terraform.io/bpg/proxmox tf_resource_type=proxmox_virtual_environment_vm @caller=/home/runner/go/pkg/mod/github.com/hashicorp/terraform-plugin-sdk/v2@v2.40.1/helper/logging/logging_http_transport.go:162 @module=proxmox tf_mux_provider=tf5to6server.v5tov6Server tf_req_id=eef2f2d8-605e-7de7-db76-a92c64e24632 Accept=application/json Host=10.4.10.10:8006 User-Agent=Go-http-client/1.1 tf_http_req_body="" Authorization="PVEAPIToken=terraform@pve!terraform-token=2df6cbb0-ee6b-4e44-9b47-38e10d58bb3b" tf_http_op_type=request timestamp="2026-06-01T22:07:24.307+0200"
2026-06-01T22:07:24.315+0200 [DEBUG] provider.terraform-provider-proxmox_v0.108.0: Received HTTP Response: Date="Mon, 01 Jun 2026 20:07:24 GMT" tf_http_op_type=response tf_http_res_status_reason="403 Permission check failed (/vms/115, VM.Audit)" tf_http_res_version=HTTP/1.1 @caller=/home/runner/go/pkg/mod/github.com/hashicorp/terraform-plugin-sdk/v2@v2.40.1/helper/logging/logging_http_transport.go:162 @module=proxmox Cache-Control=max-age=0 tf_http_res_status_code=403 tf_req_id=eef2f2d8-605e-7de7-db76-a92c64e24632 tf_resource_type=proxmox_virtual_environment_vm Pragma=no-cache Server=pve-api-daemon/3.0 tf_http_res_body="{\"message\":\"Permission check failed (/vms/115, VM.Audit)\n\",\"data\":null}" tf_mux_provider=tf5to6server.v5tov6Server Content-Type=application/json;charset=UTF-8 Expires="Mon, 01 Jun 2026 20:07:24 GMT" tf_http_trans_id=9107c798-9e89-ac90-b5ef-bf4f84271946 tf_provider_addr=registry.terraform.io/bpg/proxmox tf_rpc=ApplyResourceChange Content-Length=72 timestamp="2026-06-01T22:07:24.315+0200"
2026-06-01T22:07:25.316+0200 [DEBUG] provider.terraform-provider-proxmox_v0.108.0: Sending HTTP Request: @caller=/home/runner/go/pkg/mod/github.com/hashicorp/terraform-plugin-sdk/v2@v2.40.1/helper/logging/logging_http_transport.go:162 Authorization="PVEAPIToken=terraform@pve!terraform-token=2df6cbb0-ee6b-4e44-9b47-38e10d58bb3b" tf_provider_addr=registry.terraform.io/bpg/proxmox tf_req_id=eef2f2d8-605e-7de7-db76-a92c64e24632 tf_rpc=ApplyResourceChange tf_http_trans_id=6fe3b089-921f-f28f-6b0a-e498a760e3cf tf_mux_provider=tf5to6server.v5tov6Server @module=proxmox Accept-Encoding=gzip User-Agent=Go-http-client/1.1 tf_http_op_type=request Accept=application/json Host=10.4.10.10:8006 tf_http_req_body="" tf_http_req_method=GET tf_http_req_uri=/api2/json/nodes/s12/qemu/115/status/current tf_http_req_version=HTTP/1.1 tf_resource_type=proxmox_virtual_environment_vm timestamp="2026-06-01T22:07:25.316+0200"
2026-06-01T22:07:25.324+0200 [DEBUG] provider.terraform-provider-proxmox_v0.108.0: Received HTTP Response: Pragma=no-cache tf_http_res_body="{\"message\":\"Permission check failed (/vms/115, VM.Audit)\n\",\"data\":null}" tf_http_trans_id=6fe3b089-921f-f28f-6b0a-e498a760e3cf tf_req_id=eef2f2d8-605e-7de7-db76-a92c64e24632 tf_resource_type=proxmox_virtual_environment_vm tf_rpc=ApplyResourceChange Content-Length=72 tf_provider_addr=registry.terraform.io/bpg/proxmox Cache-Control=max-age=0 Expires="Mon, 01 Jun 2026 20:07:25 GMT" Server=pve-api-daemon/3.0 tf_http_res_version=HTTP/1.1 tf_mux_provider=tf5to6server.v5tov6Server @caller=/home/runner/go/pkg/mod/github.com/hashicorp/terraform-plugin-sdk/v2@v2.40.1/helper/logging/logging_http_transport.go:162 @module=proxmox Content-Type=application/json;charset=UTF-8 tf_http_op_type=response tf_http_res_status_code=403 tf_http_res_status_reason="403 Permission check failed (/vms/115, VM.Audit)" Date="Mon, 01 Jun 2026 20:07:25 GMT" timestamp="2026-06-01T22:07:25.323+0200"
2026-06-01T22:07:26.324+0200 [DEBUG] provider.terraform-provider-proxmox_v0.108.0: Sending HTTP Request: tf_req_id=eef2f2d8-605e-7de7-db76-a92c64e24632 @module=proxmox tf_http_req_body="" tf_http_req_version=HTTP/1.1 tf_resource_type=proxmox_virtual_environment_vm tf_http_req_uri=/api2/json/nodes/s12/qemu/115/status/current tf_http_trans_id=0899a79e-60eb-2753-44af-616485919ede tf_rpc=ApplyResourceChange Accept=application/json Authorization="PVEAPIToken=terraform@pve!terraform-token=2df6cbb0-ee6b-4e44-9b47-38e10d58bb3b" Host=10.4.10.10:8006 User-Agent=Go-http-client/1.1 tf_http_op_type=request @caller=/home/runner/go/pkg/mod/github.com/hashicorp/terraform-plugin-sdk/v2@v2.40.1/helper/logging/logging_http_transport.go:162 Accept-Encoding=gzip tf_http_req_method=GET tf_mux_provider=tf5to6server.v5tov6Server tf_provider_addr=registry.terraform.io/bpg/proxmox timestamp="2026-06-01T22:07:26.324+0200"
2026-06-01T22:07:26.332+0200 [DEBUG] provider.terraform-provider-proxmox_v0.108.0: Received HTTP Response: tf_http_op_type=response tf_http_res_version=HTTP/1.1 tf_mux_provider=tf5to6server.v5tov6Server Content-Type=application/json;charset=UTF-8 Expires="Mon, 01 Jun 2026 20:07:26 GMT" tf_provider_addr=registry.terraform.io/bpg/proxmox tf_req_id=eef2f2d8-605e-7de7-db76-a92c64e24632 Date="Mon, 01 Jun 2026 20:07:26 GMT" Pragma=no-cache Server=pve-api-daemon/3.0 tf_http_trans_id=0899a79e-60eb-2753-44af-616485919ede tf_resource_type=proxmox_virtual_environment_vm Cache-Control=max-age=0 Content-Length=72 tf_http_res_status_code=403 tf_http_res_status_reason="403 Permission check failed (/vms/115, VM.Audit)" tf_rpc=ApplyResourceChange tf_http_res_body="{\"data\":null,\"message\":\"Permission check failed (/vms/115, VM.Audit)\n\"}" @caller=/home/runner/go/pkg/mod/github.com/hashicorp/terraform-plugin-sdk/v2@v2.40.1/helper/logging/logging_http_transport.go:162 @module=proxmox timestamp="2026-06-01T22:07:26.332+0200"
2026-06-01T22:07:27.333+0200 [DEBUG] provider.terraform-provider-proxmox_v0.108.0: Sending HTTP Request: Accept-Encoding=gzip Authorization="PVEAPIToken=terraform@pve!terraform-token=2df6cbb0-ee6b-4e44-9b47-38e10d58bb3b" Host=10.4.10.10:8006 tf_req_id=eef2f2d8-605e-7de7-db76-a92c64e24632 tf_http_req_method=GET @module=proxmox Accept=application/json User-Agent=Go-http-client/1.1 tf_http_req_body="" tf_mux_provider=tf5to6server.v5tov6Server @caller=/home/runner/go/pkg/mod/github.com/hashicorp/terraform-plugin-sdk/v2@v2.40.1/helper/logging/logging_http_transport.go:162 tf_http_req_uri=/api2/json/nodes/s12/qemu/115/status/current tf_resource_type=proxmox_virtual_environment_vm tf_rpc=ApplyResourceChange tf_http_op_type=request tf_http_req_version=HTTP/1.1 tf_http_trans_id=430276d8-3087-ae97-4fc8-e31a4df61b1a tf_provider_addr=registry.terraform.io/bpg/proxmox timestamp="2026-06-01T22:07:27.333+0200"
2026-06-01T22:07:27.341+0200 [DEBUG] provider.terraform-provider-proxmox_v0.108.0: Received HTTP Response: tf_mux_provider=tf5to6server.v5tov6Server tf_resource_type=proxmox_virtual_environment_vm tf_rpc=ApplyResourceChange @caller=/home/runner/go/pkg/mod/github.com/hashicorp/terraform-plugin-sdk/v2@v2.40.1/helper/logging/logging_http_transport.go:162 tf_http_op_type=response tf_http_res_version=HTTP/1.1 @module=proxmox Cache-Control=max-age=0 Content-Type=application/json;charset=UTF-8 tf_http_res_status_code=403 tf_provider_addr=registry.terraform.io/bpg/proxmox Date="Mon, 01 Jun 2026 20:07:27 GMT" Expires="Mon, 01 Jun 2026 20:07:27 GMT" Pragma=no-cache tf_http_res_body="{\"data\":null,\"message\":\"Permission check failed (/vms/115, VM.Audit)\n\"}" tf_http_trans_id=430276d8-3087-ae97-4fc8-e31a4df61b1a tf_req_id=eef2f2d8-605e-7de7-db76-a92c64e24632 Content-Length=72 Server=pve-api-daemon/3.0 tf_http_res_status_reason="403 Permission check failed (/vms/115, VM.Audit)" timestamp="2026-06-01T22:07:27.341+0200"
2026-06-01T22:07:28.342+0200 [DEBUG] provider.terraform-provider-proxmox_v0.108.0: Sending HTTP Request: User-Agent=Go-http-client/1.1 tf_http_op_type=request tf_http_trans_id=fb48536e-10fa-bcf2-aa1d-771fbfe3eab0 tf_provider_addr=registry.terraform.io/bpg/proxmox tf_rpc=ApplyResourceChange Accept=application/json Authorization="PVEAPIToken=terraform@pve!terraform-token=2df6cbb0-ee6b-4e44-9b47-38e10d58bb3b" Host=10.4.10.10:8006 tf_mux_provider=tf5to6server.v5tov6Server tf_req_id=eef2f2d8-605e-7de7-db76-a92c64e24632 tf_http_req_uri=/api2/json/nodes/s12/qemu/115/status/current @caller=/home/runner/go/pkg/mod/github.com/hashicorp/terraform-plugin-sdk/v2@v2.40.1/helper/logging/logging_http_transport.go:162 @module=proxmox Accept-Encoding=gzip tf_http_req_body="" tf_http_req_method=GET tf_resource_type=proxmox_virtual_environment_vm tf_http_req_version=HTTP/1.1 timestamp="2026-06-01T22:07:28.341+0200"
2026-06-01T22:07:28.349+0200 [DEBUG] provider.terraform-provider-proxmox_v0.108.0: Received HTTP Response: tf_http_res_body="{\"data\":null,\"message\":\"Permission check failed (/vms/115, VM.Audit)\n\"}" tf_provider_addr=registry.terraform.io/bpg/proxmox tf_rpc=ApplyResourceChange Cache-Control=max-age=0 tf_resource_type=proxmox_virtual_environment_vm @module=proxmox Content-Type=application/json;charset=UTF-8 tf_http_res_status_code=403 tf_http_res_status_reason="403 Permission check failed (/vms/115, VM.Audit)" Content-Length=72 Pragma=no-cache tf_http_op_type=response tf_http_res_version=HTTP/1.1 tf_http_trans_id=fb48536e-10fa-bcf2-aa1d-771fbfe3eab0 tf_mux_provider=tf5to6server.v5tov6Server tf_req_id=eef2f2d8-605e-7de7-db76-a92c64e24632 @caller=/home/runner/go/pkg/mod/github.com/hashicorp/terraform-plugin-sdk/v2@v2.40.1/helper/logging/logging_http_transport.go:162 Date="Mon, 01 Jun 2026 20:07:28 GMT" Expires="Mon, 01 Jun 2026 20:07:28 GMT" Server=pve-api-daemon/3.0 timestamp="2026-06-01T22:07:28.348+0200"
2026-06-01T22:07:29.349+0200 [DEBUG] provider.terraform-provider-proxmox_v0.108.0: Sending HTTP Request: Accept-Encoding=gzip Host=10.4.10.10:8006 tf_http_op_type=request @module=proxmox tf_http_req_body="" tf_http_req_version=HTTP/1.1 tf_mux_provider=tf5to6server.v5tov6Server tf_provider_addr=registry.terraform.io/bpg/proxmox tf_rpc=ApplyResourceChange @caller=/home/runner/go/pkg/mod/github.com/hashicorp/terraform-plugin-sdk/v2@v2.40.1/helper/logging/logging_http_transport.go:162 User-Agent=Go-http-client/1.1 tf_http_req_method=GET tf_http_req_uri=/api2/json/nodes/s12/qemu/115/status/current tf_http_trans_id=7ec42926-0c0e-606c-9655-c706f347de92 tf_resource_type=proxmox_virtual_environment_vm Accept=application/json Authorization="PVEAPIToken=terraform@pve!terraform-token=2df6cbb0-ee6b-4e44-9b47-38e10d58bb3b" tf_req_id=eef2f2d8-605e-7de7-db76-a92c64e24632 timestamp="2026-06-01T22:07:29.349+0200"
2026-06-01T22:07:29.357+0200 [DEBUG] provider.terraform-provider-proxmox_v0.108.0: Received HTTP Response: Cache-Control=max-age=0 tf_http_op_type=response tf_http_res_status_reason="403 Permission check failed (/vms/115, VM.Audit)" tf_http_trans_id=7ec42926-0c0e-606c-9655-c706f347de92 tf_provider_addr=registry.terraform.io/bpg/proxmox @module=proxmox Content-Length=72 Date="Mon, 01 Jun 2026 20:07:29 GMT" Server=pve-api-daemon/3.0 tf_http_res_body="{\"data\":null,\"message\":\"Permission check failed (/vms/115, VM.Audit)\n\"}" @caller=/home/runner/go/pkg/mod/github.com/hashicorp/terraform-plugin-sdk/v2@v2.40.1/helper/logging/logging_http_transport.go:162 Content-Type=application/json;charset=UTF-8 Pragma=no-cache tf_http_res_version=HTTP/1.1 tf_mux_provider=tf5to6server.v5tov6Server tf_resource_type=proxmox_virtual_environment_vm tf_rpc=ApplyResourceChange Expires="Mon, 01 Jun 2026 20:07:29 GMT" tf_http_res_status_code=403 tf_req_id=eef2f2d8-605e-7de7-db76-a92c64e24632 timestamp="2026-06-01T22:07:29.356+0200"
2026-06-01T22:07:30.358+0200 [DEBUG] provider.terraform-provider-proxmox_v0.108.0: Sending HTTP Request: Host=10.4.10.10:8006 User-Agent=Go-http-client/1.1 tf_http_trans_id=64da7bf4-94bb-717e-25a2-09c843e03609 tf_resource_type=proxmox_virtual_environment_vm @caller=/home/runner/go/pkg/mod/github.com/hashicorp/terraform-plugin-sdk/v2@v2.40.1/helper/logging/logging_http_transport.go:162 Accept=application/json tf_http_req_uri=/api2/json/nodes/s12/qemu/115/status/current tf_mux_provider=tf5to6server.v5tov6Server tf_rpc=ApplyResourceChange @module=proxmox Authorization="PVEAPIToken=terraform@pve!terraform-token=2df6cbb0-ee6b-4e44-9b47-38e10d58bb3b" tf_http_op_type=request tf_provider_addr=registry.terraform.io/bpg/proxmox tf_req_id=eef2f2d8-605e-7de7-db76-a92c64e24632 tf_http_req_body="" tf_http_req_method=GET tf_http_req_version=HTTP/1.1 Accept-Encoding=gzip timestamp="2026-06-01T22:07:30.357+0200"
2026-06-01T22:07:30.366+0200 [DEBUG] provider.terraform-provider-proxmox_v0.108.0: Received HTTP Response: @caller=/home/runner/go/pkg/mod/github.com/hashicorp/terraform-plugin-sdk/v2@v2.40.1/helper/logging/logging_http_transport.go:162 Expires="Mon, 01 Jun 2026 20:07:30 GMT" tf_http_res_body="{\"data\":null,\"message\":\"Permission check failed (/vms/115, VM.Audit)\n\"}" tf_http_res_status_code=403 tf_http_res_status_reason="403 Permission check failed (/vms/115, VM.Audit)" tf_mux_provider=tf5to6server.v5tov6Server @module=proxmox Cache-Control=max-age=0 Content-Length=72 tf_http_trans_id=64da7bf4-94bb-717e-25a2-09c843e03609 tf_resource_type=proxmox_virtual_environment_vm tf_rpc=ApplyResourceChange Content-Type=application/json;charset=UTF-8 Date="Mon, 01 Jun 2026 20:07:30 GMT" Pragma=no-cache tf_http_op_type=response tf_provider_addr=registry.terraform.io/bpg/proxmox Server=pve-api-daemon/3.0 tf_http_res_version=HTTP/1.1 tf_req_id=eef2f2d8-605e-7de7-db76-a92c64e24632 timestamp="2026-06-01T22:07:30.365+0200"
2026-06-01T22:07:31.366+0200 [DEBUG] provider.terraform-provider-proxmox_v0.108.0: Sending HTTP Request: tf_resource_type=proxmox_virtual_environment_vm @module=proxmox Accept=application/json Authorization="PVEAPIToken=terraform@pve!terraform-token=2df6cbb0-ee6b-4e44-9b47-38e10d58bb3b" Host=10.4.10.10:8006 tf_provider_addr=registry.terraform.io/bpg/proxmox tf_req_id=eef2f2d8-605e-7de7-db76-a92c64e24632 Accept-Encoding=gzip User-Agent=Go-http-client/1.1 tf_http_req_body="" tf_http_req_uri=/api2/json/nodes/s12/qemu/115/status/current tf_http_trans_id=35edd4f5-7bcf-8c91-868b-b09901c7e7ea tf_rpc=ApplyResourceChange tf_http_op_type=request tf_http_req_version=HTTP/1.1 @caller=/home/runner/go/pkg/mod/github.com/hashicorp/terraform-plugin-sdk/v2@v2.40.1/helper/logging/logging_http_transport.go:162 tf_http_req_method=GET tf_mux_provider=tf5to6server.v5tov6Server timestamp="2026-06-01T22:07:31.366+0200"
2026-06-01T22:07:31.374+0200 [DEBUG] provider.terraform-provider-proxmox_v0.108.0: Received HTTP Response: Date="Mon, 01 Jun 2026 20:07:31 GMT" Expires="Mon, 01 Jun 2026 20:07:31 GMT" tf_http_res_body="{\"message\":\"Permission check failed (/vms/115, VM.Audit)\n\",\"data\":null}" tf_http_res_status_code=403 tf_http_res_status_reason="403 Permission check failed (/vms/115, VM.Audit)" tf_mux_provider=tf5to6server.v5tov6Server @module=proxmox tf_http_op_type=response tf_req_id=eef2f2d8-605e-7de7-db76-a92c64e24632 tf_resource_type=proxmox_virtual_environment_vm Cache-Control=max-age=0 Content-Length=72 Content-Type=application/json;charset=UTF-8 tf_http_res_version=HTTP/1.1 tf_provider_addr=registry.terraform.io/bpg/proxmox Pragma=no-cache Server=pve-api-daemon/3.0 tf_http_trans_id=35edd4f5-7bcf-8c91-868b-b09901c7e7ea tf_rpc=ApplyResourceChange @caller=/home/runner/go/pkg/mod/github.com/hashicorp/terraform-plugin-sdk/v2@v2.40.1/helper/logging/logging_http_transport.go:162 timestamp="2026-06-01T22:07:31.374+0200"
2026-06-01T22:07:32.375+0200 [DEBUG] provider.terraform-provider-proxmox_v0.108.0: Sending HTTP Request: tf_http_req_uri=/api2/json/nodes/s12/qemu/115/status/current tf_mux_provider=tf5to6server.v5tov6Server Authorization="PVEAPIToken=terraform@pve!terraform-token=2df6cbb0-ee6b-4e44-9b47-38e10d58bb3b" tf_http_op_type=request tf_http_req_body="" tf_rpc=ApplyResourceChange User-Agent=Go-http-client/1.1 tf_req_id=eef2f2d8-605e-7de7-db76-a92c64e24632 @caller=/home/runner/go/pkg/mod/github.com/hashicorp/terraform-plugin-sdk/v2@v2.40.1/helper/logging/logging_http_transport.go:162 @module=proxmox tf_http_req_method=GET tf_http_req_version=HTTP/1.1 tf_http_trans_id=cb84c67c-ce8b-b045-34a7-5a258154ed53 tf_provider_addr=registry.terraform.io/bpg/proxmox tf_resource_type=proxmox_virtual_environment_vm Accept=application/json Accept-Encoding=gzip Host=10.4.10.10:8006 timestamp="2026-06-01T22:07:32.375+0200"
2026-06-01T22:07:32.382+0200 [DEBUG] provider.terraform-provider-proxmox_v0.108.0: Received HTTP Response: tf_rpc=ApplyResourceChange Content-Type=application/json;charset=UTF-8 Server=pve-api-daemon/3.0 tf_http_res_version=HTTP/1.1 tf_provider_addr=registry.terraform.io/bpg/proxmox @module=proxmox Date="Mon, 01 Jun 2026 20:07:32 GMT" Expires="Mon, 01 Jun 2026 20:07:32 GMT" tf_http_op_type=response tf_http_res_body="{\"message\":\"Permission check failed (/vms/115, VM.Audit)\n\",\"data\":null}" tf_http_res_status_reason="403 Permission check failed (/vms/115, VM.Audit)" tf_resource_type=proxmox_virtual_environment_vm @caller=/home/runner/go/pkg/mod/github.com/hashicorp/terraform-plugin-sdk/v2@v2.40.1/helper/logging/logging_http_transport.go:162 Content-Length=72 tf_req_id=eef2f2d8-605e-7de7-db76-a92c64e24632 Cache-Control=max-age=0 Pragma=no-cache tf_http_res_status_code=403 tf_http_trans_id=cb84c67c-ce8b-b045-34a7-5a258154ed53 tf_mux_provider=tf5to6server.v5tov6Server timestamp="2026-06-01T22:07:32.382+0200"
2026-06-01T22:07:33.383+0200 [DEBUG] provider.terraform-provider-proxmox_v0.108.0: Sending HTTP Request: tf_rpc=ApplyResourceChange User-Agent=Go-http-client/1.1 tf_http_trans_id=93dc5a06-ba7b-f04c-7448-da1af7f4dc1d tf_http_req_method=GET tf_http_req_uri=/api2/json/nodes/s12/qemu/115/status/current @module=proxmox Accept=application/json Accept-Encoding=gzip tf_mux_provider=tf5to6server.v5tov6Server tf_provider_addr=registry.terraform.io/bpg/proxmox @caller=/home/runner/go/pkg/mod/github.com/hashicorp/terraform-plugin-sdk/v2@v2.40.1/helper/logging/logging_http_transport.go:162 tf_req_id=eef2f2d8-605e-7de7-db76-a92c64e24632 tf_resource_type=proxmox_virtual_environment_vm tf_http_req_body="" Authorization="PVEAPIToken=terraform@pve!terraform-token=2df6cbb0-ee6b-4e44-9b47-38e10d58bb3b" Host=10.4.10.10:8006 tf_http_op_type=request tf_http_req_version=HTTP/1.1 timestamp="2026-06-01T22:07:33.383+0200"
2026-06-01T22:07:33.391+0200 [DEBUG] provider.terraform-provider-proxmox_v0.108.0: Received HTTP Response: Content-Type=application/json;charset=UTF-8 tf_http_op_type=response tf_http_res_status_reason="403 Permission check failed (/vms/115, VM.Audit)" tf_provider_addr=registry.terraform.io/bpg/proxmox @module=proxmox Expires="Mon, 01 Jun 2026 20:07:33 GMT" tf_http_res_body="{\"data\":null,\"message\":\"Permission check failed (/vms/115, VM.Audit)\n\"}" tf_http_res_status_code=403 tf_mux_provider=tf5to6server.v5tov6Server tf_req_id=eef2f2d8-605e-7de7-db76-a92c64e24632 @caller=/home/runner/go/pkg/mod/github.com/hashicorp/terraform-plugin-sdk/v2@v2.40.1/helper/logging/logging_http_transport.go:162 Date="Mon, 01 Jun 2026 20:07:33 GMT" tf_http_trans_id=93dc5a06-ba7b-f04c-7448-da1af7f4dc1d Cache-Control=max-age=0 Content-Length=72 Pragma=no-cache Server=pve-api-daemon/3.0 tf_http_res_version=HTTP/1.1 tf_resource_type=proxmox_virtual_environment_vm tf_rpc=ApplyResourceChange timestamp="2026-06-01T22:07:33.391+0200"
2026-06-01T22:07:34.392+0200 [DEBUG] provider.terraform-provider-proxmox_v0.108.0: Sending HTTP Request: tf_http_req_method=GET tf_http_trans_id=47f9fd3a-8341-cbb3-5be7-559bb30aacc1 tf_req_id=eef2f2d8-605e-7de7-db76-a92c64e24632 tf_rpc=ApplyResourceChange Accept=application/json Host=10.4.10.10:8006 User-Agent=Go-http-client/1.1 tf_mux_provider=tf5to6server.v5tov6Server tf_resource_type=proxmox_virtual_environment_vm tf_http_op_type=request tf_http_req_version=HTTP/1.1 tf_provider_addr=registry.terraform.io/bpg/proxmox @caller=/home/runner/go/pkg/mod/github.com/hashicorp/terraform-plugin-sdk/v2@v2.40.1/helper/logging/logging_http_transport.go:162 @module=proxmox Accept-Encoding=gzip Authorization="PVEAPIToken=terraform@pve!terraform-token=2df6cbb0-ee6b-4e44-9b47-38e10d58bb3b" tf_http_req_body="" tf_http_req_uri=/api2/json/nodes/s12/qemu/115/status/current timestamp="2026-06-01T22:07:34.391+0200"
2026-06-01T22:07:34.399+0200 [DEBUG] provider.terraform-provider-proxmox_v0.108.0: Received HTTP Response: Expires="Mon, 01 Jun 2026 20:07:34 GMT" tf_http_res_status_reason="403 Permission check failed (/vms/115, VM.Audit)" tf_http_trans_id=47f9fd3a-8341-cbb3-5be7-559bb30aacc1 @module=proxmox Date="Mon, 01 Jun 2026 20:07:34 GMT" tf_http_res_status_code=403 tf_mux_provider=tf5to6server.v5tov6Server tf_req_id=eef2f2d8-605e-7de7-db76-a92c64e24632 @caller=/home/runner/go/pkg/mod/github.com/hashicorp/terraform-plugin-sdk/v2@v2.40.1/helper/logging/logging_http_transport.go:162 Content-Length=72 Content-Type=application/json;charset=UTF-8 Pragma=no-cache tf_http_op_type=response tf_http_res_version=HTTP/1.1 tf_resource_type=proxmox_virtual_environment_vm Cache-Control=max-age=0 Server=pve-api-daemon/3.0 tf_http_res_body="{\"message\":\"Permission check failed (/vms/115, VM.Audit)\n\",\"data\":null}" tf_provider_addr=registry.terraform.io/bpg/proxmox tf_rpc=ApplyResourceChange timestamp="2026-06-01T22:07:34.399+0200"
2026-06-01T22:07:35.400+0200 [DEBUG] provider.terraform-provider-proxmox_v0.108.0: Sending HTTP Request: tf_mux_provider=tf5to6server.v5tov6Server tf_resource_type=proxmox_virtual_environment_vm tf_rpc=ApplyResourceChange @caller=/home/runner/go/pkg/mod/github.com/hashicorp/terraform-plugin-sdk/v2@v2.40.1/helper/logging/logging_http_transport.go:162 Accept-Encoding=gzip Authorization="PVEAPIToken=terraform@pve!terraform-token=2df6cbb0-ee6b-4e44-9b47-38e10d58bb3b" tf_http_op_type=request tf_http_req_body="" @module=proxmox Accept=application/json tf_http_req_uri=/api2/json/nodes/s12/qemu/115/status/current tf_http_trans_id=811ab95f-b677-382f-2c93-c27a60c92da2 tf_http_req_method=GET Host=10.4.10.10:8006 User-Agent=Go-http-client/1.1 tf_provider_addr=registry.terraform.io/bpg/proxmox tf_req_id=eef2f2d8-605e-7de7-db76-a92c64e24632 tf_http_req_version=HTTP/1.1 timestamp="2026-06-01T22:07:35.399+0200"
2026-06-01T22:07:35.407+0200 [DEBUG] provider.terraform-provider-proxmox_v0.108.0: Received HTTP Response: @module=proxmox Content-Type=application/json;charset=UTF-8 Expires="Mon, 01 Jun 2026 20:07:35 GMT" Server=pve-api-daemon/3.0 tf_http_res_version=HTTP/1.1 tf_rpc=ApplyResourceChange Content-Length=72 Date="Mon, 01 Jun 2026 20:07:35 GMT" tf_http_res_status_code=403 tf_http_res_body="{\"message\":\"Permission check failed (/vms/115, VM.Audit)\n\",\"data\":null}" tf_http_res_status_reason="403 Permission check failed (/vms/115, VM.Audit)" tf_http_trans_id=811ab95f-b677-382f-2c93-c27a60c92da2 tf_mux_provider=tf5to6server.v5tov6Server tf_provider_addr=registry.terraform.io/bpg/proxmox tf_req_id=eef2f2d8-605e-7de7-db76-a92c64e24632 tf_resource_type=proxmox_virtual_environment_vm @caller=/home/runner/go/pkg/mod/github.com/hashicorp/terraform-plugin-sdk/v2@v2.40.1/helper/logging/logging_http_transport.go:162 Cache-Control=max-age=0 Pragma=no-cache tf_http_op_type=response timestamp="2026-06-01T22:07:35.407+0200"
2026-06-01T22:07:36.407+0200 [DEBUG] provider.terraform-provider-proxmox_v0.108.0: Sending HTTP Request: tf_provider_addr=registry.terraform.io/bpg/proxmox tf_rpc=ApplyResourceChange @caller=/home/runner/go/pkg/mod/github.com/hashicorp/terraform-plugin-sdk/v2@v2.40.1/helper/logging/logging_http_transport.go:162 Authorization="PVEAPIToken=terraform@pve!terraform-token=2df6cbb0-ee6b-4e44-9b47-38e10d58bb3b" tf_http_req_uri=/api2/json/nodes/s12/qemu/115/status/current tf_resource_type=proxmox_virtual_environment_vm tf_http_op_type=request tf_http_req_body="" tf_http_req_method=GET tf_mux_provider=tf5to6server.v5tov6Server tf_req_id=eef2f2d8-605e-7de7-db76-a92c64e24632 @module=proxmox Accept=application/json Accept-Encoding=gzip Host=10.4.10.10:8006 tf_http_req_version=HTTP/1.1 User-Agent=Go-http-client/1.1 tf_http_trans_id=91ff8458-346e-96b2-1b6c-a7302523df27 timestamp="2026-06-01T22:07:36.407+0200"
2026-06-01T22:07:36.414+0200 [DEBUG] provider.terraform-provider-proxmox_v0.108.0: Received HTTP Response: @module=proxmox Cache-Control=max-age=0 Date="Mon, 01 Jun 2026 20:07:36 GMT" tf_http_op_type=response tf_http_res_body="{\"message\":\"Permission check failed (/vms/115, VM.Audit)\n\",\"data\":null}" tf_http_trans_id=91ff8458-346e-96b2-1b6c-a7302523df27 @caller=/home/runner/go/pkg/mod/github.com/hashicorp/terraform-plugin-sdk/v2@v2.40.1/helper/logging/logging_http_transport.go:162 Expires="Mon, 01 Jun 2026 20:07:36 GMT" tf_http_res_status_code=403 tf_http_res_status_reason="403 Permission check failed (/vms/115, VM.Audit)" tf_mux_provider=tf5to6server.v5tov6Server tf_provider_addr=registry.terraform.io/bpg/proxmox tf_req_id=eef2f2d8-605e-7de7-db76-a92c64e24632 tf_rpc=ApplyResourceChange Content-Type=application/json;charset=UTF-8 Server=pve-api-daemon/3.0 tf_http_res_version=HTTP/1.1 tf_resource_type=proxmox_virtual_environment_vm Content-Length=72 Pragma=no-cache timestamp="2026-06-01T22:07:36.414+0200"
2026-06-01T22:07:37.415+0200 [DEBUG] provider.terraform-provider-proxmox_v0.108.0: Sending HTTP Request: tf_mux_provider=tf5to6server.v5tov6Server tf_provider_addr=registry.terraform.io/bpg/proxmox tf_resource_type=proxmox_virtual_environment_vm Host=10.4.10.10:8006 tf_http_op_type=request tf_http_req_version=HTTP/1.1 @module=proxmox Accept=application/json Accept-Encoding=gzip Authorization="PVEAPIToken=terraform@pve!terraform-token=2df6cbb0-ee6b-4e44-9b47-38e10d58bb3b" tf_http_req_method=GET tf_http_req_body="" tf_req_id=eef2f2d8-605e-7de7-db76-a92c64e24632 tf_rpc=ApplyResourceChange @caller=/home/runner/go/pkg/mod/github.com/hashicorp/terraform-plugin-sdk/v2@v2.40.1/helper/logging/logging_http_transport.go:162 User-Agent=Go-http-client/1.1 tf_http_req_uri=/api2/json/nodes/s12/qemu/115/status/current tf_http_trans_id=8dab6bc7-c76c-2ce6-200f-5ad7ac86613f timestamp="2026-06-01T22:07:37.415+0200"
2026-06-01T22:07:37.421+0200 [DEBUG] provider.terraform-provider-proxmox_v0.108.0: Received HTTP Response: tf_http_res_status_code=403 tf_http_res_version=HTTP/1.1 @module=proxmox Server=pve-api-daemon/3.0 tf_http_res_status_reason="403 Permission check failed (/vms/115, VM.Audit)" tf_req_id=eef2f2d8-605e-7de7-db76-a92c64e24632 tf_resource_type=proxmox_virtual_environment_vm tf_http_op_type=response @caller=/home/runner/go/pkg/mod/github.com/hashicorp/terraform-plugin-sdk/v2@v2.40.1/helper/logging/logging_http_transport.go:162 Cache-Control=max-age=0 Content-Length=72 tf_http_trans_id=8dab6bc7-c76c-2ce6-200f-5ad7ac86613f tf_provider_addr=registry.terraform.io/bpg/proxmox tf_rpc=ApplyResourceChange tf_mux_provider=tf5to6server.v5tov6Server tf_http_res_body="{\"message\":\"Permission check failed (/vms/115, VM.Audit)\n\",\"data\":null}" Content-Type=application/json;charset=UTF-8 Date="Mon, 01 Jun 2026 20:07:37 GMT" Expires="Mon, 01 Jun 2026 20:07:37 GMT" Pragma=no-cache timestamp="2026-06-01T22:07:37.421+0200"
2026-06-01T22:07:37.553+0200 [WARN]  terraform: Stop called, initiating interrupt sequence
2026-06-01T22:07:37.553+0200 [WARN]  terraform: run context exists, stopping
2026-06-01T22:07:37.553+0200 [INFO]  terraform: waiting for graceful stop to complete
2026-06-01T22:07:38.085+0200 [WARN]  running operation was forcefully canceled
2026-06-01T22:07:38.087+0200 [DEBUG] provider.stdio: received EOF, stopping recv loop: err="rpc error: code = Unavailable desc = error reading from server: EOF"
2026-06-01T22:07:38.087+0200 [ERROR] plugin6.(*GRPCProvider).ApplyResourceChange: error="rpc error: code = Unavailable desc = error reading from server: EOF"
2026-06-01T22:07:38.089+0200 [INFO]  provider: plugin process exited: plugin=.terraform/providers/registry.terraform.io/bpg/proxmox/0.108.0/linux_amd64/terraform-provider-proxmox_v0.108.0 id=50482
2026-06-01T22:07:38.089+0200 [DEBUG] provider: plugin exited
